"ид_канала_данных","тип_инж_системы","тип_датчика","тег_инженерной_системы","название_датчика","ид_объект"
120578,Охранная подсистема,КД АВ,"15-11.1.131.2.",КД АВ ПК28,20
120504,Пожарная охрана,Тепловой датчик,"15-11.1.104.2.",ТД ПК86-85,20
120298,Температурная подсистема,Датчик температуры,"15-11.1.4.1.","Темп. ВШ ПК88,5",20
120577,Пожарная охрана,Тепловой датчик,"15-11.1.131.1.",ТД ПК29,20
120494,Температурная подсистема,Датчик температуры,"15-11.1.99.255.",Темп. ПК87,20
120297,Охранная подсистема,Датчик движения,"15-11.1.4.2.","ОД ВШ ПК88,5",20
120493,Охранная подсистема,КД Дверь,"15-11.1.99.2.",КД дв.отс. ПК87,20
120285,Диспетчерский контроль,Состояние охраны,"15-11.1.4096.4095.",[Охранная зона]0: 0: Гагаринский тоннель,20
120580,Пожарная охрана,Тепловой датчик,"15-11.1.132.1.",ТД ПК29-30,20
120492,Пожарная охрана,Тепловой датчик,"15-11.1.99.1.",ТД ПК87,20
120584,Температурная подсистема,Датчик температуры,"15-11.1.133.255.",Темп. ВШ ПК29,20
120583,Охранная подсистема,КД Дверь,"15-11.1.133.2.",КД дв.отс. ПК29,20
120582,Пожарная охрана,Тепловой датчик,"15-11.1.133.1.",ТД ПК29-28,20
120495,Пожарная охрана,Тепловой датчик,"15-11.1.100.1.",ТД ПК87 в/к1,20
120616,Температурная подсистема,Датчик температуры,"15-11.1.145.255.",Темп. ПК3,20
120615,Пожарная охрана,Тепловой датчик,"15-11.1.145.1.",ТД ПК3-4,20
120497,Охранная подсистема,КД АВ,"15-11.1.101.1.",КД АВ ПК87,20
120309,Охранная подсистема,Датчик движения,"15-11.1.10.2.","ОД АВ ПК90,5 Гал. эт.1 ПК4",20
120572,Температурная подсистема,Датчик температуры,"15-11.1.129.255.",Темп. ПК31,20
120368,Температурная подсистема,Датчик температуры,"15-11.1.39.1.",Темп. ВШ ПК47,20
120571,Пожарная охрана,Тепловой датчик,"15-11.1.129.1.",ТД кам. ПК31,20
120501,Пожарная охрана,Тепловой датчик,"15-11.1.103.1.",ТД ПК87 в/к2,20
120367,Охранная подсистема,Датчик движения,"15-11.1.39.2.",ОД ВШ ПК47,20
120305,Охранная подсистема,Датчик движения,"15-11.1.8.2.","ОД ПК90,5 Гал. эт.2",20
120570,Температурная подсистема,Датчик температуры,"15-11.1.128.255.",Темп. ПК36,20
120500,Температурная подсистема,Датчик температуры,"15-11.1.102.255.",Темп. ПК87 в/к2,20
120366,Температурная подсистема,Датчик температуры,"15-11.1.38.1.","Темп. ПК47,5",20
120312,Температурная подсистема,Датчик температуры,"15-11.1.11.1.",Темп. ПК91,20
120499,Охранная подсистема,КД Дверь,"15-11.1.102.1.",КД дв. в/к1 ПК87,20
120569,Пожарная охрана,Тепловой датчик,"15-11.1.128.2.",ТД ПК34-32,20
120365,Охранная подсистема,Датчик движения,"15-11.1.38.2.","ОД ПК47,5",20
120311,Охранная подсистема,Датчик движения,"15-11.1.11.2.",ОД ПК91,20
120568,Пожарная охрана,Тепловой датчик,"15-11.1.128.1.",ТД ПК36-34,20
120608,Температурная подсистема,Датчик температуры,"15-11.1.142.255.",Темп. ПК9,20
120567,Температурная подсистема,Датчик температуры,"15-11.1.127.255.",Темп. ПК39,20
120565,Пожарная охрана,Тепловой датчик,"15-11.1.127.1.",ТД ПК39-38,20
120607,Пожарная охрана,Тепловой датчик,"15-11.1.142.2.",ТД ПК9-8,20
120566,Пожарная охрана,Тепловой датчик,"15-11.1.127.2.",ТД кам. ПК39,20
120606,Пожарная охрана,Тепловой датчик,"15-11.1.142.1.",ТД ПК9-10,20
120564,Температурная подсистема,Датчик температуры,"15-11.1.126.255.",Темп. ПК40,20
120491,Температурная подсистема,Датчик температуры,"15-11.1.98.255.",Темп. ПК90,20
120362,Температурная подсистема,Датчик температуры,"15-11.1.36.1.",Темп. ВШ ПК49,20
120563,Пожарная охрана,Тепловой датчик,"15-11.1.126.2.",ТД ПК40-39,20
120490,Пожарная охрана,Тепловой датчик,"15-11.1.98.1.","ТД ПК90,5",20
120361,Охранная подсистема,Датчик движения,"15-11.1.36.2.",ОД ВШ ПК49,20
120562,Пожарная охрана,Тепловой датчик,"15-11.1.126.1.",ТД ПК40-41,20
120674,Пожарная охрана,Состояние УИР-Р,"15-11.1.167.4095.",УИР-Р ПК106,20
120561,Температурная подсистема,Датчик температуры,"15-11.1.125.255.",Темп. ПК44,20
120480,Пожарная охрана,Тепловой датчик,"15-11.1.94.1.",ТД ПК90 Гал.ПК0 эт.1,20
120676,Пожарная охрана,Состояние УИР-Р,"15-11.1.169.4095.",УИР-Р ПК99,20
120560,Пожарная охрана,Тепловой датчик,"15-11.1.125.2.",ТД ПК43-44,20
120408,Температурная подсистема,Датчик температуры,"15-11.1.59.1.","Темп. люк ПК5,5",20
120675,Пожарная охрана,Состояние УИР-Р,"15-11.1.168.4095.",УИР-Р ПК100,20
120559,Пожарная охрана,Тепловой датчик,"15-11.1.125.1.",ТД ПК44-45,20
120483,Охранная подсистема,КД Дверь,"15-11.1.95.2.",КД дв.отс. ПК90 Гал.ПК0,20
120407,Охранная подсистема,Датчик движения,"15-11.1.59.2.","ОД люк ПК5,5",20
120678,Пожарная охрана,Состояние УИР-Р,"15-11.1.171.4095.",УИР-Р ПК91,20
120554,Температурная подсистема,Датчик температуры,"15-11.1.123.255.",Темп. ПК48,20
120482,Пожарная охрана,Тепловой датчик,"15-11.1.95.1.",ТД ПК90 Гал.ПК0 эт.1,20
120360,Температурная подсистема,Датчик температуры,"15-11.1.35.1.",Темп. ПК50,20
120677,Пожарная охрана,Состояние УИР-Р,"15-11.1.170.4095.","УИР-Р ПК94,5",20
120553,Пожарная охрана,Тепловой датчик,"15-11.1.123.1.",ТД кам. ПК48,20
120359,Охранная подсистема,Датчик движения,"15-11.1.35.2.",ОД ПК50,20
120680,Пожарная охрана,Состояние УИР-Р,"15-11.1.173.4095.",УИР-Р ПК90 Гал.ПК4,20
120558,Температурная подсистема,Датчик температуры,"15-11.1.124.255.",Темп. ПК48 ,20
120488,Охранная подсистема,КД АВ,"15-11.1.97.2.",КД АВ ПК90 Гал.ПК4,20
120681,Пожарная охрана,Состояние УИР-Р,"15-11.1.174.4095.",УИР-Р ПК88,20
120556,Охранная подсистема,КД Дверь,"15-11.1.124.2.",КД дв.отс. ПК48,20
120487,Пожарная охрана,Тепловой датчик,"15-11.1.97.1.",ТД ПК90 Гал.ПК1 эт.1,20
120682,Пожарная охрана,Состояние УИР-Р,"15-11.1.175.4095.",УИР-Р в/к ПК87,20
120557,Охранная подсистема,КД Дверь,"15-11.1.124.3.",КД дв.отс. ПК48,20
120679,Пожарная охрана,Состояние УИР-Р,"15-11.1.172.4095.",УИР-Р ПК90 Гал.ПК0,20
120555,Пожарная охрана,Тепловой датчик,"15-11.1.124.1.",ТД ПК48 ,20
120485,Пожарная охрана,Тепловой датчик,"15-11.1.96.1.",ТД ПК90 Гал.ПК0 эт.1,20
120552,Температурная подсистема,Датчик температуры,"15-11.1.122.255.",Темп. в/к ПК49,20
120479,Температурная подсистема,Датчик температуры,"15-11.1.93.255.",Темп. ПК92,20
120356,Температурная подсистема,Датчик температуры,"15-11.1.33.1.",Темп. щит. ПК58 ,20
120684,Пожарная охрана,Состояние УИР-Р,"15-11.1.177.4095.",УИР-Р ПК82,20
120478,Пожарная охрана,Тепловой датчик,"15-11.1.93.1.",ТД ПК92,20
120355,Охранная подсистема,Датчик движения,"15-11.1.33.2.",ОД щит. ПК58,20
120551,Охранная подсистема,КД Дверь,"15-11.1.122.1.",КД дв. в/к ПК49,20
120685,Пожарная охрана,Состояние УИР-Р,"15-11.1.178.4095.",УИР-Р ПК78,20
120503,Пожарная охрана,Тепловой датчик,"15-11.1.104.1.",ТД ПК86,20
210587,Охранная подсистема,Датчик движения,"15-11.1.208.2.",ОД ВШ ПК98,20
210589,Охранная подсистема,Датчик движения,"15-11.1.209.2.",ОД ВШ ПК99,20
120550,Температурная подсистема,Датчик температуры,"15-11.1.121.255.",Темп. в/к ПК49,20
120477,Температурная подсистема,Датчик температуры,"15-11.1.92.255.",Темп. ПК94,20
120686,Пожарная охрана,Состояние УИР-Р,"15-11.1.179.4095.",УИР-Р АВ ПК77,20
120549,Пожарная охрана,Тепловой датчик,"15-11.1.121.1.",ТД в/к ПК49,20
120476,Пожарная охрана,Тепловой датчик,"15-11.1.92.1.",ТД ПК94-93,20
120687,Пожарная охрана,Состояние УИР-Р,"15-11.1.180.4095.",УИР-Р ПК72,20
120614,Температурная подсистема,Датчик температуры,"15-11.1.144.255.",Темп. ПК5,20
120475,Температурная подсистема,Датчик температуры,"15-11.1.91.255.","Темп. ПК94,5",20
120688,Пожарная охрана,Состояние УИР-Р,"15-11.1.181.4095.",УИР-Р ПК69,20
120613,Пожарная охрана,Тепловой датчик,"15-11.1.144.1.",ТД ПК5-4,20
120474,Пожарная охрана,Тепловой датчик,"15-11.1.91.1.","ТД ПК94,5",20
120689,Пожарная охрана,Состояние УИР-Р,"15-11.1.182.4095.",УИР-Р ПК62,20
120548,Температурная подсистема,Датчик температуры,"15-11.1.120.255.",Темп. ПК52,20
120473,Температурная подсистема,Датчик температуры,"15-11.1.90.255.",Темп. ПК97,20
120690,Пожарная охрана,Состояние УИР-Р,"15-11.1.183.4095.",УИР-Р ПК58,20
120546,Пожарная охрана,Тепловой датчик,"15-11.1.120.1.",ТД ПК51-52,20
120472,Пожарная охрана,Тепловой датчик,"15-11.1.90.1.",ТД ПК97-96,20
120691,Пожарная охрана,Состояние УИР-Р,"15-11.1.184.4095.",УИР-Р щит. ПК58,20
120547,Пожарная охрана,Тепловой датчик,"15-11.1.120.2.",ТД ПК52-53,20
120471,Температурная подсистема,Датчик температуры,"15-11.1.89.255.",Темп. ПК99,20
120348,Температурная подсистема,Датчик температуры,"15-11.1.29.1.",Темп. ВШ ПК62,20
120542,Температурная подсистема,Датчик температуры,"15-11.1.118.255.",Темп. ПК55,20
120470,Охранная подсистема,КД Дверь,"15-11.1.89.2.",КД дв.отс. ПК99,20
120347,Охранная подсистема,Датчик движения,"15-11.1.29.2.",ОД ВШ ПК62,20
120692,Пожарная охрана,Состояние УИР-Р,"15-11.1.185.4095.",УИР-Р ПК54,20
120540,Пожарная охрана,Тепловой датчик,"15-11.1.118.1.",ТД ПК55-54,20
120469,Пожарная охрана,Тепловой датчик,"15-11.1.89.1.",ТД ПК98-99,20
120346,Температурная подсистема,Датчик температуры,"15-11.1.28.1.",Темп. АВ ПК63,20
120693,Пожарная охрана,Состояние УИР-Р,"15-11.1.186.4095.",УИР-Р ПК49,20
120541,Пожарная охрана,Тепловой датчик,"15-11.1.118.2.",ТД ПК55-56,20
120414,Температурная подсистема,Датчик температуры,"15-11.1.62.1.",Темп. ВШ ПК0,20
120345,Охранная подсистема,Датчик движения,"15-11.1.28.2.",ОД АВ ПК63,20
120694,Пожарная охрана,Состояние УИР-Р,"15-11.1.187.4095.",УИР-Р ПК47,20
120545,Температурная подсистема,Датчик температуры,"15-11.1.119.255.",Темп. щит. ПК58,20
120413,Охранная подсистема,Датчик движения,"15-11.1.62.2.",ОД ВШ ПК0,20
120695,Пожарная охрана,Состояние УИР-Р,"15-11.1.188.4095.",УИР-Р ПК39,20
120544,Охранная подсистема,КД АВ,"15-11.1.119.1.",КД назем ЭЩ ПК58,20
120696,Пожарная охрана,Состояние УИР-Р,"15-11.1.189.4095.",УИР-Р ПК33,20
120966,Охранная подсистема,КД АВ,"15-11.1.115.3.",КД АВ ПК63,20
120543,Пожарная охрана,Датчик дыма,"15-11.1.119.7.",ДД щит. ПК58,20
120620,Температурная подсистема,Датчик температуры,"15-11.1.147.255.",Темп. ПК0,20
120697,Пожарная охрана,Состояние УИР-Р,"15-11.1.190.4095.",УИР-Р ПК30,20
120619,Пожарная охрана,Тепловой датчик,"15-11.1.147.1.",ТД ПК0,20
120612,Температурная подсистема,Датчик температуры,"15-11.1.143.255.",Темп. ПК6,20
120698,Пожарная охрана,Состояние УИР-Р,"15-11.1.191.4095.",УИР-Р ПК29,20
120468,Температурная подсистема,Датчик температуры,"15-11.1.88.255.",Темп. ПК100,20
120467,Пожарная охрана,Тепловой датчик,"15-11.1.88.1.","ТД ПК100-99,5",20
120609,Пожарная охрана,Тепловой датчик,"15-11.1.143.1.",ТД кам. ПК6,20
120699,Пожарная охрана,Состояние УИР-Р,"15-11.1.192.4095.",УИР-Р ПК26,20
120463,Охранная подсистема,КД Дверь,"15-11.1.86.2.",КД дв.отс. ПК103,20
120610,Пожарная охрана,Тепловой датчик,"15-11.1.143.2.",ТД кам. ПК6,20
120700,Пожарная охрана,Состояние УИР-Р,"15-11.1.193.4095.",УИР-Р ПК23,20
120464,Температурная подсистема,Датчик температуры,"15-11.1.86.255.",Темп. ПК103,20
120539,Температурная подсистема,Датчик температуры,"15-11.1.117.255.",Темп. ПК60,20
120338,Температурная подсистема,Датчик температуры,"15-11.1.24.1.",Темп. ПК76,20
120701,Пожарная охрана,Состояние УИР-Р,"15-11.1.194.4095.",УИР-Р ПК17,20
120462,Пожарная охрана,Тепловой датчик,"15-11.1.86.1.",ТД ПК103-104,20
120537,Пожарная охрана,Тепловой датчик,"15-11.1.117.1.",ТД ПК59-60,20
120291,Охранная подсистема,Датчик движения,"15-11.1.1.2.",ОД АВ ПК105,20
120466,Температурная подсистема,Датчик температуры,"15-11.1.87.255.","Темп. ПК103,5",20
120538,Пожарная охрана,Тепловой датчик,"15-11.1.117.2.",ТД ПК60-61,20
120290,Температурная подсистема,Датчик температуры,"15-11.1.4095.1.",Темп. ПК106,20
120337,Охранная подсистема,Датчик движения,"15-11.1.24.2.",ОД ПК76,20
120702,Пожарная охрана,Состояние УИР-Р,"15-11.1.195.4095.",УИР-Р в/к ПК12,20
120465,Пожарная охрана,Тепловой датчик,"15-11.1.87.1.","ТД ПК102-103,5",20
120535,Температурная подсистема,Датчик температуры,"15-11.1.115.255.",Темп. ПК63,20
120289,Охранная подсистема,Датчик движения,"15-11.1.4095.2.",ОД ПК106,20
120336,Температурная подсистема,Датчик температуры,"15-11.1.23.1.",Темп. АВ ПК77,20
120703,Пожарная охрана,Состояние УИР-Р,"15-11.1.196.4095.",УИР-Р ПК12,20
120460,Охранная подсистема,КД АВ,"15-11.1.85.1.",КД АВ ПК105,20
120534,Охранная подсистема,КД Дверь,"15-11.1.115.2.",КД отс.дв. ПК63,20
120335,Охранная подсистема,Датчик движения,"15-11.1.23.2.",ОД АВ ПК77,20
120704,Пожарная охрана,Состояние УИР-Р,"15-11.1.197.4095.",УИР-Р ПК9,20
120533,Пожарная охрана,Тепловой датчик,"15-11.1.115.1.",ТД кам. ПК63,20
120705,Пожарная охрана,Состояние УИР-Р,"15-11.1.198.4095.",УИР-Р ПК6,20
120459,Температурная подсистема,Датчик температуры,"15-11.1.84.255.",Темп. ПК106,20
120706,Пожарная охрана,Состояние УИР-Р,"15-11.1.199.4095.",УИР-Р ПК3,20
120458,Охранная подсистема,КД Дверь,"15-11.1.84.2.",КД дв. ПК106 ,20
120532,Температурная подсистема,Датчик температуры,"15-11.1.114.255.",Темп. ПК67,20
120457,Пожарная охрана,Тепловой датчик,"15-11.1.84.1.",ТД ПК106,20
120531,Пожарная охрана,Тепловой датчик,"15-11.1.114.2.",ТД ПК66-67,20
120332,Температурная подсистема,Датчик температуры,"15-11.1.21.1.",Темп. ВШ ПК78,20
120683,Пожарная охрана,Состояние УИР-Р,"15-11.1.176.4095.",УИР-Р ПК87,20
120605,Температурная подсистема,Датчик температуры,"15-11.1.141.255.",Темп. ПК11,20
120530,Пожарная охрана,Тепловой датчик,"15-11.1.114.1.",ТД ПК67,20
120396,Температурная подсистема,Датчик температуры,"15-11.1.53.1.",Темп. ПК13,20
120331,Охранная подсистема,Датчик движения,"15-11.1.21.2.",ОД ВШ ПК78,20
120604,Пожарная охрана,Тепловой датчик,"15-11.1.141.1.",ТД ПК11-10,20
120529,Температурная подсистема,Датчик температуры,"15-11.1.113.255.",Темп. ПК71,20
120395,Охранная подсистема,Датчик движения,"15-11.1.53.2.",ОД ПК13,20
120595,Пожарная охрана,Датчик дыма,"15-11.1.138.7.",ДД ВШ ПК12,20
120527,Пожарная охрана,Тепловой датчик,"15-11.1.113.1.",ТД ПК71,20
120398,Температурная подсистема,Датчик температуры,"15-11.1.54.1.",Темп. ВШ ПК13,20
120599,Температурная подсистема,Датчик температуры,"15-11.1.138.255.",Темп. ПК12,20
120528,Пожарная охрана,Тепловой датчик,"15-11.1.113.2.",ТД ПК70-71,20
120397,Охранная подсистема,Датчик движения,"15-11.1.54.2.",ОД ВШ ПК13,20
120597,Охранная подсистема,КД Дверь,"15-11.1.138.2.",КД дв. в/к ПК12,20
120526,Температурная подсистема,Датчик температуры,"15-11.1.112.255.",Темп. ПК74,20
120598,Охранная подсистема,КД Дверь,"15-11.1.138.3.",КД дв.отс. ПК12,20
120525,Пожарная охрана,Тепловой датчик,"15-11.1.112.2.",ТД ПК74-73,20
120596,Пожарная охрана,Тепловой датчик,"15-11.1.138.1.",ТД кам. ПК12,20
120524,Пожарная охрана,Тепловой датчик,"15-11.1.112.1.",ТД ПК74,20
120600,Пожарная охрана,Тепловой датчик,"15-11.1.139.1.",ТД в/к ПК12,20
120520,Температурная подсистема,Датчик температуры,"15-11.1.110.255.","ТЕМП АВ ПК76,5",20
120326,Температурная подсистема,Датчик температуры,"15-11.1.18.1.","Темп. люк ПК82,5",20
120519,Охранная подсистема,КД АВ,"15-11.1.110.1.",КД АВ ПК77,20
120325,Охранная подсистема,Датчик движения,"15-11.1.18.2.","ОД люк ПК82,5",20
120602,Охранная подсистема,КД АВ,"15-11.1.140.1.",КД АВ ПК11,20
120523,Температурная подсистема,Датчик температуры,"15-11.1.111.255.",Темп. ПК77,20
120594,Температурная подсистема,Датчик температуры,"15-11.1.137.255.",Темп. ПК14,20
120522,Охранная подсистема,КД Дверь,"15-11.1.111.2.",КД дв.отс. ПК77,20
120593,Пожарная охрана,Тепловой датчик,"15-11.1.137.2.",ТД ПК14-13,20
120521,Пожарная охрана,Тепловой датчик,"15-11.1.111.1.",ТД ПК77-76,20
120592,Пожарная охрана,Тепловой датчик,"15-11.1.137.1.",ТД ПК14-15,20
120518,Температурная подсистема,Датчик температуры,"15-11.1.109.255.",Темп. ВШ ПК78,20
120591,Температурная подсистема,Датчик температуры,"15-11.1.136.255.",Темп. ПК19,20
120517,Охранная подсистема,КД Дверь,"15-11.1.109.2.",КД дв.отс. ПК78,20
120386,Температурная подсистема,Датчик температуры,"15-11.1.48.1.","Темп. ПК28,5",20
120318,Температурная подсистема,Датчик температуры,"15-11.1.14.1.","Темп. ВШ ПК86,5",20
120590,Пожарная охрана,Тепловой датчик,"15-11.1.136.2.",ТД ПК19-18,20
120516,Пожарная охрана,Тепловой датчик,"15-11.1.109.1.",ТД ВШ ПК78,20
120385,Охранная подсистема,Датчик движения,"15-11.1.48.2.","ОД ПК28,5",20
120317,Охранная подсистема,Датчик движения,"15-11.1.14.2.","ОД ВШ ПК86,5",20
120589,Пожарная охрана,Тепловой датчик,"15-11.1.136.1.",ТД ПК19-20,20
120515,Температурная подсистема,Датчик температуры,"15-11.1.108.255.",Темп. ПК79,20
120618,Температурная подсистема,Датчик температуры,"15-11.1.146.255.",Темп. ПК2,20
120514,Пожарная охрана,Тепловой датчик,"15-11.1.108.1.",ТД ПК79,20
120383,Охранная подсистема,Датчик движения,"15-11.1.47.2.","ОД АВ ПК28,5",20
120315,Охранная подсистема,Датчик движения,"15-11.1.13.2.",ОД АВ ПК87,20
120617,Пожарная охрана,Тепловой датчик,"15-11.1.146.1.",ТД кам. ПК2,20
120512,Пожарная охрана,Датчик дыма,"15-11.1.107.7.",ДД ВШ ПК79,20
120588,Температурная подсистема,Датчик температуры,"15-11.1.135.255.",Темп. ПК20,20
120513,Температурная подсистема,Датчик температуры,"15-11.1.107.255.",Темп. ПК79,20
120381,Охранная подсистема,Датчик движения,"15-11.1.46.2.",ОД ПК29,20
120587,Пожарная охрана,Тепловой датчик,"15-11.1.135.1.",ТД ПК20-19,20
120511,Температурная подсистема,Датчик температуры,"15-11.1.106.255.",Темп. ПК82,20
120586,Температурная подсистема,Датчик температуры,"15-11.1.134.255.",Темп. ПК20,20
120509,Пожарная охрана,Тепловой датчик,"15-11.1.106.1.",ТД ПК81-82,20
120300,Температурная подсистема,Датчик температуры,"15-11.1.5.1.",Темп. ВШ ПК88,20
120585,Пожарная охрана,Тепловой датчик,"15-11.1.134.1.",ТД ПК23-22,20
120510,Пожарная охрана,Тепловой датчик,"15-11.1.106.2.",ТД ПК82-83,20
120576,Температурная подсистема,Датчик температуры,"15-11.1.130.255.",Темп. ПК29,20
120508,Температурная подсистема,Датчик температуры,"15-11.1.105.255.",Темп. ПК83,20
120380,Температурная подсистема,Датчик температуры,"15-11.1.45.1.",Темп. ВШ ПК30,20
120573,Пожарная охрана,Датчик дыма,"15-11.1.130.7.",ДД ВШ ПК29,20
120507,Охранная подсистема,КД Люк,"15-11.1.105.2.",КД люк ПК83,20
120379,Охранная подсистема,Датчик движения,"15-11.1.45.2.",ОД ВШ ПК30,20
120575,Охранная подсистема,КД Дверь,"15-11.1.130.2.",КД дв.отс. ПК29,20
120506,Пожарная охрана,Тепловой датчик,"15-11.1.105.1.",ТД кам. ПК83,20
120574,Пожарная охрана,Тепловой датчик,"15-11.1.130.1.",ТД ПК29-30,20
120505,Температурная подсистема,Датчик температуры,"15-11.1.104.255.",Темп. ПК86,20
120299,Охранная подсистема,Датчик движения,"15-11.1.5.2.",ОД ВШ ПК88,20
155051,Охранная подсистема,КД АВ,"15-11.1.124.4.",КД АВ ПК47,20
120399,Охранная подсистема,Датчик движения,"15-11.1.55.2.","ОД ПК11,8",20
216265,Охранная подсистема,КД Дверь,"15-11.1.102.2.",КД дв. ВК ПК87,20
226811,Охранная подсистема,Датчик движения,"15-11.1.214.2.",ОД ПК44,20
226813,Охранная подсистема,Датчик движения,"15-11.1.215.2.",ОД ПК36,20
226815,Охранная подсистема,Датчик движения,"15-11.1.216.2.",ОД ПК20,20
226809,Охранная подсистема,Датчик движения,"15-11.1.213.2.",ОД ПК61,20
2943,Температурная подсистема,Датчик температуры,"16-1.1.39.1.",Темп. ПК366,28
2942,Охранная подсистема,Датчик движения,"16-1.1.39.2.",ОД ПК366,28
3117,Пожарная охрана,Состояние УИР-Р,"16-1.1.129.1.",УИР-Р ПК321,28
3116,Пожарная охрана,Состояние УИР-Р,"16-1.1.128.1.",УИР-Р ПК350,28
2946,Охранная подсистема,Датчик движения,"16-1.1.41.2.",ОД ВШ ПК339,28
2961,Температурная подсистема,Датчик температуры,"16-1.1.48.1.",Темп. ПК296,28
2960,Охранная подсистема,Датчик движения,"16-1.1.48.2.",ОД ПК296,28
2962,Охранная подсистема,Датчик движения,"16-1.1.49.2.",ОД ПК282,28
3051,Охранная подсистема,КД АВ,"16-1.1.89.1.",КД АВ ПК296 ,28
3120,Пожарная охрана,Состояние УИР-Р,"16-1.1.132.1.",УИР-Р ПК296,28
3057,Охранная подсистема,КД Дверь,"16-1.1.93.3.",КД отс.дверь ПК254,28
2902,Охранная подсистема,Датчик движения,"16-1.1.19.2.",ОД ПК389,28
2907,Температурная подсистема,Датчик температуры,"16-1.1.21.1.",Темп. ПК377 cопряж. с Ломонос.,28
3012,Охранная подсистема,КД Дверь,"16-1.1.74.2.",КД дверь к-р Ломонос. ПК377,28
2906,Охранная подсистема,Датчик движения,"16-1.1.21.2.",ОД ПК377 cопряж. с Ломонос.,28
2945,Температурная подсистема,Датчик температуры,"16-1.1.40.1.",Темп. ПК349,28
2964,Охранная подсистема,Датчик движения,"16-1.1.50.2.",ОД ПК274,28
2947,Температурная подсистема,Датчик температуры,"16-1.1.41.1.",Темп. ПК339,28
3048,Охранная подсистема,КД Дверь,"16-1.1.88.1.",КД дверь АНС ПК300,28
2944,Охранная подсистема,Датчик движения,"16-1.1.40.2.",ОД АВ ПК349,28
3039,Охранная подсистема,КД АВ,"16-1.1.83.1.",КД АВ ПК349,28
3045,Охранная подсистема,КД Дверь,"16-1.1.86.2.",КД дверь2 ВК ПК312,28
3041,Охранная подсистема,КД Дверь,"16-1.1.85.1.",КД дверь щитовая ПК321,28
2892,Охранная подсистема,Датчик движения,"16-1.1.14.2.",ОД ПК414,28
3109,Пожарная охрана,Состояние УИР-Р,"16-1.1.121.1.",УИР-Р ПК451,28
2869,Температурная подсистема,Датчик температуры,"16-1.1.2.1.",Темп. ПК498,28
2875,Температурная подсистема,Датчик температуры,"16-1.1.5.1.",Темп. ПК483,28
3108,Пожарная охрана,Состояние УИР-Р,"16-1.1.120.1.",УИР-Р ПК484,28
2995,Охранная подсистема,КД АВ,"16-1.1.65.2.",КД дверь к-р Крупский ПК484,28
2871,Температурная подсистема,Датчик температуры,"16-1.1.3.1.",Темп. ПК484,28
2999,Охранная подсистема,КД Дверь,"16-1.1.67.3.",КД дверь ВК ПК457,28
2996,Охранная подсистема,КД Люк,"16-1.1.66.1.",КД люк ПК469,28
2877,Температурная подсистема,Датчик температуры,"16-1.1.6.1.",Темп. ПК469,28
2997,Охранная подсистема,КД Дверь,"16-1.1.67.1.",КД отс.дверь ПК457,28
2880,Охранная подсистема,Датчик движения,"16-1.1.8.2.",ОД АВ ПК451,28
2881,Температурная подсистема,Датчик температуры,"16-1.1.8.1.",Темп. ПК451,28
2899,Температурная подсистема,Датчик температуры,"16-1.1.17.1.",Темп. ПК399 Г0ПК5,28
166955,Охранная подсистема,Датчик движения,"16-1.1.156.2.",ОД решетка ТС. ПК217,28
3006,Охранная подсистема,КД Дверь,"16-1.1.71.1.",КД отс.дверь ПК410,28
2884,Охранная подсистема,Датчик движения,"16-1.1.10.2.",ОД ПК451 Гал ПК12,28
3110,Пожарная охрана,Состояние УИР-Р,"16-1.1.122.1.",УИР-Р ПК451 гал ПК12,28
3003,Охранная подсистема,КД АВ,"16-1.1.69.2.",КД АВ ПК451 гал ПК12,28
3112,Пожарная охрана,Состояние УИР-Р,"16-1.1.124.1.",УИР-Р ПК410,28
3007,Охранная подсистема,КД Дверь,"16-1.1.71.2.",КД дверь ВК ПК410,28
3053,Охранная подсистема,КД АВ,"16-1.1.91.1.",КД АВ ПК274,28
2957,Температурная подсистема,Датчик температуры,"16-1.1.46.1.",Темп. ПК300,28
9366,Температурная подсистема,Датчик температуры,"16-1.1.98.255.",Темп. ПК169,28
9363,Температурная подсистема,Датчик температуры,"16-1.1.95.255.",Темп. ПК192,28
9365,Температурная подсистема,Датчик температуры,"16-1.1.97.255.",Темп. ПК177,28
9361,Температурная подсистема,Датчик температуры,"16-1.1.93.255.",Темп. ПК254,28
9359,Температурная подсистема,Датчик температуры,"16-1.1.91.255.",Темп. ПК274,28
9357,Температурная подсистема,Датчик температуры,"16-1.1.89.255.",Темп. ПК296,28
9351,Температурная подсистема,Датчик температуры,"16-1.1.83.255.",Темп. ПК349,28
9340,Температурная подсистема,Датчик температуры,"16-1.1.72.255.",Темп. ПК399,28
9336,Температурная подсистема,Датчик температуры,"16-1.1.68.255.",Темп. ПК451,28
9337,Температурная подсистема,Датчик температуры,"16-1.1.69.255.",Темп. ПК451 гал ПК12,28
9335,Температурная подсистема,Датчик температуры,"16-1.1.67.255.",Темп. ПК457,28
9333,Температурная подсистема,Датчик температуры,"16-1.1.65.255.",Темп. ПК484,28
9334,Температурная подсистема,Датчик температуры,"16-1.1.66.255.",Темп. ПК469,28
9338,Температурная подсистема,Датчик температуры,"16-1.1.70.255.",Темп. ПК424,28
2876,Охранная подсистема,Датчик движения,"16-1.1.6.2.",ОД ПК469,28
3115,Пожарная охрана,Состояние УИР-Р,"16-1.1.127.1.",УИР-Р ПК366,28
3118,Пожарная охрана,Состояние УИР-Р,"16-1.1.130.1.",УИР-Р ПК312,28
2977,Температурная подсистема,Датчик температуры,"16-1.1.56.1.",Темп. ПК227,28
3068,Охранная подсистема,КД АВ,"16-1.1.98.1.",КД ДВЕРЬ сопряж к-р Вавиловский ПК169,28
3114,Пожарная охрана,Состояние УИР-Р,"16-1.1.126.1.",УИР-Р ПК378,28
2904,Охранная подсистема,Датчик движения,"16-1.1.20.2.",ОД АВ ПК378,28
3042,Охранная подсистема,КД АВ,"16-1.1.85.2.",КД АВ ПК321,28
171369,Охранная подсистема,Датчик движения,"16-1.1.159.2.",ОД люк ПК228,28
9330,Диспетчерский контроль,Состояние охраны,"16-1.1.4096.6.",Охранная зона Ленинский 83,28
171367,Охранная подсистема,Датчик движения,"16-1.1.158.2.",ОД ВШ ПК254,28
171368,Температурная подсистема,Датчик температуры,"16-1.1.158.1.",Темп. ВШ ПК254,28
3044,Охранная подсистема,КД Дверь,"16-1.1.86.1.",КД дверь1 ВК ПК312,28
3046,Охранная подсистема,КД Дверь,"16-1.1.86.3.",КД отс.дверь ПК312,28
2952,Охранная подсистема,Датчик движения,"16-1.1.44.2.",ОД ПК312,28
3037,Охранная подсистема,КД АВ,"16-1.1.82.3.",КД АВ ПК366,28
3035,Охранная подсистема,КД Дверь,"16-1.1.82.1.",КД дверь1 ВК ПК366,28
3036,Охранная подсистема,КД Дверь,"16-1.1.82.2.",КД дверь2 ВК ПК366,28
3038,Охранная подсистема,КД Дверь,"16-1.1.82.4.",КД отс.дверь ПК366,28
2956,Охранная подсистема,Датчик движения,"16-1.1.46.2.",ОД АВ ПК300,28
3050,Охранная подсистема,КД АВ,"16-1.1.88.3.",КД АНС АВ ПК300,28
3119,Пожарная охрана,Состояние УИР-Р,"16-1.1.131.1.",УИР-Р ПК300,28
2965,Температурная подсистема,Датчик температуры,"16-1.1.50.1.",Темп. ПК274,28
3121,Пожарная охрана,Состояние УИР-Р,"16-1.1.133.1.",УИР-Р ПК275,28
3056,Охранная подсистема,КД Дверь,"16-1.1.93.2.",КД дверь щитовая ПК254,28
3058,Охранная подсистема,КД АВ,"16-1.1.93.4.",КД АВ ПК254,28
3059,Охранная подсистема,КД Дверь,"16-1.1.93.5.",КД дверь ВК ПК254,28
3122,Пожарная охрана,Состояние УИР-Р,"16-1.1.134.1.",УИР-Р ПК254,28
3123,Пожарная охрана,Состояние УИР-Р,"16-1.1.135.1.",УИР-Р ПК217,28
2979,Температурная подсистема,Датчик температуры,"16-1.1.57.1.",Темп. ПК223,28
2978,Охранная подсистема,Датчик движения,"16-1.1.57.2.",ОД ПК223,28
2985,Температурная подсистема,Датчик температуры,"16-1.1.60.1.",Темп. ПК186,28
2976,Охранная подсистема,Датчик движения,"16-1.1.56.2.",ОД ПК227,28
3062,Охранная подсистема,КД Дверь,"16-1.1.95.1.",КД отс.дверь ПК192,28
3063,Охранная подсистема,КД Дверь,"16-1.1.95.2.",КД дверь1 ВК ПК192,28
3064,Охранная подсистема,КД АВ,"16-1.1.95.3.",КД АВ ПК192,28
2982,Охранная подсистема,Датчик движения,"16-1.1.59.2.",ОД ПК192,28
3124,Пожарная охрана,Состояние УИР-Р,"16-1.1.136.1.",УИР-Р ПК192,28
2984,Охранная подсистема,Датчик движения,"16-1.1.60.2.",ОД ПК186,28
3067,Охранная подсистема,КД АВ,"16-1.1.97.1.",КД АВ ПК177,28
2988,Охранная подсистема,Датчик движения,"16-1.1.62.2.",ОД ПК177,28
2989,Температурная подсистема,Датчик температуры,"16-1.1.62.1.",Темп. ПК177,28
3125,Пожарная охрана,Состояние УИР-Р,"16-1.1.137.1.",УИР-Р ПК177,28
2868,Охранная подсистема,Датчик движения,"16-1.1.2.2.",ОД ВШ ПК498,28
2870,Охранная подсистема,Датчик движения,"16-1.1.3.2.",ОД АВ ПК484,28
2874,Охранная подсистема,Датчик движения,"16-1.1.5.2.",ОД ВШ ПК483,28
2994,Охранная подсистема,КД АВ,"16-1.1.65.1.",КД АВ ПК484,28
2887,Температурная подсистема,Датчик температуры,"16-1.1.11.1.",Темп. ПК428,28
2879,Температурная подсистема,Датчик температуры,"16-1.1.7.1.",Темп. ПК457,28
2878,Охранная подсистема,Датчик движения,"16-1.1.7.2.",ОД ВШ ПК457,28
2886,Охранная подсистема,Датчик движения,"16-1.1.11.2.",ОД ВШ ПК428,28
3111,Пожарная охрана,Состояние УИР-Р,"16-1.1.123.1.",УИР-Р ПК424,28
3009,Охранная подсистема,КД АВ,"16-1.1.72.2.",КД АВ  ПК399,28
3113,Пожарная охрана,Состояние УИР-Р,"16-1.1.125.1.",УИР-Р ПК399,28
2898,Охранная подсистема,Датчик движения,"16-1.1.17.2.",ОД ПК399 Г0ПК3,28
3011,Охранная подсистема,КД АВ,"16-1.1.74.1.",КД АВ ПК378,28
2896,Охранная подсистема,Датчик движения,"16-1.1.16.2.",ОД ПК410 ВШ,28
2888,Охранная подсистема,Датчик движения,"16-1.1.12.2.",ОД АВ ПК424 Г1ПК3 ,28
3002,Охранная подсистема,КД Дверь,"16-1.1.69.1.",КД дверь ДП ПК451 гал ПК12,28
2885,Температурная подсистема,Датчик температуры,"16-1.1.10.1.",Темп. ПК451 гал ПК12,28
3000,Охранная подсистема,КД АВ,"16-1.1.68.1.",КД АВ ПК451,28
3001,Охранная подсистема,КД Дверь,"16-1.1.68.2.",КД дверь щитовая ПК451,28
224475,Охранная подсистема,КД АВ,"16-1.1.86.4.",КД АВ ПК 312,28
228182,Охранная подсистема,Датчик движения,"16-1.1.163.2.",ОД АВ ПК321,28
228180,Охранная подсистема,Датчик движения,"16-1.1.162.2.",ОД ПК366,28
228178,Охранная подсистема,Датчик движения,"16-1.1.161.2.",ОД АВ ПК399,28
256139,Охранная подсистема,КД АВ,"16-1.1.72.3.",КД АВ ПК399 Г0ПК5,28
256168,Охранная подсистема,КД АВ,"16-1.1.70.4.",КД АВ ПК424 Г1ПК3 ,28
256171,Пожарная охрана,Состояние УИР-Р,"16-1.1.171.1.",УИР-Р ПК424 Г1ПК3 АВ,28
256170,Пожарная охрана,Состояние УИР-Р,"16-1.1.170.1.",УИР-Р ПК399 Гал ПК4 АВ,28
2992,Охранная подсистема,КД Дверь,"16-1.1.63.3.",КД дверь к-р ЦДТ ПК506,28
2866,Охранная подсистема,Датчик движения,"16-1.1.1.2.",ОД  ПК506,28
3107,Пожарная охрана,Состояние УИР-Р,"16-1.1.119.1.",УИР-Р ПК506,28
313013,Охранная подсистема,КД Дверь,"16-1.1.172.1.",КД отс.дв. ПК223,28
277881,Охранная подсистема,Датчик движения,"884-1.1.255.6.",ОД щит ПК730,42
277870,Охранная подсистема,КД Дверь,"884-1.1.252.5.","КД шкаф АКМ, ДУ щит. ПК730",42
277868,Охранная подсистема,КД Дверь,"884-1.1.252.2.",КД шкаф ОПС ПК730 щит.,42
277879,Охранная подсистема,Датчик движения,"884-1.1.255.4.",ОД ВШ ПК730,42
279900,Охранная подсистема,КД Дверь,"884-1.1.253.4.",КД дверь щит. ПК730,42
50733,Температурная подсистема,Датчик температуры,"163-1.1.43.1.",Темп. ПК790,42
267934,Диспетчерский контроль,Состояние охраны,"884-g1.",ОС ЦДТ,42
266604,Охранная подсистема,КД АВ,"884-1.1.201.1.",КД АВ ПК507,42
266609,Охранная подсистема,КД АВ,"884-1.1.201.6.",МРСБ АВ ПК507,42
266608,Охранная подсистема,КД Дверь,"884-1.1.201.5.",КД дверь сопр. ПК507 с Гариб.,42
266611,Охранная подсистема,КД Дверь,"884-1.1.201.8.",МРСБ дверь сопр. ПК507 с Гариб.,42
266607,Охранная подсистема,КД Дверь,"884-1.1.201.4.",КД дверь сопр. ПК507 с Лен. 83,42
266610,Охранная подсистема,КД Дверь,"884-1.1.201.7.",МРСБ дверь сопр. ПК507 с Лен. 83,42
266605,Охранная подсистема,Датчик движения,"884-1.1.201.2.",ОД АВ ПК507,42
266606,Температурная подсистема,Датчик температуры,"884-1.1.201.3.",ТЕМП ПК507,42
266625,Охранная подсистема,КД Дверь,"884-1.1.202.7.",КД дверь ВК ПК511,42
266622,Охранная подсистема,КД Дверь,"884-1.1.202.4.",КД дверь ВК ПК511+5,42
266626,Охранная подсистема,КД Дверь,"884-1.1.202.8.",КД отс. дверь ПК511,42
266620,Охранная подсистема,Датчик движения,"884-1.1.202.2.",ОД ВШ ПК511,42
266623,Охранная подсистема,Датчик движения,"884-1.1.202.5.",ОД ВШ ПК511+5,42
266621,Температурная подсистема,Датчик температуры,"884-1.1.202.3.",ТЕМП ПК511,42
266624,Температурная подсистема,Датчик температуры,"884-1.1.202.6.",ТЕМП ПК511+5,42
266635,Охранная подсистема,КД АВ,"884-1.1.204.1.",КД АВ ПК521 Г6 ПК0,42
266639,Охранная подсистема,КД АВ,"884-1.1.204.5.",МРСБ АВ ПК521 Г6 ПК0,42
266636,Охранная подсистема,Датчик движения,"884-1.1.204.2.",ОД АВ ПК521 Г6 ПК0,42
266638,Охранная подсистема,Датчик движения,"884-1.1.204.4.",ОД развилка ПК521,42
266637,Температурная подсистема,Датчик температуры,"884-1.1.204.3.",ТЕМП ПК521 Г6 ПК0,42
266650,Охранная подсистема,КД Дверь,"884-1.1.205.4.",КД отс. дверь ПК528,42
266648,Охранная подсистема,Датчик движения,"884-1.1.205.2.",ОД ВШ ПК528,42
266649,Температурная подсистема,Датчик температуры,"884-1.1.205.3.",ТЕМП ПК528,42
266659,Охранная подсистема,КД АВ,"884-1.1.206.1.",КД АВ ПК543,42
266665,Охранная подсистема,КД АВ,"884-1.1.206.7.",МРСБ АВ ПК543,42
266662,Охранная подсистема,КД Дверь,"884-1.1.206.4.",КД отс. дверь ПК543,42
266660,Охранная подсистема,Датчик движения,"884-1.1.206.2.",ОД АВ ПК543,42
266663,Охранная подсистема,Датчик движения,"884-1.1.206.5.",ОД ВШ ПК543,42
266661,Температурная подсистема,Датчик температуры,"884-1.1.206.3.",ТЕМП ПК543,42
266664,Температурная подсистема,Датчик температуры,"884-1.1.206.6.",ТЕМП ПК543+5,42
266674,Охранная подсистема,КД АВ,"884-1.1.207.1.",КД АВ ПК566,42
266690,Охранная подсистема,КД АВ,"884-1.1.213.1.",МРСБ АВ ПК566,42
266680,Охранная подсистема,КД Дверь,"884-1.1.207.7.",КД дверь ВК ПК566,42
266677,Охранная подсистема,КД Дверь,"884-1.1.207.4.",КД дверь ВК ПК566+5,42
266681,Охранная подсистема,КД Дверь,"884-1.1.207.8.",КД отс. дверь ПК566,42
266675,Охранная подсистема,Датчик движения,"884-1.1.207.2.",ОД АВ ПК566,42
266678,Охранная подсистема,Датчик движения,"884-1.1.207.5.",ОД ВШ ПК566+5,42
266676,Температурная подсистема,Датчик температуры,"884-1.1.207.3.",ТЕМП ПК566,42
266679,Температурная подсистема,Датчик температуры,"884-1.1.207.6.",ТЕМП ПК566+5,42
266705,Диспетчерский контроль,Датчик затопления,"884-1.1.208.8.",Затопление ПК583,42
266701,Охранная подсистема,КД Дверь,"884-1.1.208.4.",КД дверь щит. ПК583,42
266702,Охранная подсистема,Датчик движения,"884-1.1.208.5.",ОД ПК583 щит.,42
266704,Температурная подсистема,Датчик температуры,"884-1.1.208.7.",ТЕМП ПК583,42
266703,Температурная подсистема,Датчик температуры,"884-1.1.208.6.",ТЕМП ПК583 щит.,42
266716,Охранная подсистема,КД АВ,"884-1.1.209.1.",КД АВ ПК583,42
266721,Охранная подсистема,КД АВ,"884-1.1.209.6.",МРСБ АВ ПК583,42
266719,Охранная подсистема,КД Дверь,"884-1.1.209.4.",КД отс. дверь ПК583,42
266720,Охранная подсистема,КД Дверь,"884-1.1.209.5.",КД отс. дверь ПК583+2,42
266717,Охранная подсистема,Датчик движения,"884-1.1.209.2.",ОД АВ ПК583,42
266718,Температурная подсистема,Датчик температуры,"884-1.1.209.3.",ТЕМП ПК583,42
266730,Охранная подсистема,КД АВ,"884-1.1.211.1.",КД АВ ПК583 Г4 ПК0,42
266733,Охранная подсистема,КД АВ,"884-1.1.211.4.",МРСБ АВ ПК583 Г4 ПК0,42
266731,Охранная подсистема,Датчик движения,"884-1.1.211.2.",ОД АВ ПК583 Г4 ПК0,42
266732,Температурная подсистема,Датчик температуры,"884-1.1.211.3.",ТЕМП ПК583 Г4 ПК0,42
266742,Охранная подсистема,Датчик движения,"884-1.1.212.1.",ОД ВШ ПК583 Г5 ПК0,42
266743,Температурная подсистема,Датчик температуры,"884-1.1.212.2.",ТЕМП ПК583 Г5 ПК0,42
266752,Охранная подсистема,КД Дверь,"884-1.1.231.1.",КД дверь отс. ПК597,42
266753,Охранная подсистема,Датчик движения,"884-1.1.231.2.",ОД дверь отс. ПК597,42
266763,Охранная подсистема,Датчик движения,"884-1.1.232.1.",ОД ВШ ПК605,42
266764,Температурная подсистема,Датчик температуры,"884-1.1.232.2.",ТЕМП ПК605,42
266774,Охранная подсистема,Датчик движения,"884-1.1.233.2.",ОД АВ ПК620,42
266775,Температурная подсистема,Датчик температуры,"884-1.1.233.3.",ТЕМП ПК620,42
266790,Охранная подсистема,КД Дверь,"884-1.1.235.7.",КД дверь ВК ПК632,42
266787,Охранная подсистема,КД Дверь,"884-1.1.235.4.",КД дверь ПК632 щит.,42
266791,Охранная подсистема,Датчик движения,"884-1.1.235.8.",ОД ВШ ПК632,42
266788,Охранная подсистема,Датчик движения,"884-1.1.235.5.",ОД ПК632 щит.,42
266792,Температурная подсистема,Датчик температуры,"884-1.1.235.9.",ТЕМП ПК632,42
266789,Температурная подсистема,Датчик температуры,"884-1.1.235.6.",ТЕМП ПК632 щит.,42
266802,Охранная подсистема,КД АВ,"884-1.1.236.1.",КД АВ ПК632,42
266821,Охранная подсистема,КД АВ,"884-1.1.245.3.",МРСБ АВ ПК632,42
266805,Охранная подсистема,КД Дверь,"884-1.1.236.4.",КД дверь ВК ПК632+3,42
266810,Охранная подсистема,КД Дверь,"884-1.1.236.9.",КД дверь кам. ПК632 Г3 ПК13,42
266809,Охранная подсистема,КД Дверь,"884-1.1.236.8.",КД дверь отс. ПК632,42
266808,Охранная подсистема,КД Дверь,"884-1.1.236.7.",КД дверь отс. ПК632+3,42
266806,Охранная подсистема,Датчик движения,"884-1.1.236.5.",ОД ВШ ПК632+3,42
272690,Охранная подсистема,Датчик движения,"884-1.1.236.10.",ОД ПК632,42
266804,Температурная подсистема,Датчик температуры,"884-1.1.236.3.",ТЕМП ПК632 Г3 ПК13,42
266807,Температурная подсистема,Датчик температуры,"884-1.1.236.6.",ТЕМП ПК632+3,42
266839,Диспетчерский контроль,Датчик затопления,"884-1.1.237.6.",Затопление АНС ПК632 Г3 ПК1,42
266834,Охранная подсистема,КД АВ,"884-1.1.237.1.",КД АВ ПК632 Г3 ПК1,42
266849,Охранная подсистема,КД АВ,"884-1.1.246.2.",МРСБ АВ ПК632 Г3 ПК1,42
266838,Охранная подсистема,КД Дверь,"884-1.1.237.5.",КД дверь отс. ПК632 Г3 ПК1,42
266837,Охранная подсистема,КД Дверь,"884-1.1.237.4.",КД дверь отс. ПК632 Г3 ПК1+3,42
266835,Охранная подсистема,Датчик движения,"884-1.1.237.2.",ОД АВ ПК632 Г3 ПК1,42
266836,Температурная подсистема,Датчик температуры,"884-1.1.237.3.",ТЕМП ПК632 Г3 ПК1,42
266866,Охранная подсистема,КД АВ,"884-1.1.238.7.",КД АВ ПК655,42
266878,Охранная подсистема,КД АВ,"884-1.1.247.3.",МРСБ АВ ПК652,42
266865,Охранная подсистема,КД Дверь,"884-1.1.238.6.",КД дверь ВК ПК653,42
266862,Охранная подсистема,КД Дверь,"884-1.1.238.3.",КД дверь отс. ПК653,42
266860,Охранная подсистема,Датчик движения,"884-1.1.238.1.",ОД ВШ ПК653,42
266863,Охранная подсистема,Датчик движения,"884-1.1.238.4.",ОД АВ ПК652,42
266867,Охранная подсистема,Датчик движения,"884-1.1.238.8.",ОД ПК653+3,42
266861,Температурная подсистема,Датчик температуры,"884-1.1.238.2.",ТЕМП ПК653,42
266864,Температурная подсистема,Датчик температуры,"884-1.1.238.5.",ТЕМП ПК653+3,42
266887,Охранная подсистема,КД АВ,"884-1.1.240.1.",КД АВ ПК672,42
272688,Охранная подсистема,КД АВ,"884-1.1.240.3.",МРСБ АВ ПК672,42
266888,Охранная подсистема,Датчик движения,"884-1.1.240.2.",ОД ПК672,42
266906,Охранная подсистема,КД АВ,"884-1.1.241.1.",КД АВ ПК672 Г2 ПК0,42
266909,Охранная подсистема,КД АВ,"884-1.1.241.4.",МРСБ АВ ПК672 Г2 ПК0,42
266907,Охранная подсистема,Датчик движения,"884-1.1.241.2.",ОД АВ ПК672 Г2 ПК0,42
266908,Температурная подсистема,Датчик температуры,"884-1.1.241.3.",ТЕМП ПК672 Г2 ПК0,42
266921,Охранная подсистема,КД АВ,"884-1.1.242.4.",КД АВ ПК683,42
266934,Охранная подсистема,КД АВ,"884-1.1.249.1.",МРСБ АВ ПК683,42
266920,Охранная подсистема,КД Дверь,"884-1.1.242.3.",КД дверь ВК ПК683,42
266924,Охранная подсистема,КД Дверь,"884-1.1.242.7.",КД дверь ВШ ПК683,42
266925,Охранная подсистема,КД Дверь,"884-1.1.242.8.",КД дверь отс. ПК683,42
266922,Охранная подсистема,Датчик движения,"884-1.1.242.5.",ОД АВ ПК683 вш,42
266918,Охранная подсистема,Датчик движения,"884-1.1.242.1.",ОД ВШ ПК683 ав,42
266919,Температурная подсистема,Датчик температуры,"884-1.1.242.2.",ТЕМП ПК683 НСП,42
266923,Температурная подсистема,Датчик температуры,"884-1.1.242.6.",ТЕМП ПК683+3,42
266948,Охранная подсистема,КД Дверь,"884-1.1.244.3.",КД дверь отс. ПК708,42
266946,Охранная подсистема,Датчик движения,"884-1.1.244.1.",ОД ПК708,42
266947,Температурная подсистема,Датчик температуры,"884-1.1.244.2.",ТЕМП ПК708,42
277855,Охранная подсистема,Датчик движения,"884-1.1.250.3.",ОД ПК708,42
277863,Охранная подсистема,КД АВ,"884-1.1.251.5.",КД АВ ПК728,42
277861,Охранная подсистема,Датчик движения,"884-1.1.251.3.",ОД ПК728,42
277862,Диспетчерский контроль,Датчик затопления,"884-1.1.251.4.",Затопление ПК728,42
277890,Охранная подсистема,Датчик движения,"884-1.1.256.2.",ОД ПК736,42
277904,Охранная подсистема,Датчик движения,"884-1.1.259.4.",ОД АВ ПК745,42
277916,Температурная подсистема,Датчик температуры,"884-1.1.262.3.",ТЕМП ВК ПК774,42
277927,Температурная подсистема,Датчик температуры,"884-1.1.263.3.",ТЕМП ПК804,42
277926,Температурная подсистема,Датчик температуры,"884-1.1.263.2.",ТЕМП ПК805,42
277984,Диспетчерский контроль,Датчик затопления,"884-1.1.270.3.",Затопление ПК863Г1ПК7,42
277972,Охранная подсистема,КД Люк,"884-1.1.268.3.",КД люк ПК863,42
277971,Охранная подсистема,Датчик движения,"884-1.1.268.2.",ОД люк ПК863,42
277994,Охранная подсистема,КД АВ,"884-1.1.272.4.",КД АВ ПК863Г1ПК0,42
277993,Охранная подсистема,Датчик движения,"884-1.1.272.3.",ОД АВ ПК863Г1ПК0,42
277992,Температурная подсистема,Датчик температуры,"884-1.1.272.2.",ТЕМП ПК863Г1ПК0,42
277983,Температурная подсистема,Датчик температуры,"884-1.1.270.2.",ТЕМП ПК863Г1ПК7,42
277930,Охранная подсистема,КД АВ,"884-1.1.263.6.",КД АВ ПК804,42
277939,Охранная подсистема,КД Дверь,"884-1.1.264.6.",КД отс. дверь ПК827,42
277956,Охранная подсистема,Датчик движения,"884-1.1.266.5.",ОД люк ПК848+1,42
277955,Охранная подсистема,Датчик движения,"884-1.1.266.4.",ОД люк ПК848,42
277954,Температурная подсистема,Датчик температуры,"884-1.1.266.3.",ТЕМП ПК848,42
277953,Температурная подсистема,Датчик температуры,"884-1.1.266.2.",ТЕМП ПК848+1,42
277941,Охранная подсистема,КД АВ,"884-1.1.264.9.",КД АВ ПК827,42
277935,Температурная подсистема,Датчик температуры,"884-1.1.264.2.",ТЕМП ПК827+1,42
277936,Температурная подсистема,Датчик температуры,"884-1.1.264.3.",ТЕМП ПК827,42
277937,Охранная подсистема,Датчик движения,"884-1.1.264.4.",ОД АВ ПК827,42
277942,Охранная подсистема,КД Дверь,"884-1.1.264.10.",КД ВШ ПК827,42
277940,Охранная подсистема,КД Дверь,"884-1.1.264.7.",КД ВК ПК827,42
277938,Охранная подсистема,Датчик движения,"884-1.1.264.5.",ОД ВШ ПК827,42
277928,Охранная подсистема,Датчик движения,"884-1.1.263.4.",ОД АВ ПК804,42
277929,Охранная подсистема,Датчик движения,"884-1.1.263.5.",ОД ВШ ПК804,42
277915,Температурная подсистема,Датчик температуры,"884-1.1.262.2.",ТЕМП ПК774,42
277917,Охранная подсистема,Датчик движения,"884-1.1.262.4.",ОД АВ ПК774,42
277919,Охранная подсистема,КД Дверь,"884-1.1.262.7.",КД отс. дверь ПК774,42
277921,Охранная подсистема,КД Дверь,"884-1.1.262.9.",КД ВК ПК774,42
277918,Охранная подсистема,Датчик движения,"884-1.1.262.5.",ОД ВК ПК774,42
277910,Охранная подсистема,КД АВ,"884-1.1.260.4.",КД АВ ПК756,42
277909,Охранная подсистема,Датчик движения,"884-1.1.260.3.",ОД АВ ПК756,42
277908,Температурная подсистема,Датчик температуры,"884-1.1.260.2.",ТЕМП ПК756,42
277903,Температурная подсистема,Датчик температуры,"884-1.1.259.3.",ТЕМП ПК745,42
277902,Температурная подсистема,Датчик температуры,"884-1.1.259.2.",ТЕМП ПК745+1,42
277886,Охранная подсистема,КД Дверь,"884-1.1.255.11.",КД отс. дверь ПК730,42
277877,Температурная подсистема,Датчик температуры,"884-1.1.255.2.",ТЕМП щит. ПК730 ,42
277880,Охранная подсистема,Датчик движения,"884-1.1.255.5.",ОД АВ ПК730,42
277860,Температурная подсистема,Датчик температуры,"884-1.1.251.2.",ТЕМП ПК728,42
277878,Температурная подсистема,Датчик температуры,"884-1.1.255.3.",ТЕМП ПК730 ВК,42
277883,Охранная подсистема,КД Дверь,"884-1.1.255.8.",КД в пом. ПК730,42
277884,Охранная подсистема,КД Дверь,"884-1.1.255.9.",КД ВШ ПК730,42
277882,Охранная подсистема,КД Дверь,"884-1.1.255.7.",КД ВК ПК730,42
277864,Охранная подсистема,КД АВ,"884-1.1.251.6.",МРСБ АВ ПК728,42
277898,Охранная подсистема,КД АВ,"884-1.1.257.6.",КД АВ ПК745,42
277899,Охранная подсистема,КД АВ,"884-1.1.257.7.",МРСБ АВ ПК745,42
277896,Охранная подсистема,КД Люк,"884-1.1.257.4.",КД люк ПК745+1,42
277894,Охранная подсистема,КД Люк,"884-1.1.257.2.",МРСБ люк ПК745+1,42
277988,Охранная подсистема,КД Люк,"884-1.1.271.2.",КД люк ПК863 Г1ПК9,42
277989,Охранная подсистема,КД Люк,"884-1.1.271.3.",МРСБ люк ПК863Г1ПК9,42
277973,Охранная подсистема,КД Люк,"884-1.1.268.4.",МРСБ люк ПК863,42
277979,Охранная подсистема,КД АВ,"884-1.1.269.4.",МРСБ АВ ПК863,42
277978,Охранная подсистема,КД АВ,"884-1.1.269.3.",КД АВ ПК863,42
277977,Охранная подсистема,Датчик движения,"884-1.1.269.2.",ОД АВ ПК863,42
277960,Охранная подсистема,КД Люк,"884-1.1.267.2.",МРСБ люк ПК848,42
277961,Охранная подсистема,КД Люк,"884-1.1.267.3.",КД люк ПК848,42
277963,Охранная подсистема,КД Люк,"884-1.1.267.5.",МРСБ люк ПК848+1,42
277962,Охранная подсистема,КД Люк,"884-1.1.267.4.",КД люк ПК848+1,42
277964,Охранная подсистема,КД Дверь,"884-1.1.267.6.",КД дверь отс. ПК848,42
277968,Охранная подсистема,КД АВ,"884-1.1.267.10.",КД АВ ПК848+5,42
277966,Охранная подсистема,КД АВ,"884-1.1.267.8.",КД АВ ПК848,42
277995,Охранная подсистема,КД АВ,"884-1.1.272.5.",МРСБ АВ ПК863Г1ПК0,42
277931,Охранная подсистема,КД АВ,"884-1.1.263.7.",МРСБ АВ ПК804,42
277965,Охранная подсистема,КД АВ,"884-1.1.267.7.",МРСБ АВ ПК848+5,42
277967,Охранная подсистема,КД АВ,"884-1.1.267.9.",МРСБ АВ ПК848,42
277950,Охранная подсистема,КД АВ,"884-1.1.265.6.",МРСБ АВ ПК827,42
277946,Охранная подсистема,КД Люк,"884-1.1.265.2.",МРСБ люк ПК827+4,42
277948,Охранная подсистема,КД Люк,"884-1.1.265.4.",КД люк ПК827+4,42
277949,Охранная подсистема,КД Люк,"884-1.1.265.5.",МРСБ люк ПК827,42
277947,Охранная подсистема,КД Люк,"884-1.1.265.3.",КД люк ПК827,42
284182,Охранная подсистема,КД АВ,"884-1.1.262.6.",КД АВ ПК774,42
277922,Охранная подсистема,КД АВ,"884-1.1.262.10.",МРСБ АВ ПК774,42
277911,Охранная подсистема,КД АВ,"884-1.1.260.5.",МРСБ АВ ПК756,42
279899,Охранная подсистема,КД АВ,"884-1.1.253.3.",КД АВ ПК730,42
277874,Охранная подсистема,КД АВ,"884-1.1.253.2.",МРСБ АВ ПК730,42
3080,Охранная подсистема,КД Дверь,"16-1.1.103.2.",КД комната рабочих ДП,99
321855,Охранная подсистема,КД Дверь,"16-1.1.103.5.",КД подвал вход ДП,99
3087,Пожарная охрана,Ручной извещатель,"16-1.1.105.5.",ИПР вход ДП,99
3086,Охранная подсистема,КД Дверь,"16-1.1.105.2.",КД входная дверь ДП ,99
3085,Пожарная охрана,Датчик дыма,"16-1.1.105.7.",ДД вход ДП,99
3069,Пожарная охрана,Датчик дыма,"16-1.1.99.7.",ДД пультовая ДП,99
9367,Температурная подсистема,Датчик температуры,"16-1.1.99.255.",Темп. диспетчерская ДП,99
3071,Охранная подсистема,КД Дверь,"16-1.1.100.2.",КД окно пультовая ДП,99
3072,Охранная подсистема,Стекло,"16-1.1.100.3.",Стекло пультовая ДП,99
9368,Температурная подсистема,Датчик температуры,"16-1.1.100.255.",Темп. ДП,99
3073,Охранная подсистема,Датчик движения,"16-1.1.101.3.",ОД пультовая ДП,99
9369,Температурная подсистема,Датчик температуры,"16-1.1.101.255.",Темп. ДП,99
3074,Пожарная охрана,Датчик дыма,"16-1.1.102.7.",ДД комната отдыха ДП,99
3075,Охранная подсистема,КД Дверь,"16-1.1.102.2.",КД комната отдыха окна ДП,99
3076,Охранная подсистема,Стекло,"16-1.1.102.3.",Стекло комната отдыха ДП,99
3077,Охранная подсистема,Датчик движения,"16-1.1.102.4.",ОД комната отдыха ДП,99
9370,Температурная подсистема,Датчик температуры,"16-1.1.102.255.",Темп. комната отдыха ДП,99
3078,Пожарная охрана,Датчик дыма,"16-1.1.103.7.",ДД комната рабочих ДП,99
3082,Охранная подсистема,Датчик движения,"16-1.1.103.4.",ОД комната рабочих ДП,99
9371,Температурная подсистема,Датчик температуры,"16-1.1.103.255.",Темп. комната рабочих ДП,99
3084,Охранная подсистема,Датчик движения,"16-1.1.104.1.",ОД вход ДП,99
3083,Пожарная охрана,Датчик дыма,"16-1.1.104.7.",ДД коридор ДП,99
9372,Температурная подсистема,Датчик температуры,"16-1.1.104.255.",Темп. коридор ДП,99
3092,Охранная подсистема,Датчик движения,"16-1.1.107.1.",ОД подвал вход ДП,99
9375,Температурная подсистема,Датчик температуры,"16-1.1.107.255.",Темп. подвал вход ДП,99
3089,Охранная подсистема,КД Дверь,"16-1.1.106.1.",КД дверь в коллектор ,99
3091,Пожарная охрана,Ручной извещатель,"16-1.1.106.5.",ИПР вход в коллектор,99
3090,Охранная подсистема,Датчик движения,"16-1.1.106.2.",ОД вход в коллектор ,99
3088,Пожарная охрана,Датчик дыма,"16-1.1.106.7.",ДД вход в коллектор,99
9374,Температурная подсистема,Датчик температуры,"16-1.1.106.255.",Темп. подвал вход в коллектор,99
3100,Охранная подсистема,Датчик движения,"16-1.1.111.3.",ОД подвал мастерская ДП,99
9379,Температурная подсистема,Датчик температуры,"16-1.1.111.255.",Темп. подвал мастерская ДП,99
3099,Пожарная охрана,Датчик дыма,"16-1.1.110.7.",ДД подвал мастерская ДП,99
9378,Температурная подсистема,Датчик температуры,"16-1.1.110.255.",Темп. подвал мастерская ДП,99
3097,Охранная подсистема,КД Дверь,"16-1.1.109.1.",КД подвал тамбур дверь ЖЭК,99
3096,Пожарная охрана,Датчик дыма,"16-1.1.109.7.",ДД подвал тамбур ДП,99
3098,Охранная подсистема,Датчик движения,"16-1.1.109.2.",ОД подвал тамбур ДП,99
9377,Температурная подсистема,Датчик температуры,"16-1.1.109.255.",Темп. подвал тамбур ДП,99
3094,Пожарная охрана,Датчик дыма,"16-1.1.108.7.",ДД подвал холл ДП,99
9376,Температурная подсистема,Датчик температуры,"16-1.1.108.255.",Темп. подвал холл ДП,99
3095,Пожарная охрана,Ручной извещатель,"16-1.1.108.5.",ИПР подвал вход ДП ,99
9329,Диспетчерский контроль,Состояние охраны,"16-1.1.4096.5.",[SECURE ZONE]ДП Ленинский 83,99
50963,Пожарная охрана,Ручной извещатель,"163-1.1.126.4.",ИПР ДП тамбур,108
50961,Охранная подсистема,КД Дверь,"163-1.1.126.1.",КД окна ДП,108
50966,Пожарная охрана,Датчик дыма,"163-1.1.127.7.","ДД ДП к.рабочих, щитовая, кладовая",108
50967,Охранная подсистема,КД Дверь,"163-1.1.127.1.",КД дверь входная ДП,108
50968,Охранная подсистема,КД Дверь,"163-1.1.127.2.",КД дверь в коллектор ДП,108
50969,Пожарная охрана,Ручной извещатель,"163-1.1.127.3.",ИПР вход в коллектор ДП,108
50965,Температурная подсистема,Датчик температуры,"163-1.1.126.255.",Темп.  ДП,108
50970,Температурная подсистема,Датчик температуры,"163-1.1.127.255.",Темп. ДП,108
50960,Пожарная охрана,Датчик дыма,"163-1.1.126.7.","ДД ДП тамбур, пультовая, к.отдыха, коридор",108
50638,Диспетчерский контроль,Состояние охраны,"163-1.1.4096.1.",[Охранная зона]ДП ОС,108
50962,Охранная подсистема,Датчик движения,"163-1.1.126.2.",ОД ДП,108
47585,Диспетчерский контроль,Состояние фазы,"15-8.1.1.1.24.",ЩАП-23 Ввод-1 Э/щ ПК58 к-р Гагар.тоннель,111
47586,Диспетчерский контроль,Состояние фазы,"15-8.1.1.1.25.",ЩАП-23 Ввод-2 Э/щ ПК58 к-р Гагар.тоннель,111
48120,Диспетчерский контроль,Состояние фазы,"15-8.3.1.1.18.",ЩАП-12 Ввод-1 Э/щ ПК28 к-р Донской,111
48121,Диспетчерский контроль,Состояние фазы,"15-8.3.1.1.19.",ЩАП-12 Ввод-2 Э/щ ПК28 к-р Донской,111
197132,Диспетчерский контроль,Состояние вентилятора,"798-2.3.1.2.15.",В8 ПК96 каб,111
197158,Диспетчерский контроль,Состояние фазы,"798-2.3.1.3.25.",ФАО3 Андр наб,111
197159,Диспетчерский контроль,Состояние фазы,"798-2.3.1.3.26.",ФАО4 Андр наб,111
197161,Диспетчерский контроль,Состояние фазы,"798-2.3.1.3.28.",ФВ2 Андр наб,111
197162,Диспетчерский контроль,Состояние фазы,"798-2.3.1.3.29.",ФВ3 Андр наб,111
197154,Диспетчерский контроль,Состояние фазы,"798-2.3.1.3.21.",ФРО3 Андр наб,111
197155,Диспетчерский контроль,Состояние фазы,"798-2.3.1.3.22.",ФРО4 Андр наб,111
197131,Диспетчерский контроль,Состояние вентилятора,"798-2.3.1.2.14.",В7 ПК96 труб ,111
197133,Диспетчерский контроль,Состояние вентилятора,"798-2.3.1.2.16.",В9 ПК11 каб,111
197134,Диспетчерский контроль,Состояние вентилятора,"798-2.3.1.2.17.",В10 ПК3 ПК0ГПК3 труб,111
197176,Диспетчерский контроль,Переключатель,"798-2.3.2.11.",Управление В10 ПК0ГПК3 труб,111
197173,Диспетчерский контроль,Переключатель,"798-2.3.2.8.",Управление В7 ПК96 труб,111
197174,Диспетчерский контроль,Переключатель,"798-2.3.2.9.",Управление В8 ПК96 каб,111
197175,Диспетчерский контроль,Переключатель,"798-2.3.2.10.",Управление В9 ПК11 каб ,111
197180,Диспетчерский контроль,Переключатель,"798-2.3.2.15.",Управление ФРО4 Андр наб ,111
197179,Диспетчерский контроль,Переключатель,"798-2.3.2.14.",Управление ФРО3 Андр наб,111
197186,Диспетчерский контроль,Переключатель,"798-2.3.2.21.",Управление ФВ2 Андр наб,111
197187,Диспетчерский контроль,Переключатель,"798-2.3.2.22.",Управление ФВ3 Андр наб,111
197183,Диспетчерский контроль,Переключатель,"798-2.3.2.18.",Управление ФАО3 Андр наб ,111
197184,Диспетчерский контроль,Переключатель,"798-2.3.2.19.",Управление ФАО4 Андр наб ,111
8775,Диспетчерский контроль,Состояние вентилятора,"15-8.1.1.1.9.",В1 ПК11 ГТ,111
8774,Диспетчерский контроль,Состояние вентилятора,"15-8.1.1.1.8.",В2 ПК28 ГТ,111
8773,Диспетчерский контроль,Состояние вентилятора,"15-8.1.1.1.7.",В3 ПК47 ГТ,111
8772,Диспетчерский контроль,Состояние вентилятора,"15-8.1.1.1.6.",В4 ПК48 ГТ,111
8771,Диспетчерский контроль,Состояние вентилятора,"15-8.1.1.1.5.",В5 ПК77 ГТ,111
8770,Диспетчерский контроль,Состояние вентилятора,"15-8.1.1.1.4.",В6 ПК87 ГТ,111
8769,Диспетчерский контроль,Состояние вентилятора,"15-8.1.1.1.3.",В7 ПК87 ГТ,111
8768,Диспетчерский контроль,Состояние вентилятора,"15-8.1.1.1.2.",В8 ПК91ГПК0 ГТ,111
8767,Диспетчерский контроль,Состояние вентилятора,"15-8.1.1.1.1.",В9 ПК102 ГТ ,111
8784,Диспетчерский контроль,Состояние фазы,"15-8.1.1.1.18.",ФАО1 ГТ ПК58 ,111
8785,Диспетчерский контроль,Состояние фазы,"15-8.1.1.1.19.",ФАО2 ГТ ПК58,111
8786,Диспетчерский контроль,Состояние фазы,"15-8.1.1.1.20.",ФВ1 ГТ ПК58,111
8787,Диспетчерский контроль,Состояние фазы,"15-8.1.1.1.21.",ФВ2 ГТ ПК58,111
8782,Диспетчерский контроль,Состояние фазы,"15-8.1.1.1.16.",ФРО1 ГТ ПК58,111
8783,Диспетчерский контроль,Состояние фазы,"15-8.1.1.1.17.",ФРО2 ГТ ПК58,111
8798,Диспетчерский контроль,Переключатель,"15-8.1.2.9.",Управление В1 ПК11 ГТ,111
8797,Диспетчерский контроль,Переключатель,"15-8.1.2.8.",Управление В2 ПК28 ГТ,111
8796,Диспетчерский контроль,Переключатель,"15-8.1.2.7.",Управление В3 ПК46 ГТ,111
8795,Диспетчерский контроль,Переключатель,"15-8.1.2.6.",Управление В4 ПК48 ГТ,111
8794,Диспетчерский контроль,Переключатель,"15-8.1.2.5.",Управление В5 ПК77 ГТ,111
8793,Диспетчерский контроль,Переключатель,"15-8.1.2.4.",Управление В6 ПК87 ГТ,111
8792,Диспетчерский контроль,Переключатель,"15-8.1.2.3.",Управление В7 ПК87 ГТ,111
8791,Диспетчерский контроль,Переключатель,"15-8.1.2.2.",Управление В8 ПК91 ГТ,111
8790,Диспетчерский контроль,Переключатель,"15-8.1.2.1.",Управление В9 ПК102 ГТ,111
8801,Диспетчерский контроль,Переключатель,"15-8.1.2.12.",Управление ФАО1 ГТ ПК58,111
8802,Диспетчерский контроль,Переключатель,"15-8.1.2.13.",Управление ФАО2 ГТ ПК58,111
8803,Диспетчерский контроль,Переключатель,"15-8.1.2.14.",Управление ФВ1 ГТ ПК58,111
8804,Диспетчерский контроль,Переключатель,"15-8.1.2.15.",Управление ФВ2 ГТ ПК58,111
8799,Диспетчерский контроль,Переключатель,"15-8.1.2.10.",Управление ФРО1 ГТ ПК58,111
8800,Диспетчерский контроль,Переключатель,"15-8.1.2.11.",Управление ФРО2 ГТ ПК58,111
8818,Диспетчерский контроль,Состояние вентилятора,"15-8.3.1.1.9.",В1 ПК28 Д,111
8819,Диспетчерский контроль,Состояние вентилятора,"15-8.3.1.1.10.",В2 ПК24 Д ,111
8820,Диспетчерский контроль,Состояние вентилятора,"15-8.3.1.1.11.",В3 ПК24 Д,111
8821,Диспетчерский контроль,Состояние вентилятора,"15-8.3.1.1.12.",В4 ПК14 Д ,111
8824,Диспетчерский контроль,Состояние фазы,"15-8.3.1.1.15.",ФАНС Донской ПК28,111
8823,Диспетчерский контроль,Состояние фазы,"15-8.3.1.1.14.",ФАО1 Донской ПК28,111
8826,Диспетчерский контроль,Состояние фазы,"15-8.3.1.1.17.",ФАО2 Донской ПК28,111
8825,Диспетчерский контроль,Состояние фазы,"15-8.3.1.1.16.",ФВ Донской ПК28,111
8822,Диспетчерский контроль,Состояние фазы,"15-8.3.1.1.13.",ФРО1 Донской ПК28,111
8827,Диспетчерский контроль,Переключатель,"15-8.3.2.1.",Управление В1 ПК28 Д,111
8828,Диспетчерский контроль,Переключатель,"15-8.3.2.2.",Управление В2 ПК24 Д,111
8829,Диспетчерский контроль,Переключатель,"15-8.3.2.3.",Управление В3 ПК24 Д,111
8830,Диспетчерский контроль,Переключатель,"15-8.3.2.4.",Управление В4 ПК14 Д,111
8833,Диспетчерский контроль,Переключатель,"15-8.3.2.7.",Управление ФАНС Донской ПК28,111
8832,Диспетчерский контроль,Переключатель,"15-8.3.2.6.",Управление ФАО1 Донской ПК28,111
8835,Диспетчерский контроль,Переключатель,"15-8.3.2.9.",Управление ФАО2 Донской ПК28,111
8834,Диспетчерский контроль,Переключатель,"15-8.3.2.8.",Управление ФВ Донской ПК28,111
8831,Диспетчерский контроль,Переключатель,"15-8.3.2.5.",Управление ФРО1 Донской ПК28,111
8808,Газовая охрана,Газовый датчик,"15-8.2.1.1.1.","Д1-Д21 Н.Дон. ПК2-22тр. ПК8-22каб., ПК12-ПК54 Дон. ",111
120117,Диспетчерский контроль,Состояние охраны,"15-10.1.4096.1.",[Охранная зона]ДП,111
8809,Газовая охрана,Газовый датчик,"15-8.2.1.1.2.",Д22-32 ПК2-ПК61 Гагар.т. ,111
8810,Газовая охрана,Газовый датчик,"15-8.2.1.1.3.",Д33-42 ПК65-ПК104 Гагар.т.  ,111
8811,Диспетчерский контроль,Состояние фазы,"15-8.2.1.1.8.",Питание ПУИ Гагар.т. ,111
8812,Диспетчерский контроль,Состояние насоса,"15-8.3.1.1.3.",АНС Донской ПК51 Н1 ,111
120277,Охранная подсистема,КД Дверь,"15-10.1.61.1.",Д/П ДВИЖЕНИЕ комнаты,111
120280,Охранная подсистема,КД Дверь,"15-10.1.61.4.",Д/П ОТКРЫТИЕ окна,111
120278,Охранная подсистема,Стекло,"15-10.1.61.2.",Д/П РАЗБИТИЕ окна,111
120281,Охранная подсистема,КД Дверь,"15-10.1.61.5.",КД Д/П с/у+а/в,111
120279,Пожарная охрана,Ручной извещатель,"15-10.1.61.3.",Д/П УИР пультовая,111
120276,Пожарная охрана,Датчик дыма,"15-10.1.61.7.",ДД Пультовая,111
120272,Пожарная охрана,Ручной извещатель,"15-10.1.60.3.", УИР Д/П вxoд,111
120269,Пожарная охрана,Датчик дыма,"15-10.1.60.7.",ДД Д/П ДЫМ коридор+с/у,111
120274,Охранная подсистема,КД Дверь,"15-10.1.60.5.",КД дверь в ДП,111
120270,Охранная подсистема,КД Дверь,"15-10.1.60.1.","ОД Д/П вход, с/у",111
47838,Газовая охрана,Газовый датчик,"15-8.2.1.1.9.","Анд.Н.Д1-3 гал.0ПК2–6т.с,Д12-14 ПК11–гал.0ПК5каб. Гагар.Д4-6 ПК95–78т.с,Д7-11 ПК73-96каб.",111
47840,Диспетчерский контроль,Состояние фазы,"15-8.2.1.1.11.",Питание ПУИ Андреевская наб.,111
8778,Диспетчерский контроль,Состояние фазы,"15-8.1.1.1.12.",ГРО3 ПК48 (ПК49-62) ГТ,111
8779,Диспетчерский контроль,Состояние фазы,"15-8.1.1.1.13.",ГРО4 ПК48 (ПК29-48) ГТ,111
8780,Диспетчерский контроль,Состояние фазы,"15-8.1.1.1.14.",ГРО5 ПК28 (ПК12-28) ГТ,111
8781,Диспетчерский контроль,Состояние фазы,"15-8.1.1.1.15.",ГРО6 ПК11 (ПК0-11) ГТ,111
8813,Диспетчерский контроль,Состояние фазы,"15-8.3.1.1.4.",ГРО1 ПК28 (ПК29-55) дон,111
8814,Диспетчерский контроль,Состояние фазы,"15-8.3.1.1.5.",ГРО2 ПК28 (ПК10-28) дон,111
8815,Диспетчерский контроль,Состояние фазы,"15-8.3.1.1.6.",ГРО3 ПК25 (ПК6-25 каб.) нов.дон,111
8816,Диспетчерский контроль,Состояние фазы,"15-8.3.1.1.7.",ГРО4 ПК25 (ПК6-25 труб.) нов.дон,111
8817,Диспетчерский контроль,Состояние фазы,"15-8.3.1.1.8.",ГРО5 ПК5 (ПК0-5 каб.) нов.дон,111
8777,Диспетчерский контроль,Состояние фазы,"15-8.1.1.1.11.",ГРО2 ПК63 (ПК63-86) ГТ,111
8776,Диспетчерский контроль,Состояние фазы,"15-8.1.1.1.10.",ГРО1 ПК87 (ПК87-106) ГТ,111
197141,Диспетчерский контроль,Состояние фазы,"798-2.3.1.2.24.",ГРО9 ПК0-12 (каб.) Андр.наб.,111
197143,Диспетчерский контроль,Состояние фазы,"798-2.3.1.2.26.",ГРО11 ПК81-70 (каб.) Гагар-2,111
197144,Диспетчерский контроль,Состояние фазы,"798-2.3.1.2.27.",ГРО12 ПК0-12 (труб.) Андр.наб.,111
197145,Диспетчерский контроль,Состояние фазы,"798-2.3.1.2.28.",ГРО13 ПК96-72 (труб.) Гагар-2,111
197142,Диспетчерский контроль,Состояние фазы,"798-2.3.1.2.25.",ГРО10 ПК96-81 (каб.) Гагар-2,111
120264,Температурная подсистема,Датчик температуры,"15-10.1.58.255.",Темп. (каб) ПК0 Г1,165
120261,Пожарная охрана,Датчик дыма,"15-10.1.57.7.",ДД (каб) ПК0 Г1-5 ,165
120267,Пожарная охрана,Ручной извещатель,"15-10.1.59.5.",УИР (т/с) ПК0 Г3,165
120265,Пожарная охрана,Датчик дыма,"15-10.1.59.7.",ДД (т/с) ПК0 Г3 ,165
120254,Пожарная охрана,Датчик дыма,"15-10.1.55.7.",ДД кам. (т/с) ПК0,165
120255,Пожарная охрана,Ручной извещатель,"15-10.1.55.5.",УИР кам. (т/с) ПК0 ,165
120256,Температурная подсистема,Датчик температуры,"15-10.1.55.255.",Темп. кам. (т/с) ПК0,165
120259,Охранная подсистема,КД Дверь,"15-10.1.56.2.",КД дверь отс. (т/с) ПК0,165
120258,Охранная подсистема,КД Дверь,"15-10.1.56.1.",КД дверь в ДП (т/с) ПК0,165
120257,Пожарная охрана,Датчик дыма,"15-10.1.56.7.","ДД (т/с) ПК0-2,5",165
120260,Температурная подсистема,Датчик температуры,"15-10.1.56.255.","Темп.  (т/с) ПК0-2,5",165
120253,Температурная подсистема,Датчик температуры,"15-10.1.54.255.",Темп. (т/с) ПК1,165
120250,Пожарная охрана,Датчик дыма,"15-10.1.53.7.","ДД (каб) ПК2,5-7",165
120251,Пожарная охрана,Ручной извещатель,"15-10.1.53.5.","УИР (каб) ПК2,5",165
120252,Температурная подсистема,Датчик температуры,"15-10.1.53.255.",Темп. (т/с) ПК3,165
120248,Пожарная охрана,Ручной извещатель,"15-10.1.52.5.",УИР (т/с) ПК3,165
120244,Температурная подсистема,Датчик температуры,"15-10.1.50.255.",Темп. (каб) ПК11,165
120249,Температурная подсистема,Датчик температуры,"15-10.1.52.255.",Темп. (т/с) ПК3,165
120245,Пожарная охрана,Датчик дыма,"15-10.1.51.7.",ДД (т/с) ПК7-11,165
120246,Пожарная охрана,Ручной извещатель,"15-10.1.51.5.",УИР (т/с) ПК7,165
120247,Температурная подсистема,Датчик температуры,"15-10.1.51.255.",Темп. (т/с) ПК7,165
211784,Диспетчерский контроль,Датчик затопления,"15-10.1.57.2.",Затопление (каб) ПК0 Г5,165
120242,Пожарная охрана,Датчик дыма,"15-10.1.50.7.",ДД (каб) ПК7-11,165
120243,Пожарная охрана,Ручной извещатель,"15-10.1.50.5.",УИР (каб) ПК11,165
120171,Охранная подсистема,Датчик движения,"15-10.1.26.2.",ОД кам. дверь ДП (т/с) ПК0,165
120234,Пожарная охрана,Датчик дыма,"15-10.1.47.7.",ДД ур.2-3 кам. (каб) ПК12,165
120235,Пожарная охрана,Ручной извещатель,"15-10.1.47.5.",УИР ур.2 кам. (каб) ПК12,165
120226,Пожарная охрана,Датчик дыма,"15-10.1.45.7.",ДД ур.4 (каб) ПК12,165
120227,Охранная подсистема,КД АВ,"15-10.1.45.1.",КД АВ ур.4 кам. (каб) ПК12,165
120228,Пожарная охрана,Ручной извещатель,"15-10.1.45.5.",УИР ур.4 кам. (каб) ПК12,165
120240,Пожарная охрана,Ручной извещатель,"15-10.1.49.5.",УИР ур.1 кам. (т/с) ПК12,165
120237,Пожарная охрана,Датчик дыма,"15-10.1.48.7.",ДД ур.2-3 кам. (т/с) ПК12,165
120151,Охранная подсистема,Датчик движения,"15-10.1.16.2.",ОД АВ ур.4 (каб) ПК12,165
120238,Пожарная охрана,Ручной извещатель,"15-10.1.48.5.",УИР ур.3 кам. (т/с) ПК12,165
120156,Температурная подсистема,Датчик температуры,"15-10.1.18.1.",Темп. ур.1 (т/с) ПК12,165
120230,Пожарная охрана,Датчик дыма,"15-10.1.46.7.",ДД ур.4 кам. (т/с) ПК12,165
120155,Охранная подсистема,Датчик движения,"15-10.1.18.2.",ОД ур.1 (т/с) ПК12,165
120154,Температурная подсистема,Датчик температуры,"15-10.1.17.1.",Темп. ВШ ур.4 (т/с) ПК12,165
120231,Охранная подсистема,КД Дверь,"15-10.1.46.1.",КД ур.4 кам. дверь в Гагаринский2 (т/с) ПК12,165
120153,Охранная подсистема,Датчик движения,"15-10.1.17.2.",ОД ВШ ур.4 (т/с) ПК12,165
120232,Пожарная охрана,Ручной извещатель,"15-10.1.46.5.",УИР ур.4 кам. (т/с) ПК12,165
120236,Температурная подсистема,Датчик температуры,"15-10.1.47.255.",Темп. ур.2 кам. (каб) ПК12,165
120241,Температурная подсистема,Датчик температуры,"15-10.1.49.255.",Темп. ур.1 кам. (т/с) ПК12,165
120172,Температурная подсистема,Датчик температуры,"15-10.1.26.1.",Темп. кам. дверь ДП (т/с) ПК0,165
120233,Температурная подсистема,Датчик температуры,"15-10.1.46.255.",Темп. ур.4 кам. (т/с) ПК12,165
120239,Температурная подсистема,Датчик температуры,"15-10.1.48.255.",Темп. ур.3 кам. (т/с) ПК12,165
120162,Температурная подсистема,Датчик температуры,"15-10.1.21.1.",Темп. (т/с) ПК2,165
120225,Температурная подсистема,Датчик температуры,"15-10.1.44.255.",Темп.(каб) ПК12,165
120161,Охранная подсистема,Датчик движения,"15-10.1.21.2.",ОД (т/с) ПК2,165
154847,Пожарная охрана,Датчик дыма,"15-10.1.44.7.",ДД ур.4 ВК (каб) ПК12,165
154848,Пожарная охрана,Датчик дыма,"15-10.1.49.7.",ДД ур.1 кам. (т/с) ПК12,165
154849,Пожарная охрана,Датчик дыма,"15-10.1.52.7.",ДД (т/с) ПК3-7,165
154850,Пожарная охрана,Датчик дыма,"15-10.1.54.7.",ДД кам. (т/с) ПК0,165
154851,Пожарная охрана,Датчик дыма,"15-10.1.58.7.",ДД (каб) ПК0 Г0-1,165
120169,Охранная подсистема,Датчик движения,"15-10.1.25.2.",ОД АВ Г3 (т/с) ПК3,165
120165,Охранная подсистема,Датчик движения,"15-10.1.23.2.",ОД АВ Г5 (каб) ПК5,165
120166,Температурная подсистема,Датчик температуры,"15-10.1.23.1.",Темп. АВ Г5 (каб) ПК5,165
120262,Охранная подсистема,КД АВ,"15-10.1.57.1.",КД АВ (каб) ПК0 Г5,165
120263,Температурная подсистема,Датчик температуры,"15-10.1.57.255.",Темп. (каб) ПК0 Г1-5 ,165
120266,Охранная подсистема,КД АВ,"15-10.1.59.1.",КД АВ (т/с) ПК0 Г3,165
216262,Охранная подсистема,КД Дверь,"15-10.1.45.2.",КД ПК12 отс. дверь+реш.вниз (каб),165
216263,Охранная подсистема,Датчик движения,"15-10.1.68.2.",ОД ПК12 кам. (каб),165
221464,Охранная подсистема,Датчик движения,"15-10.1.72.2.",ОД ПК12 (каб),165
120116,Диспетчерский контроль,Состояние охраны,"15-10.1.4096.4095.",[Охранная зона]Андреевская набережная,165
77772,Охранная подсистема,Датчик движения,"217-1.1.117.2.",ОД люк ПК851,3215
185838,Охранная подсистема,КД Дверь,"217-1.1.125.2.",КД решетка отс. ПК536,3215
77855,Температурная подсистема,Датчик температуры,"217-1.1.148.255.",ТЕМП. ПК850,3215
77854,Охранная подсистема,КД АВ,"217-1.1.148.1.",КД АВ ПК852,3215
77773,Температурная подсистема,Датчик температуры,"217-1.1.117.1.",ТЕМП. ПК851,3215
77548,Охранная подсистема,Датчик движения,"217-1.1.5.2.",ОД ВШ ПК505,3215
77560,Охранная подсистема,Датчик движения,"217-1.1.11.2.",ОД ВШ ПК526,3215
77562,Охранная подсистема,Датчик движения,"217-1.1.12.2.",ОД АВ ПК526,3215
77563,Температурная подсистема,Датчик температуры,"217-1.1.12.1.",ТЕМП. ПК527,3215
77568,Охранная подсистема,Датчик движения,"217-1.1.15.2.",ОД ПК540+5,3215
77569,Температурная подсистема,Датчик температуры,"217-1.1.15.1.",ТЕМП. ПК540+5,3215
77678,Охранная подсистема,Датчик движения,"217-1.1.70.2.",ОД люк ПК720,3215
77718,Охранная подсистема,Датчик движения,"217-1.1.90.2.",ОД люк ПК773,3215
77571,Температурная подсистема,Датчик температуры,"217-1.1.16.1.",ТЕМП. ДП ПК541,3215
77570,Охранная подсистема,Датчик движения,"217-1.1.16.2.",ОД ДП ПК541,3215
77719,Температурная подсистема,Датчик температуры,"217-1.1.90.1.",ТЕМП. ПК773,3215
77553,Температурная подсистема,Датчик температуры,"217-1.1.7.1.",ТЕМП. ПК507,3215
77672,Охранная подсистема,Датчик движения,"217-1.1.67.2.",ОД ПК708,3215
77682,Охранная подсистема,Датчик движения,"217-1.1.72.2.",ОД мат.люк2 ПК720,3215
77683,Температурная подсистема,Датчик температуры,"217-1.1.72.1.",ТЕМП. ПК720,3215
77686,Охранная подсистема,Датчик движения,"217-1.1.74.2.",ОД АВ ПК722,3215
77690,Охранная подсистема,Датчик движения,"217-1.1.76.2.",ОД ВШ ПК722,3215
77727,Температурная подсистема,Датчик температуры,"217-1.1.94.1.",ТЕМП. ПК785+5,3215
77691,Температурная подсистема,Датчик температуры,"217-1.1.76.1.",ТЕМП. ВШ ПК722,3215
77679,Температурная подсистема,Датчик температуры,"217-1.1.70.1.",ТЕМП. ПК720,3215
77702,Охранная подсистема,Датчик движения,"217-1.1.82.2.",ОД АВ ПК753,3215
77704,Охранная подсистема,Датчик движения,"217-1.1.83.2.",ОД ВШ ПК753,3215
77710,Охранная подсистема,Датчик движения,"217-1.1.86.2.",ОД люк ПК765,3215
77777,Температурная подсистема,Датчик температуры,"217-1.1.120.255.",ТЕМП. ПК500,3215
77853,Температурная подсистема,Датчик температуры,"217-1.1.147.255.",ТЕМП. ПК844,3215
77783,Температурная подсистема,Датчик температуры,"217-1.1.122.255.",ТЕМП. ПК508,3215
77786,Температурная подсистема,Датчик температуры,"217-1.1.123.255.",ТЕМП. ПК526,3215
77790,Температурная подсистема,Датчик температуры,"217-1.1.125.255.",ТЕМП. ПК541,3215
77832,Температурная подсистема,Датчик температуры,"217-1.1.140.255.",ТЕМП. ПК749,3215
77851,Температурная подсистема,Датчик температуры,"217-1.1.146.255.",ТЕМП. ПК842,3215
77836,Охранная подсистема,КД АВ,"217-1.1.142.1.",КД АВ ПК765,3215
77713,Температурная подсистема,Датчик температуры,"217-1.1.87.1.",ТЕМП. ПК765,3215
77705,Температурная подсистема,Датчик температуры,"217-1.1.83.1.",ТЕМП. ПК753,3215
77759,Температурная подсистема,Датчик температуры,"217-1.1.110.1.",ТЕМП. ПК834,3215
77744,Охранная подсистема,Датчик движения,"217-1.1.103.2.",ОД АВ ПК815,3215
77734,Охранная подсистема,Датчик движения,"217-1.1.98.2.",ОД люк ПК799,3215
77735,Температурная подсистема,Датчик температуры,"217-1.1.98.1.",ТЕМП. ПК799,3215
77736,Охранная подсистема,Датчик движения,"217-1.1.99.2.",ОД люк ПК799+5,3215
77737,Температурная подсистема,Датчик температуры,"217-1.1.99.1.",ТЕМП. ПК799+5,3215
77726,Охранная подсистема,Датчик движения,"217-1.1.94.2.",ОД ВШ ПК785+5,3215
77728,Охранная подсистема,Датчик движения,"217-1.1.95.2.",ОД люк ПК785+5,3215
77788,Температурная подсистема,Датчик температуры,"217-1.1.124.255.","ТЕМП. ПК529,5",3215
77830,Температурная подсистема,Датчик температуры,"217-1.1.139.255.",ТЕМП. ПК723,3215
77835,Температурная подсистема,Датчик температуры,"217-1.1.141.255.",ТЕМП. ПК754,3215
77774,Охранная подсистема,Датчик движения,"217-1.1.118.2.",ОД АВ ПК852,3215
77775,Температурная подсистема,Датчик температуры,"217-1.1.118.1.",ТЕМП. ПК852,3215
77771,Температурная подсистема,Датчик температуры,"217-1.1.116.1.",ТЕМП. ПК848,3215
77770,Охранная подсистема,Датчик движения,"217-1.1.116.2.",ОД мат.люк ПК848,3215
77779,Температурная подсистема,Датчик температуры,"217-1.1.121.255.",ТЕМП. ПК505,3215
77785,Охранная подсистема,КД Дверь,"217-1.1.123.2.",КД отс.дверь ПК526,3215
77837,Температурная подсистема,Датчик температуры,"217-1.1.142.255.",ТЕМП. ПК765,3215
77765,Температурная подсистема,Датчик температуры,"217-1.1.113.1.",ТЕМП. ПК842,3215
77838,Охранная подсистема,КД АВ,"217-1.1.143.1.","КД АВ ПК785,5",3215
77712,Охранная подсистема,Датчик движения,"217-1.1.87.2.",ОД АВ ПК765,3215
77532,Диспетчерский контроль,Состояние охраны,"217-1.1.4096.4095.",[Охранная зона]Коллектор,3215
90718,Охранная подсистема,КД Люк,"217-1.1.156.1.",КД люк ПК773,3215
90722,Охранная подсистема,КД Люк,"217-1.1.157.2.",КД люк2 ПК799,3215
90724,Охранная подсистема,КД Люк,"217-1.1.158.1.",КД люк1 ПК825,3215
90695,Охранная подсистема,КД Люк,"217-1.1.142.2.",КД люк 4-с ПК765,3215
90699,Охранная подсистема,КД Люк,"217-1.1.148.2.",КД 4-люк ПК849,3215
90700,Охранная подсистема,КД Люк,"217-1.1.148.3.",КД люк ПК851,3215
77787,Охранная подсистема,КД Дверь,"217-1.1.124.1.",КД отс.дверь ПК526,3215
90715,Охранная подсистема,КД Люк,"217-1.1.155.3.",КД 4-с люк1 ПК720,3215
77789,Охранная подсистема,КД Дверь,"217-1.1.125.1.",КД дверь вход в к-ор ПК541,3215
104814,Охранная подсистема,КД Дверь,"217-1.1.146.3.",КД ОТС. ДВЕРЬ ПК842 ,3215
90696,Охранная подсистема,КД Люк,"217-1.1.142.3.",КД люк ПК765,3215
77776,Охранная подсистема,КД АВ,"217-1.1.120.1.",КД отс. дверь ПК500,3215
77781,Охранная подсистема,КД Дверь,"217-1.1.122.2.",КД1 дверь ВК ПК508,3215
77782,Охранная подсистема,КД Дверь,"217-1.1.122.3.",КД2 дверь ВК ПК508,3215
77780,Охранная подсистема,КД Дверь,"217-1.1.122.1.",КД отс.дверь ПК508,3215
77784,Охранная подсистема,КД АВ,"217-1.1.123.1.",КД АВ ПК526,3215
77778,Охранная подсистема,КД АВ,"217-1.1.121.1.",КД АВ ПК507,3215
77827,Охранная подсистема,КД АВ,"217-1.1.139.1.",КД АВ ПК722,3215
77828,Охранная подсистема,КД Дверь,"217-1.1.139.2.",КД дверь ВК1 ПК723,3215
77829,Охранная подсистема,КД Дверь,"217-1.1.139.3.",КД дверь ВК2 ПК723,3215
77831,Охранная подсистема,КД Дверь,"217-1.1.140.1.",КД дверь ВК ПК754,3215
77833,Охранная подсистема,КД АВ,"217-1.1.141.1.",КД АВ ПК753,3215
77834,Охранная подсистема,КД Дверь,"217-1.1.141.2.",КД дверь ВК ПК754,3215
77846,Охранная подсистема,КД Дверь,"217-1.1.145.1.",КД дверь ВК ПК815,3215
77839,Охранная подсистема,КД Дверь,"217-1.1.143.2.","КД дверь ВК1 ПК785,5",3215
77840,Охранная подсистема,КД Дверь,"217-1.1.143.3.","КД дверь ВК2 ПК785,5",3215
104813,Охранная подсистема,КД Дверь,"217-1.1.143.5.",КД дверь отс ПК784,3215
90698,Охранная подсистема,КД Люк,"217-1.1.143.4.",КД люк ПК785,3215
77850,Охранная подсистема,КД АВ,"217-1.1.146.2.",КД АВ ПК842,3215
77849,Охранная подсистема,КД Дверь,"217-1.1.146.1.",КД дверь ВК ПК842,3215
77852,Охранная подсистема,КД Дверь,"217-1.1.147.1.",КД дверь ВК ПК842,3215
77546,Охранная подсистема,Датчик движения,"217-1.1.4.2.",ОД ПК501,3215
77550,Охранная подсистема,Датчик движения,"217-1.1.6.2.",ОД АВ ПК507,3215
77552,Охранная подсистема,Датчик движения,"217-1.1.7.2.",ОД ВШ ПК507,3215
77764,Охранная подсистема,Датчик движения,"217-1.1.113.2.",ОД ВШ ПК842,3215
77766,Охранная подсистема,Датчик движения,"217-1.1.114.2.",ОД АВ ПК842,3215
196813,Охранная подсистема,КД Дверь,"217-1.1.125.3.",КД дверь отс. ПК539,3215
77758,Охранная подсистема,Датчик движения,"217-1.1.110.2.",ОД люк ПК834,3215
90726,Охранная подсистема,КД Люк,"217-1.1.158.2.",КД люк2 ПК825,3215
77754,Охранная подсистема,Датчик движения,"217-1.1.108.2.",ОД люк ПК826+5,3215
77755,Температурная подсистема,Датчик температуры,"217-1.1.108.1.",ТЕМП. ПК826+5,3215
77847,Охранная подсистема,КД Дверь,"217-1.1.145.2.",КД отс.дверь ПК815,3215
77843,Охранная подсистема,КД Дверь,"217-1.1.144.2.",КД дверь ВК1 ПК815,3215
77844,Охранная подсистема,КД Дверь,"217-1.1.144.3.",КД дверь ВК2 ПК815,3215
77842,Охранная подсистема,КД АВ,"217-1.1.144.1.",КД АВ ПК815,3215
77845,Температурная подсистема,Датчик температуры,"217-1.1.144.255.",ТЕМП. ПК815,3215
90720,Охранная подсистема,КД Люк,"217-1.1.157.1.",КД люк ПК799,3215
90723,Охранная подсистема,КД Люк,"217-1.1.157.3.",КД люк ПК800,3215
77724,Охранная подсистема,Датчик движения,"217-1.1.93.2.",ОД АВ ПК785,3215
77752,Охранная подсистема,Датчик движения,"217-1.1.107.2.",ОД люк ПК826,3215
77753,Температурная подсистема,Датчик температуры,"217-1.1.107.1.",ТЕМП. ПК826,3215
222040,Охранная подсистема,КД Дверь,"217-1.1.166.2.",КД реш.отс ПК713,3215
223567,Охранная подсистема,КД Дверь,"217-1.1.166.3.",КД дверь сопр с непринятым к-ром ПК708 ,3215
250735,Охранная подсистема,КД Дверь,"217-1.1.142.5.",КД Шкаф ОПС ПК765,3215
77708,Охранная подсистема,Датчик движения,"217-1.1.85.2.",ОД пк 765 4х секц.люк,3215
90716,Охранная подсистема,КД Люк,"217-1.1.155.4.",КД люк ПК720,3215
77533,Диспетчерский контроль,Состояние охраны,"217-1.1.4096.1.",[Охранная зона]ДП,3216
77534,Пожарная охрана,Датчик дыма,"217-1.1.4095.7.",ДЫМ ДП 1эт (4шт) ,3216
77537,Охранная подсистема,КД Дверь,"217-1.1.4095.3.",КД вход в ДП,3216
77536,Охранная подсистема,КД Дверь,"217-1.1.4095.2.",КД окна 1 этаж,3216
77538,Охранная подсистема,Датчик движения,"217-1.1.4095.4.",ОД 1 этаж,3216
77539,Охранная подсистема,Стекло,"217-1.1.4095.5.",Стекло 1 этаж,3216
77541,Пожарная охрана,Датчик дыма,"217-1.1.1.7.",ДЫМ 2 этаж (2шт),3216
209986,Пожарная охрана,Ручной извещатель,"217-1.1.1.4.",ИПР 1 этаж,3216
209984,Охранная подсистема,КД Дверь,"217-1.1.1.2.",КД окна ДП 2 этаж,3216
209985,Охранная подсистема,Датчик движения,"217-1.1.1.3.",ОД 2 этаж,3216
77542,Охранная подсистема,Стекло,"217-1.1.1.1.",Стекло ДП 2 этаж,3216
209991,Пожарная охрана,Датчик дыма,"217-1.1.152.7.",Дым подвал (4шт),3216
209987,Охранная подсистема,КД Дверь,"217-1.1.152.2.",КД окно подв+лестн,3216
209989,Охранная подсистема,Датчик движения,"217-1.1.152.4.",ОД подв+вх в коллект,3216
209988,Охранная подсистема,Стекло,"217-1.1.152.3.",Стекло подвал,3216
209990,Пожарная охрана,Ручной извещатель,"217-1.1.152.5.",ИПР вх в коллектор,3216
77545,Диагностическая подсистема,ИБП,"217-1.1.3.1.",ББП АРМ ДП,3250
77544,Диагностическая подсистема,ИБП,"217-1.1.2.1.",ББП ДП,3250
77535,Охранная подсистема,КД Дверь,"217-1.1.4095.1.",КД шкаф ОПС ДП,3250
178330,Диспетчерский контроль,Состояние охраны,"217-1.1.4096.6.",Охранная зона Шкаф ОПС,3250
222042,Диагностическая подсистема,ИБП,"217-1.1.167.1.",ББП ПК765 щит.,3250
94075,Охранная подсистема,КД АВ,"257-2.1.138.1.",КД АВ ПК106 ур.3,3356
94054,Охранная подсистема,КД АВ,"257-2.1.129.1.",КД АВ ПК123 ур.4,3356
193125,Пожарная охрана,Тепловой датчик,"257-6.1.27.2.",ТД ПК588-ПК591,3356
193142,Пожарная охрана,Тепловой датчик,"257-6.1.32.1.",ТД ПК582-584,3356
193198,Пожарная охрана,Тепловой датчик,"257-6.1.48.3.",ТД ПК541 ур.1,3356
193085,Охранная подсистема,Датчик движения,"257-6.1.4.2.",ОД АВ ПК585 ур.4,3356
193126,Пожарная охрана,Тепловой датчик,"257-6.1.27.3.",ТД ПК591-ПК593,3356
193143,Пожарная охрана,Тепловой датчик,"257-6.1.32.2.",ТД ПК579-582,3356
193149,Пожарная охрана,Тепловой датчик,"257-6.1.33.3.",ТД ПК573 ур.1,3356
193199,Пожарная охрана,Тепловой датчик,"257-6.1.48.4.",ТД ПК541 ур.1,3356
193213,Охранная подсистема,КД Дверь,"257-6.1.51.2.",КД дверь отс. ПК526 ур.4,3356
193124,Пожарная охрана,Тепловой датчик,"257-6.1.27.1.",ТД ПК594-ПК597,3356
193166,Температурная подсистема,Датчик температуры,"257-6.1.38.255.",Темп. ПК558,3356
193147,Пожарная охрана,Тепловой датчик,"257-6.1.33.1.",ТД ПК573-ПК575,3356
193196,Пожарная охрана,Тепловой датчик,"257-6.1.48.1.",ТД ПК538-540,3356
193211,Пожарная охрана,Датчик дыма,"257-6.1.51.7.",ДД ПК526 ур.4,3356
93688,Пожарная охрана,Тепловой датчик,"257-1.1.178.5.",ТД ПК290-292,3356
93680,Пожарная охрана,Тепловой датчик,"257-1.1.177.2.",ТД ПК299-301,3356
98183,Пожарная охрана,Датчик дыма,"257-2.1.165.7.",ДД ПК50 ур.3,3356
193108,Охранная подсистема,Датчик движения,"257-6.1.18.2.",ОД ВШ ПК526 ур.4,3356
193093,Охранная подсистема,Датчик движения,"257-6.1.8.2.",ОД ВШ ПК573 ур.4,3356
193107,Охранная подсистема,Датчик движения,"257-6.1.17.2.",ОД АВ ПК526 ур.4,3356
193128,Пожарная охрана,Датчик дыма,"257-6.1.28.7.",ДД ПК585 ур.4,3356
193153,Охранная подсистема,КД АВ,"257-6.1.35.1.",КД АВ ПК572 ур.4,3356
193167,Пожарная охрана,Датчик дыма,"257-6.1.39.7.",ДД ПК557 ур.3,3356
193148,Пожарная охрана,Тепловой датчик,"257-6.1.33.2.",ТД ПК576-ПК578,3356
193197,Пожарная охрана,Тепловой датчик,"257-6.1.48.2.",ТД ПК535-537,3356
193152,Пожарная охрана,Датчик дыма,"257-6.1.35.7.",ДД ПК573 ур.4,3356
193150,Температурная подсистема,Датчик температуры,"257-6.1.33.255.",Темп. ПК554,3356
193181,Пожарная охрана,Тепловой датчик,"257-6.1.43.3.",ТД ПК547-549,3356
193217,Охранная подсистема,КД Дверь,"257-6.1.52.3.",Кд дверь отс. ПК526 ур.3,3356
193216,Пожарная охрана,Тепловой датчик,"257-6.1.52.2.",ТД ПК526 ур.3,3356
193091,Охранная подсистема,Датчик движения,"257-6.1.7.2.",ОД АВ ПК573 ур.4,3356
193131,Охранная подсистема,КД Дверь,"257-6.1.29.1.",КД дверь отс. ПК585 ур.4,3356
193183,Пожарная охрана,Датчик дыма,"257-6.1.44.7.",ДД ПК541 э/щ №4,3356
193180,Пожарная охрана,Тепловой датчик,"257-6.1.43.2.",ТД ПК544-546,3356
193090,Температурная подсистема,Датчик температуры,"257-6.1.6.1.",Темп. ПК573,3356
193132,Охранная подсистема,КД АВ,"257-6.1.29.2.",КД АВ ПК585 ур.4,3356
193155,Пожарная охрана,Датчик дыма,"257-6.1.36.7.",ДД ПК573 ур.4,3356
193170,Охранная подсистема,КД АВ,"257-6.1.40.1.",КД АВ ПК557 ур.3,3356
193184,Охранная подсистема,КД АВ,"257-6.1.44.1.",КД наземная э/щ №4 ПК541,3356
193179,Пожарная охрана,Тепловой датчик,"257-6.1.43.1.",ТД ПК541-543,3356
193215,Пожарная охрана,Тепловой датчик,"257-6.1.52.1.",ТД ПК526 ур.3,3356
93628,Пожарная охрана,Датчик дыма,"257-1.1.165.7.",ДД ПК340 ур.3,3356
171993,Пожарная охрана,Тепловой датчик,"257-2.1.163.1.",ТД ПК50-53,3356
171994,Пожарная охрана,Тепловой датчик,"257-2.1.163.2.",ТД ПК53-56,3356
171995,Пожарная охрана,Тепловой датчик,"257-2.1.163.3.",ТД ПК56-60,3356
171996,Пожарная охрана,Тепловой датчик,"257-2.1.163.4.",ТД ПК60-63,3356
193089,Охранная подсистема,Датчик движения,"257-6.1.6.2.",ОД ПК573,3356
193115,Пожарная охрана,Датчик дыма,"257-6.1.24.7.",ДД ПК601 ур.2,3356
193130,Пожарная охрана,Датчик дыма,"257-6.1.29.7.",ДД ПК585 ур.4,3356
193156,Охранная подсистема,КД Дверь,"257-6.1.36.1.",КД дверь отс. ПК572 ур.4,3356
193171,Охранная подсистема,КД Дверь,"257-6.1.40.2.",КД дверь отс. ПК557 ур.3,3356
193185,Температурная подсистема,Датчик температуры,"257-6.1.44.255.",Темп. ПК541 э/щ №4,3356
193182,Температурная подсистема,Датчик температуры,"257-6.1.43.255.",Темп. ПК541,3356
193116,Пожарная охрана,Тепловой датчик,"257-6.1.24.1.",ТД ПК601 ур.2,3356
193136,Охранная подсистема,КД Дверь,"257-6.1.30.3.",КД дверь отс. ПК585 ур.3,3356
193159,Охранная подсистема,КД Дверь,"257-6.1.37.3.",КД дверь отс. ПК572 ур.3,3356
193169,Пожарная охрана,Датчик дыма,"257-6.1.40.7.",ДД ПК557 ур.3,3356
193187,Охранная подсистема,КД АВ,"257-6.1.45.1.",КД АВ ПК541 ур.3,3356
193204,Пожарная охрана,Тепловой датчик,"257-6.1.49.3.",ТД ПК533-535,3356
193222,Пожарная охрана,Тепловой датчик,"257-6.1.53.4.",ТД ПК526 ур.1,3356
193114,Охранная подсистема,КД АВ,"257-6.1.23.1.",КД АВ ПК601 ур.2,3356
193134,Пожарная охрана,Тепловой датчик,"257-6.1.30.1.",ТД ПК585 ур.3,3356
193158,Пожарная охрана,Тепловой датчик,"257-6.1.37.2.",ТД ПК573 ур.3,3356
193172,Пожарная охрана,Тепловой датчик,"257-6.1.41.1.",ТД ПК557 ур.2 ТД,3356
193188,Охранная подсистема,КД Дверь,"257-6.1.45.2.",КД дверь отс. ПК541 ур.3,3356
193203,Пожарная охрана,Тепловой датчик,"257-6.1.49.2.",ТД ПК530-532,3356
193223,Температурная подсистема,Датчик температуры,"257-6.1.53.255.",Темп. ПК525,3356
193095,Охранная подсистема,Датчик движения,"257-6.1.10.2.",ОД ВШ ПК557 ур.3,3356
193113,Пожарная охрана,Датчик дыма,"257-6.1.23.7.",ДД ПК601 ур.2,3356
193135,Пожарная охрана,Тепловой датчик,"257-6.1.30.2.","ТД ПК585,5 ур.3",3356
193157,Пожарная охрана,Тепловой датчик,"257-6.1.37.1.",ТД ПК573 ур.3,3356
193173,Охранная подсистема,КД Дверь,"257-6.1.41.2.",КД дверь отс. ПК557 ур.2,3356
193186,Пожарная охрана,Датчик дыма,"257-6.1.45.7.",ДД ПК541 ур.3,3356
193202,Пожарная охрана,Тепловой датчик,"257-6.1.49.1.",ТД ПК527-529,3356
193219,Пожарная охрана,Тепловой датчик,"257-6.1.53.1.",ТД ПК523-525,3356
98142,Пожарная охрана,Тепловой датчик,"257-1.1.121.5.",ТД ПК492-494,3356
98202,Пожарная охрана,Тепловой датчик,"257-2.1.198.1.",ТД ПК255-257 ,3356
98203,Пожарная охрана,Тепловой датчик,"257-2.1.198.2.",ТД ПК258-260 ,3356
98204,Пожарная охрана,Тепловой датчик,"257-2.1.198.3.",ТД ПК261-263,3356
98205,Пожарная охрана,Тепловой датчик,"257-2.1.198.4.",ТД ПК264-266 ,3356
98206,Пожарная охрана,Тепловой датчик,"257-2.1.198.5.",ТД ПК267-268,3356
98223,Охранная подсистема,КД Дверь,"257-2.1.203.3.",КД ПК256 ур.1 отс.дв.,3356
98224,Пожарная охрана,Тепловой датчик,"257-2.1.203.4.",ТД ПК252-254 ,3356
98221,Пожарная охрана,Тепловой датчик,"257-2.1.203.1.",ТД ПК255 ур.1 ,3356
98222,Пожарная охрана,Тепловой датчик,"257-2.1.203.2.",ТД ПК255 ур.1 ,3356
98225,Температурная подсистема,Датчик температуры,"257-2.1.203.255.",Темп. ПК255 ур.1,3356
98220,Температурная подсистема,Датчик температуры,"257-2.1.202.255.",Темп. ПК255 ур.2,3356
98213,Пожарная охрана,Тепловой датчик,"257-2.1.201.1.",ТД ПК255 ур.3 ,3356
98214,Пожарная охрана,Тепловой датчик,"257-2.1.201.2.",ТД ПК255 ур.3 ,3356
98210,Охранная подсистема,КД АВ,"257-2.1.200.1.",КД ПК256 ур.4 АВ,3356
98208,Охранная подсистема,КД Дверь,"257-2.1.199.1.",КД ПК256 ур.4 отс.дв.,3356
98198,Охранная подсистема,Датчик движения,"257-2.1.196.2.",ОД ПК255 ур.4 АВ,3356
98196,Охранная подсистема,Датчик движения,"257-2.1.195.2.",ОД ПК255 ур.4 ВШ,3356
98191,Пожарная охрана,Датчик дыма,"257-2.1.184.7.",ДД ПК11 ур.2,3356
98172,Охранная подсистема,КД Дверь,"257-2.1.142.3.",КД дверь отс. ПК106 ур.1,3356
98171,Охранная подсистема,КД Дверь,"257-2.1.141.2.",КД дверь отс. ПК106 ур.2,3356
98170,Охранная подсистема,КД Дверь,"257-2.1.139.1.",КД дверь отс. ПК106 ур.3,3356
93499,Пожарная охрана,Тепловой датчик,"257-1.1.132.2.",ТД ПК459 ур.1,3356
94843,Охранная подсистема,КД Дверь,"257-2.1.135.3.",КД дверь отс. ПК123 ур.1,3356
98168,Пожарная охрана,Тепловой датчик,"257-2.1.133.2.",ТД ПК123 ур.3,3356
98166,Охранная подсистема,КД Дверь,"257-2.1.130.1.",КД дверь отс. ПК123 ур.4,3356
98167,Пожарная охрана,Тепловой датчик,"257-2.1.130.2.",ТД ПК123 ур.4,3356
93476,Пожарная охрана,Тепловой датчик,"257-1.1.127.1.",ТД ПК473 ур.1,3356
98165,Охранная подсистема,КД Дверь,"257-2.1.127.4.",КД дверь отс. ПК144 ур.1,3356
98164,Охранная подсистема,КД Дверь,"257-2.1.126.2.",КД дверь отс. ПК144 ур.2,3356
98163,Охранная подсистема,КД Дверь,"257-2.1.125.2.",КД дверь отс. ПК144 ур.3,3356
98162,Пожарная охрана,Тепловой датчик,"257-2.1.125.1.",ТД ПК144 ур.3,3356
98161,Пожарная охрана,Тепловой датчик,"257-2.1.122.1.",ТД ПК145-147,3356
98160,Пожарная охрана,Тепловой датчик,"257-2.1.121.1.",ТД ПК155 ур.1,3356
98159,Пожарная охрана,Тепловой датчик,"257-2.1.117.1.",ТД ПК155 ур.1,3356
93578,Пожарная охрана,Тепловой датчик,"257-1.1.151.3.",ТД ПК380-383,3356
98157,Пожарная охрана,Тепловой датчик,"257-2.1.114.3.",ТД ПК167 Гал. ПК6-7,3356
93576,Пожарная охрана,Тепловой датчик,"257-1.1.151.1.",ТД ПК387-390,3356
98156,Пожарная охрана,Тепловой датчик,"257-2.1.114.2.",ТД ПК167 Гал. ПК8,3356
98155,Пожарная охрана,Тепловой датчик,"257-2.1.114.1.",ТД ПК167 Гал. ПК8-10,3356
98158,Охранная подсистема,КД Дверь,"257-2.1.116.3.",КД дверь отс. ПК167,3356
98154,Охранная подсистема,КД Дверь,"257-2.1.97.5.",КД дверь отс. ПК195 ур.1,3356
98195,Пожарная охрана,Датчик дыма,"257-2.1.192.7.",ДД ПК2 Гал. ПК4,3356
98194,Пожарная охрана,Датчик дыма,"257-2.1.191.7.",ДД ПК2 Гал. ПК3,3356
98153,Пожарная охрана,Тепловой датчик,"257-2.1.96.1.",ТД ПК207-209,3356
98151,Пожарная охрана,Тепловой датчик,"257-2.1.93.4.",ТД ПК210-212,3356
98152,Пожарная охрана,Тепловой датчик,"257-2.1.93.5.",ТД ПК212-214,3356
93925,Охранная подсистема,КД Дверь,"257-2.1.85.3.",КД дверь отс. ПК237 ур.1,3356
93918,Охранная подсистема,КД АВ,"257-2.1.83.1.",КД АВ ПК237 ур.2,3356
98189,Пожарная охрана,Датчик дыма,"257-2.1.177.7.",ДД ПК26,3356
98188,Пожарная охрана,Датчик дыма,"257-2.1.170.7.",ДД ПК39 ур.3,3356
94852,Охранная подсистема,КД Дверь,"257-2.1.170.2.",КД дверь отс. ПК39 ур.3,3356
98187,Пожарная охрана,Тепловой датчик,"257-2.1.169.2.",ТД ПК50,3356
98185,Пожарная охрана,Датчик дыма,"257-2.1.166.7.",ДД ПК50 ур.3,3356
98184,Охранная подсистема,КД Дверь,"257-2.1.165.1.",КД дверь отс. ПК50 ур.3,3356
98178,Охранная подсистема,КД Дверь,"257-2.1.156.2.",КД дверь отс. ПК66 ур.1,3356
98179,Пожарная охрана,Датчик дыма,"257-2.1.157.7.",ДД ПК66 ур.3,3356
93554,Охранная подсистема,КД Дверь,"257-1.1.145.2.",КД дверь отс. ПК419 ур.2,3356
98182,Пожарная охрана,Датчик дыма,"257-2.1.160.7.",ДД ПК66 ур.3,3356
94215,Температурная подсистема,Датчик температуры,"257-2.1.193.255.",Темп. ПК0,3356
94861,Пожарная охрана,Датчик дыма,"257-2.1.193.7.",ДД ПК0,3356
94195,Пожарная охрана,Тепловой датчик,"257-2.1.186.1.",ТД ПК10,3356
94196,Температурная подсистема,Датчик температуры,"257-2.1.186.255.",Темп. ПК10,3356
94194,Температурная подсистема,Датчик температуры,"257-2.1.185.255.",Темп. ПК10,3356
94191,Охранная подсистема,КД АВ,"257-2.1.184.1.",КД АВ ПК11 ур.2,3356
94192,Пожарная охрана,Тепловой датчик,"257-2.1.184.2.",ТД ПК10 ур.2,3356
94083,Температурная подсистема,Датчик температуры,"257-2.1.142.255.",Темп. ПК106 ур.1,3356
94081,Пожарная охрана,Тепловой датчик,"257-2.1.142.1.",ТД ПК103-105,3356
94082,Пожарная охрана,Тепловой датчик,"257-2.1.142.2.",ТД ПК106 ур.1,3356
94079,Пожарная охрана,Тепловой датчик,"257-2.1.141.1.",ТД ПК106 ур.2,3356
94074,Пожарная охрана,Датчик дыма,"257-2.1.138.7.",ДД ПК106 ур.3,3356
94845,Пожарная охрана,Датчик дыма,"257-2.1.139.7.",ДД ПК106 ур.3,3356
94846,Пожарная охрана,Датчик дыма,"257-2.1.140.7.",ДД ПК106 ур.3,3356
94844,Пожарная охрана,Датчик дыма,"257-2.1.137.7.",ДД ПК106 ур.3,3356
94071,Температурная подсистема,Датчик температуры,"257-2.1.136.255.",Темп. ПК112,3356
94067,Пожарная охрана,Тепловой датчик,"257-2.1.136.2.",ТД ПК109-111,3356
94068,Пожарная охрана,Тепловой датчик,"257-2.1.136.3.",ТД ПК112-114,3356
94069,Пожарная охрана,Тепловой датчик,"257-2.1.136.4.",ТД ПК114-117,3356
94070,Пожарная охрана,Тепловой датчик,"257-2.1.136.5.",ТД ПК117-119,3356
94065,Пожарная охрана,Тепловой датчик,"257-2.1.135.2.",ТД ПК123 ур.1,3356
94064,Пожарная охрана,Тепловой датчик,"257-2.1.135.1.",ТД ПК121-123,3356
94842,Охранная подсистема,КД Дверь,"257-2.1.134.2.",КД дверь отс. ПК123 ур.2,3356
94062,Пожарная охрана,Тепловой датчик,"257-2.1.134.1.",ТД ПК123 ур.2,3356
94060,Охранная подсистема,КД Дверь,"257-2.1.133.1.",КД дверь отс. ПК123 ур.3,3356
94840,Пожарная охрана,Датчик дыма,"257-2.1.131.7.",ДД ПК123 ур.4,3356
94057,Пожарная охрана,Тепловой датчик,"257-2.1.131.1.",ТД ПК123 ур.4,3356
94839,Пожарная охрана,Датчик дыма,"257-2.1.130.7.",ДД ПК123 ур.4,3356
94841,Пожарная охрана,Датчик дыма,"257-2.1.132.7.",ДД ПК123 ур.4,3356
94838,Пожарная охрана,Датчик дыма,"257-2.1.129.7.",ДД ПК123 ур.4,3356
94053,Температурная подсистема,Датчик температуры,"257-2.1.128.255.",Темп. ПК132,3356
94050,Пожарная охрана,Тепловой датчик,"257-2.1.128.3.",ТД ПК130-132,3356
94051,Пожарная охрана,Тепловой датчик,"257-2.1.128.4.",ТД ПК133-135,3356
94052,Пожарная охрана,Тепловой датчик,"257-2.1.128.5.",ТД ПК136-138,3356
94048,Пожарная охрана,Тепловой датчик,"257-2.1.128.1.",ТД ПК124-127,3356
94049,Пожарная охрана,Тепловой датчик,"257-2.1.128.2.",ТД ПК127-129,3356
94046,Пожарная охрана,Тепловой датчик,"257-2.1.127.3.",ТД ПК139-141,3356
94045,Пожарная охрана,Тепловой датчик,"257-2.1.127.2.",ТД ПК141-144,3356
94044,Пожарная охрана,Тепловой датчик,"257-2.1.127.1.",ТД ПК144 ур.1,3356
94042,Пожарная охрана,Тепловой датчик,"257-2.1.126.1.",ТД ПК144 ур.2,3356
94836,Пожарная охрана,Датчик дыма,"257-2.1.124.7.",ДД ПК144 ур.4,3356
94039,Охранная подсистема,КД АВ,"257-2.1.124.2.",КД АВ ПК144 ур.4,3356
94837,Охранная подсистема,КД Дверь,"257-2.1.124.3.",КД дверь отс. ПК144 ур.4,3356
94038,Пожарная охрана,Тепловой датчик,"257-2.1.124.1.",ТД ПК144 ур.4,3356
94835,Пожарная охрана,Датчик дыма,"257-2.1.123.7.",ДД ПК144 ур.4,3356
94036,Пожарная охрана,Тепловой датчик,"257-2.1.123.1.",ТД ПК144 ур.4,3356
94035,Температурная подсистема,Датчик температуры,"257-2.1.122.255.",Темп. ПК145,3356
94834,Охранная подсистема,КД Дверь,"257-2.1.121.2.",КД дверь отс. ПК155 ур.1,3356
94034,Пожарная охрана,Тепловой датчик,"257-2.1.122.4.",ТД ПК154-155,3356
94033,Пожарная охрана,Тепловой датчик,"257-2.1.122.3.",ТД ПК151-153,3356
94032,Пожарная охрана,Тепловой датчик,"257-2.1.122.2.",ТД ПК148-150,3356
94022,Пожарная охрана,Тепловой датчик,"257-2.1.117.2.",ТД ПК155-158,3356
94023,Пожарная охрана,Тепловой датчик,"257-2.1.117.3.",ТД ПК159-162,3356
94833,Охранная подсистема,КД Дверь,"257-2.1.120.3.",КД дверь отс. ПК155 ур.2,3356
94028,Пожарная охрана,Тепловой датчик,"257-2.1.120.1.",ТД ПК155 ур.2,3356
94029,Пожарная охрана,Тепловой датчик,"257-2.1.120.2.",ТД ПК155 ур.2,3356
94831,Пожарная охрана,Датчик дыма,"257-2.1.119.7.",ДД ПК155 ур.3,3356
94026,Охранная подсистема,КД АВ,"257-2.1.119.1.",КД АВ ПК155 ур.3,3356
94832,Пожарная охрана,Тепловой датчик,"257-2.1.119.2.",ТД ПК155 ур.3,3356
94829,Пожарная охрана,Датчик дыма,"257-2.1.118.7.",ДД ПК155 ур.3,3356
94830,Охранная подсистема,КД Дверь,"257-2.1.118.1.",КД дверь отс. ПК155 ур.3,3356
94017,Пожарная охрана,Тепловой датчик,"257-2.1.115.2.",ТД ПК167 Гал. ПК3-5,3356
94016,Пожарная охрана,Тепловой датчик,"257-2.1.115.1.",ТД ПК167-168,3356
94008,Пожарная охрана,Датчик дыма,"257-2.1.112.7.",ДД ПК167 Гал. ПК12,3356
94010,Охранная подсистема,КД АВ,"257-2.1.112.2.",КД АВ ПК167 Гал. ПК12,3356
94827,Пожарная охрана,Датчик дыма,"257-2.1.113.7.",ДЫМ ПК167 Гал. ПК11,3356
94013,Пожарная охрана,Тепловой датчик,"257-2.1.113.2.",ТД ПК167 Гал. ПК11,3356
94828,Охранная подсистема,КД Дверь,"257-2.1.116.4.",КД дверь отс. ПК167,3356
94019,Пожарная охрана,Тепловой датчик,"257-2.1.116.1.",ТД ПК168-171,3356
94001,Пожарная охрана,Датчик дыма,"257-2.1.110.7.",ДД ПК166 ур.2,3356
94004,Охранная подсистема,КД АВ,"257-2.1.110.3.",КД АВ ПК166 ур.2,3356
94002,Охранная подсистема,КД Дверь,"257-2.1.110.1.",КД дверь отс. ПК167 ур.2,3356
94003,Охранная подсистема,КД Дверь,"257-2.1.110.2.",КД дверь отс. ПК167 ур.2,3356
94826,Пожарная охрана,Датчик дыма,"257-2.1.109.7.",ДД ПК167 ур.2,3356
94006,Пожарная охрана,Датчик дыма,"257-2.1.111.7.",ДД ПК167 ур.2,3356
94188,Температурная подсистема,Датчик температуры,"257-2.1.182.255.",Темп. ПК17,3356
94187,Пожарная охрана,Тепловой датчик,"257-2.1.182.4.",ТД ПК12-14,3356
94186,Пожарная охрана,Тепловой датчик,"257-2.1.182.3.",ТД ПК15-17,3356
94185,Пожарная охрана,Тепловой датчик,"257-2.1.182.2.",ТД ПК17-20,3356
94184,Пожарная охрана,Тепловой датчик,"257-2.1.182.1.",ТД ПК21-23,3356
93999,Температурная подсистема,Датчик температуры,"257-2.1.108.255.",Темп. ПК173,3356
93996,Пожарная охрана,Тепловой датчик,"257-2.1.108.1.",ТД ПК171-173,3356
93995,Температурная подсистема,Датчик температуры,"257-2.1.107.255.",Темп. ПК174 ур.2,3356
93994,Пожарная охрана,Тепловой датчик,"257-2.1.107.1.",ТД ПК174 ур.2,3356
93992,Охранная подсистема,КД Люк,"257-2.1.106.2.",КД люк ПК174 ур.3,3356
93991,Пожарная охрана,Тепловой датчик,"257-2.1.106.1.",ТД ПК174 ур.3,3356
94020,Пожарная охрана,Тепловой датчик,"257-2.1.116.2.",ТД ПК167 ур.1,3356
93989,Пожарная охрана,Тепловой датчик,"257-2.1.105.3.",ТД ПК175-177,3356
93988,Пожарная охрана,Тепловой датчик,"257-2.1.105.2.",ТД ПК177-180,3356
93987,Пожарная охрана,Тепловой датчик,"257-2.1.105.1.",ТД ПК180-183,3356
94824,Охранная подсистема,КД Дверь,"257-2.1.102.3.",КД дверь отс. ПК183 ур.1,3356
93979,Пожарная охрана,Тепловой датчик,"257-2.1.102.1.",ТД ПК183 ур.1,3356
93980,Пожарная охрана,Тепловой датчик,"257-2.1.102.2.",ТД ПК183 ур.1,3356
94825,Пожарная охрана,Датчик дыма,"257-2.1.104.7.",ДД ПК183 ур.2,3356
93982,Пожарная охрана,Датчик дыма,"257-2.1.103.7.",ДД ПК183 ур.2,3356
93983,Охранная подсистема,КД АВ,"257-2.1.103.1.",КД АВ ПК183 ур.2,3356
93984,Охранная подсистема,КД Дверь,"257-2.1.103.2.",КД дверь отс. ПК183 ур.2,3356
93998,Пожарная охрана,Тепловой датчик,"257-2.1.108.3.",ТД ПК174 ур.1,3356
93977,Пожарная охрана,Тепловой датчик,"257-2.1.101.4.",ТД ПК184-187,3356
93976,Пожарная охрана,Тепловой датчик,"257-2.1.101.3.",ТД ПК188-190,3356
93975,Пожарная охрана,Тепловой датчик,"257-2.1.101.2.",ТД ПК190-192,3356
93974,Пожарная охрана,Тепловой датчик,"257-2.1.101.1.",ТД ПК193-195,3356
93972,Пожарная охрана,Тепловой датчик,"257-2.1.100.1.",ТД ПК195 ур.2,3356
94821,Пожарная охрана,Датчик дыма,"257-2.1.98.7.",ДД ПК195 ур.3,3356
93969,Охранная подсистема,КД АВ,"257-2.1.98.2.",КД АВ ПК195 ур.3,3356
94822,Охранная подсистема,КД Дверь,"257-2.1.98.1.",КД дверь отс. ПК195 ур.3,3356
94823,Пожарная охрана,Датчик дыма,"257-2.1.99.7.",ДД ПК195 ур.3,3356
93966,Пожарная охрана,Тепловой датчик,"257-2.1.97.3.",ТД ПК195 ур.1,3356
93967,Пожарная охрана,Тепловой датчик,"257-2.1.97.4.",ТД ПК195 ур.1,3356
93964,Пожарная охрана,Тепловой датчик,"257-2.1.97.1.",ТД ПК196-198,3356
93965,Пожарная охрана,Тепловой датчик,"257-2.1.97.2.",ТД ПК198-201,3356
94201,Пожарная охрана,Тепловой датчик,"257-2.1.188.2.",ТД ПК2,3356
94200,Пожарная охрана,Тепловой датчик,"257-2.1.188.1.",ТД ПК3-5,3356
94210,Охранная подсистема,КД Дверь,"257-2.1.192.1.",КД ПК2 Гал. ПК4 дв. сопр к-р Гарибальди ,3356
94211,Охранная подсистема,КД АВ,"257-2.1.192.2.",КД ПК2 Гал. ПК4 АВ,3356
94208,Пожарная охрана,Тепловой датчик,"257-2.1.191.1.",ТД ПК2 Гал. ПК0-ПК3 ,3356
94203,Пожарная охрана,Тепловой датчик,"257-2.1.189.1.",ТД ПК2 ур.2,3356
94205,Пожарная охрана,Тепловой датчик,"257-2.1.190.1.",ТД ПК2 ур.3,3356
94206,Пожарная охрана,Тепловой датчик,"257-2.1.190.2.",ТД ПК2 ур.3,3356
94859,Пожарная охрана,Тепловой датчик,"257-2.1.181.3.",ТД ПК23-26,3356
94182,Охранная подсистема,КД Дверь,"257-2.1.181.4.",КД дверь отс. ПК27,3356
94180,Пожарная охрана,Тепловой датчик,"257-2.1.181.1.",ТД ПК27,3356
94181,Пожарная охрана,Тепловой датчик,"257-2.1.181.2.",ТД ПК27,3356
94858,Пожарная охрана,Датчик дыма,"257-2.1.180.7.",ДД ПК27,3356
94857,Пожарная охрана,Датчик дыма,"257-2.1.179.7.",ДД ПК27,3356
94177,Температурная подсистема,Датчик температуры,"257-2.1.179.255.",Темп. ПК27,3356
94176,Пожарная охрана,Тепловой датчик,"257-2.1.179.1.",ТД ПК27,3356
94855,Пожарная охрана,Датчик дыма,"257-2.1.178.7.",ДД ПК27,3356
94174,Охранная подсистема,КД Дверь,"257-2.1.178.2.",КД дверь отс. ПК27,3356
94856,Пожарная охрана,Тепловой датчик,"257-2.1.178.1.",ТД ПК27,3356
94172,Охранная подсистема,КД АВ,"257-2.1.177.1.",КД АВ ПК26,3356
94166,Температурная подсистема,Датчик температуры,"257-2.1.175.255.",Темп. ПК39,3356
94163,Пожарная охрана,Тепловой датчик,"257-2.1.175.1.",ТД ПК39,3356
94164,Пожарная охрана,Тепловой датчик,"257-2.1.175.2.",ТД ПК39-43,3356
94165,Пожарная охрана,Тепловой датчик,"257-2.1.175.3.",ТД ПК43-46,3356
94162,Температурная подсистема,Датчик температуры,"257-2.1.174.255.",Темп. ПК39 ур.2,3356
94160,Пожарная охрана,Тепловой датчик,"257-2.1.174.1.",ТД ПК39 ур.2,3356
94161,Пожарная охрана,Тепловой датчик,"257-2.1.174.2.",ТД ПК39 ур.2,3356
94854,Пожарная охрана,Датчик дыма,"257-2.1.172.7.",ДД ПК39 ур.3,3356
94853,Пожарная охрана,Датчик дыма,"257-2.1.171.7.",ДД ПК39 ур.3,3356
94153,Охранная подсистема,КД АВ,"257-2.1.170.1.",КД АВ1 ПК39 ур.3,3356
94150,Пожарная охрана,Тепловой датчик,"257-2.1.169.3.",ТД ПК47-50,3356
94149,Охранная подсистема,КД Дверь,"257-2.1.169.1.",КД дверь отс. ПК50,3356
94151,Пожарная охрана,Тепловой датчик,"257-2.1.169.4.",ТД ПК51,3356
94148,Температурная подсистема,Датчик температуры,"257-2.1.168.255.",Темп. ПК50 ур.2,3356
94147,Охранная подсистема,КД Дверь,"257-2.1.168.3.",КД дверь отс. ПК50 ур.2,3356
94145,Пожарная охрана,Тепловой датчик,"257-2.1.168.1.",ТД ПК50 ур.2,3356
94146,Пожарная охрана,Тепловой датчик,"257-2.1.168.2.",ТД ПК50 ур.2,3356
94850,Пожарная охрана,Датчик дыма,"257-2.1.164.7.",ДД ПК50 ур.3,3356
94139,Охранная подсистема,КД АВ,"257-2.1.164.1.",КД АВ ПК50 ур.3,3356
94851,Пожарная охрана,Датчик дыма,"257-2.1.167.7.",ДД ПК50 ур.3,3356
94143,Охранная подсистема,КД Дверь,"257-2.1.167.1.",КД дверь отс. ПК50 ур.3,3356
94138,Температурная подсистема,Датчик температуры,"257-2.1.163.255.",Темп. ПК57,3356
94137,Температурная подсистема,Датчик температуры,"257-2.1.162.255.",Темп. ПК65,3356
94136,Пожарная охрана,Тепловой датчик,"257-2.1.162.2.",ТД ПК63-65,3356
94135,Пожарная охрана,Тепловой датчик,"257-2.1.162.1.",ТД ПК66,3356
94124,Температурная подсистема,Датчик температуры,"257-2.1.156.255.",Темп. ПК66,3356
94123,Пожарная охрана,Тепловой датчик,"257-2.1.156.1.",ТД ПК66 ур.1,3356
94133,Пожарная охрана,Тепловой датчик,"257-2.1.161.1.",ТД ПК66 ур.2,3356
94849,Пожарная охрана,Датчик дыма,"257-2.1.158.7.",ДД ПК66 ур.3,3356
94128,Охранная подсистема,КД Дверь,"257-2.1.158.2.",КД дверь отс. ПК66 ур.3,3356
94127,Пожарная охрана,Тепловой датчик,"257-2.1.158.1.",ТД ПК66 ур.3,3356
94125,Охранная подсистема,КД АВ,"257-2.1.157.1.",КД АВ ПК66 ур.3,3356
94122,Температурная подсистема,Датчик температуры,"257-2.1.155.255.",Темп. ПК75,3356
98181,Охранная подсистема,КД Дверь,"257-2.1.159.2.",КД дверь отс. ПК66 ур.3,3356
94117,Пожарная охрана,Тепловой датчик,"257-2.1.155.1.",ТД ПК66-69,3356
94118,Пожарная охрана,Тепловой датчик,"257-2.1.155.2.",ТД ПК69-71,3356
94119,Пожарная охрана,Тепловой датчик,"257-2.1.155.3.",ТД ПК72-73,3356
94120,Пожарная охрана,Тепловой датчик,"257-2.1.155.4.",ТД ПК74-76,3356
94121,Пожарная охрана,Тепловой датчик,"257-2.1.155.5.",ТД ПК76 ур.1,3356
94116,Температурная подсистема,Датчик температуры,"257-2.1.154.255.",Темп. ПК76 ур.2,3356
94115,Пожарная охрана,Тепловой датчик,"257-2.1.154.1.",ТД ПК76 ур.2,3356
94113,Пожарная охрана,Тепловой датчик,"257-2.1.153.1.",ТД ПК76 ур.3,3356
94110,Пожарная охрана,Тепловой датчик,"257-2.1.152.1.",ТД ПК76 ур.4,3356
94111,Пожарная охрана,Тепловой датчик,"257-2.1.152.3.",ТД ПК76 ур.4,3356
94103,Пожарная охрана,Датчик дыма,"257-2.1.149.7.",ДД ПК76 ур.5,3356
94104,Охранная подсистема,КД Дверь,"257-2.1.149.1.",КД дверь отс. ПК76 ур.5,3356
94106,Охранная подсистема,КД АВ,"257-2.1.150.1.",КД АВ ПК77 ур.5,3356
94108,Охранная подсистема,КД АВ,"257-2.1.151.1.",КД наземная э/щ №1 ПК77,3356
94094,Пожарная охрана,Датчик дыма,"257-2.1.147.7.",ДД ПК85 ур.2,3356
94097,Температурная подсистема,Датчик температуры,"257-2.1.147.255.",Темп. ПК85 ур.2,3356
94095,Охранная подсистема,КД Дверь,"257-2.1.147.1.",КД дверь отс. ПК85 ур.2,3356
94847,Пожарная охрана,Датчик дыма,"257-2.1.144.7.",ДД ПК86 ур.2,3356
94091,Температурная подсистема,Датчик температуры,"257-2.1.144.255.",Темп. ПК86 ур.2,3356
94090,Охранная подсистема,КД АВ,"257-2.1.144.1.",КД АВ ПК86 ур.2,3356
94848,Пожарная охрана,Датчик дыма,"257-2.1.145.7.",ДД ПК85 ур.2,3356
94092,Температурная подсистема,Датчик температуры,"257-2.1.145.255.",Темп. ПК85 ур.2,3356
94199,Температурная подсистема,Датчик температуры,"257-2.1.187.255.",Темп. ПК9,3356
94198,Пожарная охрана,Тепловой датчик,"257-2.1.187.2.",ТД ПК7-9,3356
94860,Охранная подсистема,КД Дверь,"257-2.1.187.3.",КД дверь отс. ПК10,3356
94197,Пожарная охрана,Тепловой датчик,"257-2.1.187.1.",ТД ПК9,3356
94089,Температурная подсистема,Датчик температуры,"257-2.1.143.255.",Темп. ПК92,3356
94088,Пожарная охрана,Тепловой датчик,"257-2.1.143.5.",ТД ПК100-102,3356
94086,Пожарная охрана,Тепловой датчик,"257-2.1.143.3.",ТД ПК82-85,3356
94084,Пожарная охрана,Тепловой датчик,"257-2.1.143.1.",ТД ПК86-89,3356
94085,Пожарная охрана,Тепловой датчик,"257-2.1.143.2.",ТД ПК89-92,3356
94087,Пожарная охрана,Тепловой датчик,"257-2.1.143.4.",ТД ПК96-99,3356
93909,Охранная подсистема,Датчик движения,"257-2.1.81.2.",ОД ПК0,3356
93898,Температурная подсистема,Датчик температуры,"257-2.1.75.1.",Темп.ПК10,3356
93895,Охранная подсистема,Датчик движения,"257-2.1.74.2.",ОД АВ ПК11 ур.2,3356
93833,Охранная подсистема,Датчик движения,"257-2.1.43.2.",ОД ПК106 ур.1,3356
93829,Охранная подсистема,Датчик движения,"257-2.1.41.2.",ОД АВ ПК106 ур.3,3356
93826,Температурная подсистема,Датчик температуры,"257-2.1.39.1.",Темп. ПК123 ур.1,3356
93825,Охранная подсистема,Датчик движения,"257-2.1.39.2.",ОД ПК123 ур.1,3356
93817,Охранная подсистема,Датчик движения,"257-2.1.35.2.",ОД АВ ПК123 ур.4,3356
93819,Охранная подсистема,Датчик движения,"257-2.1.36.2.",ОД ВШ ПК123 ур.4,3356
93813,Охранная подсистема,Датчик движения,"257-2.1.33.2.",ОД ПК144 ур.1,3356
93807,Охранная подсистема,Датчик движения,"257-2.1.30.2.",ОД АВ ПК144 ур.4,3356
93805,Охранная подсистема,Датчик движения,"257-2.1.29.2.",ОД ВШ ПК144 ур.4,3356
93799,Охранная подсистема,Датчик движения,"257-2.1.26.2.",ОД АВ ПК155 ур.3,3356
93797,Охранная подсистема,Датчик движения,"257-2.1.25.2.",ОД ВШ ПК155 ур.3,3356
93794,Температурная подсистема,Датчик температуры,"257-2.1.23.1.",Темп. ПК167,3356
93793,Охранная подсистема,Датчик движения,"257-2.1.23.2.",ОД ПК167,3356
93789,Охранная подсистема,Датчик движения,"257-2.1.21.2.",ОД АВ ПК167 Гал. ПК12,3356
93787,Охранная подсистема,Датчик движения,"257-2.1.20.2.",ОД ПК167 ур.2,3356
93785,Охранная подсистема,Датчик движения,"257-2.1.19.2.",ОД АВ ПК166 ур.2,3356
93783,Охранная подсистема,Датчик движения,"257-2.1.18.2.",ОД ВШ ПК167 ур.2,3356
93782,Температурная подсистема,Датчик температуры,"257-2.1.17.1.",Темп. ПК174 ур.1,3356
93781,Охранная подсистема,Датчик движения,"257-2.1.17.2.",ОД ПК174 ур.1,3356
93779,Охранная подсистема,Датчик движения,"257-2.1.16.2.",ОД ПК174 ур.3,3356
93775,Охранная подсистема,Датчик движения,"257-2.1.14.2.",ОД АВ ПК183 ур.2,3356
93777,Охранная подсистема,Датчик движения,"257-2.1.15.2.",ОД ВШ ПК183 ур.2,3356
93769,Охранная подсистема,Датчик движения,"257-2.1.11.2.",ОД АВ ПК196 ур.3,3356
93771,Охранная подсистема,Датчик движения,"257-2.1.12.2.",ОД ВШ ПК196 ур.3,3356
93908,Температурная подсистема,Датчик температуры,"257-2.1.80.1.",Темп. ПК2 Гал.ПК4,3356
93907,Охранная подсистема,Датчик движения,"257-2.1.80.2.",ОД ПК2 Гал.ПК4,3356
93889,Охранная подсистема,Датчик движения,"257-2.1.71.2.",ОД ПК26,3356
93879,Охранная подсистема,Датчик движения,"257-2.1.66.2.",ОД ВШ ПК39 ур.3,3356
93881,Охранная подсистема,Датчик движения,"257-2.1.67.2.",ОД АВ1 ПК39 ур.3,3356
93902,Температурная подсистема,Датчик температуры,"257-2.1.77.1.",Темп. ПК4,3356
93901,Охранная подсистема,Датчик движения,"257-2.1.77.2.",ОД ПК4,3356
93869,Охранная подсистема,Датчик движения,"257-2.1.61.2.",ОД ПК50 ур.3,3356
93873,Охранная подсистема,Датчик движения,"257-2.1.63.2.",ОД АВ ПК50 ур.3,3356
93865,Охранная подсистема,Датчик движения,"257-2.1.59.2.",ОД ПК65,3356
93859,Охранная подсистема,Датчик движения,"257-2.1.56.2.",ОД АВ ПК66 ур.3,3356
93861,Охранная подсистема,Датчик движения,"257-2.1.57.2.",ОД ВШ ПК66 ур.3,3356
93843,Охранная подсистема,Датчик движения,"257-2.1.48.2.",ОД ПК76 ур.4,3356
93845,Охранная подсистема,Датчик движения,"257-2.1.49.2.",ОД АВ ПК77 ур.5,3356
93847,Охранная подсистема,Датчик движения,"257-2.1.50.2.",ОД ПК77 э/щ №1,3356
93838,Температурная подсистема,Датчик температуры,"257-2.1.45.1.",Темп. АВ ПК86,3356
93837,Охранная подсистема,Датчик движения,"257-2.1.45.2.",ОД АВ ПК86 ур2  ,3356
94168,Пожарная охрана,Тепловой датчик,"257-2.1.176.2.",ТД ПК37-39,3356
94167,Пожарная охрана,Тепловой датчик,"257-2.1.176.1.",ТД ПК33-36,3356
94169,Пожарная охрана,Тепловой датчик,"257-2.1.176.3.",ТД ПК30-32,3356
94170,Пожарная охрана,Тепловой датчик,"257-2.1.176.4.",ТД ПК28-29,3356
93934,Охранная подсистема,КД Дверь,"257-2.1.87.3.",КД дверь отс. ПК228 ур.1,3356
93856,Температурная подсистема,Датчик температуры,"257-2.1.54.1.",Темп. ПК75,3356
93855,Охранная подсистема,Датчик движения,"257-2.1.54.2.",ОД ПК75,3356
94102,Температурная подсистема,Датчик температуры,"257-2.1.148.255.",Темп. ПК85 ур.1,3356
94099,Охранная подсистема,КД Дверь,"257-2.1.148.2.",КД дверь отс. ПК85 ур.1,3356
94098,Пожарная охрана,Тепловой датчик,"257-2.1.148.1.",ТД ПК85 ур.1,3356
94100,Пожарная охрана,Тепловой датчик,"257-2.1.148.3.",ТД ПК83-84,3356
94101,Пожарная охрана,Тепловой датчик,"257-2.1.148.4.",ТД ПК80-83,3356
93839,Охранная подсистема,Датчик движения,"257-2.1.46.2.",ОД ВШ ПК85 ур2 ,3356
93913,Пожарная охрана,Тепловой датчик,"257-2.1.82.3.",ТД ПК245-247,3356
98177,Охранная подсистема,КД Дверь,"257-2.1.154.2.",КД дверь отс. ПК76 ур.2,3356
93962,Пожарная охрана,Тепловой датчик,"257-2.1.96.3.",ТД ПК201-203,3356
93961,Пожарная охрана,Тепловой датчик,"257-2.1.96.2.",ТД ПК204-206,3356
93953,Пожарная охрана,Тепловой датчик,"257-2.1.93.1.",ТД ПК206 ур.1,3356
93954,Пожарная охрана,Тепловой датчик,"257-2.1.93.2.",ТД ПК206 ур.1,3356
94820,Пожарная охрана,Датчик дыма,"257-2.1.95.7.",ДД ПК206 ур.3,3356
93958,Охранная подсистема,КД Дверь,"257-2.1.95.1.",КД дверь отс. ПК209 ур.2,3356
93959,Охранная подсистема,КД АВ,"257-2.1.95.2.",КД АВ ПК209 ур.3,3356
94819,Пожарная охрана,Датчик дыма,"257-2.1.94.7.",ДД ПК206 ур.3,3356
93956,Пожарная охрана,Тепловой датчик,"257-2.1.94.1.",ТД ПК206 ур.2,3356
93933,Пожарная охрана,Тепловой датчик,"257-2.1.87.2.",ТД ПК228 ур.1,3356
93932,Пожарная охрана,Тепловой датчик,"257-2.1.87.1.",ТД ПК228 ур.1,3356
93947,Пожарная охрана,Тепловой датчик,"257-2.1.92.1.",ТД ПК225-227,3356
93948,Пожарная охрана,Тепловой датчик,"257-2.1.92.2.",ТД ПК223-225,3356
93949,Пожарная охрана,Тепловой датчик,"257-2.1.92.3.",ТД ПК220-222,3356
93950,Пожарная охрана,Тепловой датчик,"257-2.1.92.4.",ТД ПК217-219,3356
93951,Пожарная охрана,Тепловой датчик,"257-2.1.92.5.",ТД ПК215-217,3356
93945,Охранная подсистема,КД Дверь,"257-2.1.91.3.",КД дверь отс. ПК228 ур.2,3356
93943,Пожарная охрана,Тепловой датчик,"257-2.1.91.1.",ТД ПК228 ур.2,3356
93944,Пожарная охрана,Тепловой датчик,"257-2.1.91.2.",ТД ПК228 ур.2,3356
94817,Пожарная охрана,Датчик дыма,"257-2.1.89.7.",ДД ПК228 ур.3,3356
94818,Пожарная охрана,Датчик дыма,"257-2.1.90.7.",ДД ПК227 ур.3,3356
93940,Охранная подсистема,КД АВ,"257-2.1.90.1.",КД АВ ПК227 ур.3,3356
93941,Охранная подсистема,КД Дверь,"257-2.1.90.2.",КД дверь отс. ПК228 ур.3,3356
93936,Пожарная охрана,Датчик дыма,"257-2.1.88.7.",ДД ПК228 э/щ №2,3356
93937,Охранная подсистема,КД АВ,"257-2.1.88.1.",КД наземня э/щ №2 ПК228,3356
93931,Температурная подсистема,Датчик температуры,"257-2.1.86.255.",Темп. ПК237,3356
93930,Пожарная охрана,Тепловой датчик,"257-2.1.86.4.",ТД ПК229-231,3356
93927,Пожарная охрана,Тепловой датчик,"257-2.1.86.1.",ТД ПК235-237,3356
93929,Пожарная охрана,Тепловой датчик,"257-2.1.86.3.",ТД ПК231-233,3356
93928,Пожарная охрана,Тепловой датчик,"257-2.1.86.2.",ТД ПК233-235,3356
93912,Пожарная охрана,Тепловой датчик,"257-2.1.82.2.",ТД ПК241-244,3356
93911,Пожарная охрана,Тепловой датчик,"257-2.1.82.1.",ТД ПК238-241,3356
93915,Пожарная охрана,Тепловой датчик,"257-2.1.82.5.",ТД ПК251-254,3356
93924,Пожарная охрана,Тепловой датчик,"257-2.1.85.2.",ТД ПК238 ур.1,3356
93923,Пожарная охрана,Тепловой датчик,"257-2.1.85.1.",ТД ПК238 ур.1,3356
93921,Пожарная охрана,Датчик дыма,"257-2.1.84.7.",ДД ПК238 ур.2,3356
93917,Пожарная охрана,Датчик дыма,"257-2.1.83.7.",ДД ПК238 ур.2,3356
93919,Охранная подсистема,КД Дверь,"257-2.1.83.2.",КД дверь отс. ПК237 ур.2,3356
93765,Охранная подсистема,Датчик движения,"257-2.1.9.2.",ОД АВ ПК209 ур.3,3356
93763,Охранная подсистема,Датчик движения,"257-2.1.8.2.",ОД ВШ ПК209 ур.3,3356
93759,Охранная подсистема,Датчик движения,"257-2.1.6.2.",ОД АВ ПК227 ур.3,3356
93757,Охранная подсистема,Датчик движения,"257-2.1.5.2.",ОД ВШ ПК228 ур.3,3356
93756,Температурная подсистема,Датчик температуры,"257-2.1.4.1.",Темп. ПК228 э/щ №2,3356
93755,Охранная подсистема,Датчик движения,"257-2.1.4.2.",ОД ПК228 э/щ №2,3356
93747,Охранная подсистема,Датчик движения,"257-2.1.4095.2.",ОД АВ ПК238 ур.2,3356
93749,Охранная подсистема,Датчик движения,"257-2.1.1.2.",ОД ВШ ПК238 ур.2,3356
94216,Температурная подсистема,Датчик температуры,"257-2.1.194.255.",Темп. ПК0,3356
93720,Температурная подсистема,Датчик температуры,"257-1.1.188.255.",Темп. ПК269 ур.1,3356
93719,Пожарная охрана,Тепловой датчик,"257-1.1.188.2.",ТД ПК269 ур.1,3356
93713,Пожарная охрана,Тепловой датчик,"257-1.1.186.2.",ТД ПК269 ур.4,3356
93714,Пожарная охрана,Тепловой датчик,"257-1.1.186.3.",ТД ПК269 ур.4,3356
93712,Охранная подсистема,КД Дверь,"257-1.1.186.1.",КД дверь отс. ПК269 ур.4,3356
93710,Охранная подсистема,КД АВ,"257-1.1.185.1.",КД АВ2 ПК269 ур.5,3356
93707,Охранная подсистема,КД Дверь,"257-1.1.184.1.",КД дверь отс. ПК269 ур.5,3356
93705,Пожарная охрана,Тепловой датчик,"257-1.1.183.3.",ТД ПК269-271,3356
93704,Пожарная охрана,Тепловой датчик,"257-1.1.183.2.",ТД ПК272-274,3356
93703,Пожарная охрана,Тепловой датчик,"257-1.1.183.1.",ТД ПК275-277,3356
93702,Температурная подсистема,Датчик температуры,"257-1.1.182.255.",Темп. ПК277,3356
93701,Пожарная охрана,Тепловой датчик,"257-1.1.182.4.",ТД ПК275-277,3356
93700,Пожарная охрана,Тепловой датчик,"257-1.1.182.3.",ТД ПК278-280,3356
93698,Пожарная охрана,Тепловой датчик,"257-1.1.182.1.",ТД ПК284-286,3356
93699,Пожарная охрана,Тепловой датчик,"257-1.1.182.2.",ТД ПК281-283,3356
93689,Температурная подсистема,Датчик температуры,"257-1.1.178.255.",Темп. ПК287,3356
93686,Пожарная охрана,Тепловой датчик,"257-1.1.178.3.",ТД ПК284-286,3356
93685,Охранная подсистема,КД Дверь,"257-1.1.178.2.",КД дверь отс. ПК287 ур.1,3356
93684,Пожарная охрана,Тепловой датчик,"257-1.1.178.1.",ТД ПК287 ур.1,3356
93687,Пожарная охрана,Тепловой датчик,"257-1.1.178.4.",ТД ПК287-289,3356
93695,Охранная подсистема,КД Дверь,"257-1.1.181.1.",КД дверь отс. ПК287 ур.2,3356
93696,Пожарная охрана,Тепловой датчик,"257-1.1.181.2.",ТД ПК287 ур.2,3356
93690,Охранная подсистема,КД АВ,"257-1.1.179.1.",КД АВ ПК287 ур.3,3356
93683,Температурная подсистема,Датчик температуры,"257-1.1.177.255.",Темп.ПК296,3356
93682,Пожарная охрана,Тепловой датчик,"257-1.1.177.4.",ТД ПК293-295,3356
93679,Пожарная охрана,Тепловой датчик,"257-1.1.177.1.",ТД ПК296-298,3356
93681,Пожарная охрана,Тепловой датчик,"257-1.1.177.3.",ТД ПК302-304,3356
93678,Температурная подсистема,Датчик температуры,"257-1.1.176.255.",Темп. ПК304 ур.2,3356
93676,Охранная подсистема,КД Дверь,"257-1.1.176.1.",КД дверь отс. ПК304 ур.2,3356
93677,Пожарная охрана,Тепловой датчик,"257-1.1.176.2.",ТД ПК304 ур.2,3356
93671,Пожарная охрана,Датчик дыма,"257-1.1.175.7.",ДД ПК304 ур.3,3356
93673,Охранная подсистема,КД АВ,"257-1.1.175.2.",КД АВ ПК304 ур.3,3356
93672,Охранная подсистема,КД Дверь,"257-1.1.175.1.",КД дверь отс. ПК304 ур.3,3356
93674,Пожарная охрана,Тепловой датчик,"257-1.1.175.3.",ТД ПК304 ур.3,3356
93670,Температурная подсистема,Датчик температуры,"257-1.1.174.255.",Темп. ПК305,3356
93666,Охранная подсистема,КД Дверь,"257-1.1.174.2.",КД дверь отс. ПК304 ур.1,3356
93665,Пожарная охрана,Тепловой датчик,"257-1.1.174.1.",ТД ПК304-305,3356
93667,Пожарная охрана,Тепловой датчик,"257-1.1.174.3.",ТД ПК305-306,3356
93668,Пожарная охрана,Тепловой датчик,"257-1.1.174.4.",ТД ПК307-309,3356
93669,Пожарная охрана,Тепловой датчик,"257-1.1.174.5.",ТД ПК309-311,3356
93664,Температурная подсистема,Датчик температуры,"257-1.1.173.255.",Темп. ПК313,3356
93662,Пожарная охрана,Тепловой датчик,"257-1.1.173.2.",ТД ПК315-317,3356
93661,Пожарная охрана,Тепловой датчик,"257-1.1.173.1.",ТД ПК318-320,3356
93663,Пожарная охрана,Тепловой датчик,"257-1.1.173.3.",ТД ПК313-315,3356
93658,Охранная подсистема,КД Дверь,"257-1.1.172.1.",КД дверь отс. ПК319 ур.2,3356
93659,Пожарная охрана,Тепловой датчик,"257-1.1.172.2.",ТД ПК321 ур.2,3356
93650,Пожарная охрана,Датчик дыма,"257-1.1.170.7.",ДД ПК319 ур.3,3356
93651,Охранная подсистема,КД АВ,"257-1.1.170.1.",КД АВ ПК319 ур.3,3356
93652,Пожарная охрана,Тепловой датчик,"257-1.1.170.2.",ТД ПК321 ур.3,3356
93649,Температурная подсистема,Датчик температуры,"257-1.1.169.255.",Темп. ПК322,3356
93645,Охранная подсистема,КД Дверь,"257-1.1.169.2.",КД дверь отс. ПК319 ур.1,3356
93644,Пожарная охрана,Тепловой датчик,"257-1.1.169.1.",ТД ПК321-322,3356
93646,Пожарная охрана,Тепловой датчик,"257-1.1.169.3.",ТД ПК329-331,3356
93648,Пожарная охрана,Тепловой датчик,"257-1.1.169.5.",ТД ПК322-325,3356
93647,Пожарная охрана,Тепловой датчик,"257-1.1.169.4.",ТД ПК326-329,3356
93638,Температурная подсистема,Датчик температуры,"257-1.1.167.255.",Темп. ПК340,3356
93635,Пожарная охрана,Тепловой датчик,"257-1.1.167.1.",ТД ПК340 ур.1,3356
93624,Пожарная охрана,Датчик дыма,"257-1.1.164.7.",ДД ПК340 ур.3,3356
93623,Температурная подсистема,Датчик температуры,"257-1.1.163.255.",Темп. ПК341,3356
93620,Пожарная охрана,Тепловой датчик,"257-1.1.163.1.",ТД ПК341-342,3356
93636,Пожарная охрана,Тепловой датчик,"257-1.1.167.2.",ТД ПК340 ур.1,3356
93619,Температурная подсистема,Датчик температуры,"257-1.1.162.255.",Темп. ПК354,3356
93618,Охранная подсистема,КД Дверь,"257-1.1.162.4.",КД дверь отс. ПК355 ур.1,3356
93604,Охранная подсистема,КД Дверь,"257-1.1.158.3.",КД дверь отс. ПК355 ур.3,3356
93603,Пожарная охрана,Тепловой датчик,"257-1.1.158.2.",ТД ПК355 ур.3,3356
93602,Пожарная охрана,Тепловой датчик,"257-1.1.158.1.",ТД ПК355-358,3356
93612,Охранная подсистема,КД Дверь,"257-1.1.161.1.",КД дверь отс. ПК355 ур.2,3356
93613,Пожарная охрана,Тепловой датчик,"257-1.1.161.2.",ТД ПК355 ур.2,3356
93606,Пожарная охрана,Датчик дыма,"257-1.1.159.7.",ДД ПК355 ур.4,3356
93607,Охранная подсистема,КД АВ,"257-1.1.159.1.",КД АВ ПК355 ур.4,3356
93610,Охранная подсистема,КД Дверь,"257-1.1.160.1.",КД дверь отс. ПК355 ур.4,3356
93601,Температурная подсистема,Датчик температуры,"257-1.1.157.255.",Темп. ПК369,3356
93600,Пожарная охрана,Тепловой датчик,"257-1.1.157.4.",ТД ПК358-361,3356
93598,Пожарная охрана,Тепловой датчик,"257-1.1.157.2.",ТД ПК364-367,3356
93597,Пожарная охрана,Тепловой датчик,"257-1.1.157.1.",ТД ПК367-370,3356
93626,Охранная подсистема,КД АВ,"257-1.1.164.2.",КД АВ ПК340 ур.3,3356
93617,Пожарная охрана,Тепловой датчик,"257-1.1.162.3.",ТД ПК345-348,3356
93621,Пожарная охрана,Тепловой датчик,"257-1.1.163.2.",ТД ПК343-345,3356
93622,Пожарная охрана,Тепловой датчик,"257-1.1.163.3.",ТД ПК346-348,3356
93615,Пожарная охрана,Тепловой датчик,"257-1.1.162.1.",ТД ПК352-354,3356
93616,Пожарная охрана,Тепловой датчик,"257-1.1.162.2.",ТД ПК349-351,3356
93583,Температурная подсистема,Датчик температуры,"257-1.1.152.255.",Темп. ПК371,3356
93580,Пожарная охрана,Тепловой датчик,"257-1.1.152.1.",ТД ПК371-373,3356
93581,Пожарная охрана,Тепловой датчик,"257-1.1.152.2.",ТД ПК374-377,3356
93582,Пожарная охрана,Тепловой датчик,"257-1.1.152.3.",ТД ПК377-380,3356
93596,Температурная подсистема,Датчик температуры,"257-1.1.156.255.",Темп. ПК371 ур.2,3356
93594,Охранная подсистема,КД Дверь,"257-1.1.156.2.",КД дверь отс. ПК371 ур.2,3356
93593,Пожарная охрана,Тепловой датчик,"257-1.1.156.1.",ТД ПК371 ур.2,3356
93595,Пожарная охрана,Тепловой датчик,"257-1.1.156.3.",ТД ПК371 ур.2,3356
93590,Пожарная охрана,Датчик дыма,"257-1.1.155.7.",ДД ПК371 ур.3,3356
93591,Охранная подсистема,КД Дверь,"257-1.1.155.1.",КД дверь отс. ПК371 ур.3,3356
93587,Пожарная охрана,Датчик дыма,"257-1.1.154.7.",ДД ПК371 ур.3,3356
93588,Охранная подсистема,КД АВ,"257-1.1.154.1.",КД АВ ПК371 ур.3,3356
93584,Пожарная охрана,Датчик дыма,"257-1.1.153.7.",ДД ПК371 э/щ №3,3356
93586,Температурная подсистема,Датчик температуры,"257-1.1.153.255.",Темп. ПК371 э/щ №3,3356
93585,Охранная подсистема,КД АВ,"257-1.1.153.1.",КД наземная э/щ №3 ПК371,3356
93579,Температурная подсистема,Датчик температуры,"257-1.1.151.255.",Темп. ПК390,3356
93565,Температурная подсистема,Датчик температуры,"257-1.1.147.255.",Темп. ПК391,3356
93561,Пожарная охрана,Тепловой датчик,"257-1.1.147.1.",ТД ПК391-393,3356
93562,Пожарная охрана,Тепловой датчик,"257-1.1.147.2.",ТД ПК394-397,3356
93563,Пожарная охрана,Тепловой датчик,"257-1.1.147.3.",ТД ПК397-400,3356
93564,Пожарная охрана,Тепловой датчик,"257-1.1.147.4.",ТД ПК401-404,3356
93573,Охранная подсистема,КД Дверь,"257-1.1.150.2.",КД дверь отс. ПК391 ур.2,3356
93569,Пожарная охрана,Датчик дыма,"257-1.1.149.7.",ДД ПК391 ур.3,3356
93570,Охранная подсистема,КД Дверь,"257-1.1.149.1.",КД дверь отс. ПК391 ур.3,3356
93566,Пожарная охрана,Датчик дыма,"257-1.1.148.7.",ДД ПК391 ур.3,3356
93560,Температурная подсистема,Датчик температуры,"257-1.1.146.255.",Темп. ПК417,3356
93559,Пожарная охрана,Тепловой датчик,"257-1.1.146.4.",ТД ПК403-408,3356
93558,Пожарная охрана,Тепловой датчик,"257-1.1.146.3.",ТД ПК408-411,3356
93556,Пожарная охрана,Тепловой датчик,"257-1.1.146.1.",ТД ПК415-418,3356
93557,Пожарная охрана,Тепловой датчик,"257-1.1.146.2.",ТД ПК411-414,3356
93548,Температурная подсистема,Датчик температуры,"257-1.1.143.255.",Темп. ПК419 ур.1,3356
93545,Охранная подсистема,КД Дверь,"257-1.1.143.2.",КД дверь отс. ПК419 ур.1,3356
93544,Пожарная охрана,Тепловой датчик,"257-1.1.143.1.",ТД ПК419 ур.1,3356
93546,Пожарная охрана,Тепловой датчик,"257-1.1.143.3.",ТД ПК419-421,3356
93547,Пожарная охрана,Тепловой датчик,"257-1.1.143.4.",ТД ПК422-424,3356
98176,Охранная подсистема,КД Дверь,"257-2.1.152.2.",КД дверь отс. ПК76 ур.4,3356
93553,Пожарная охрана,Тепловой датчик,"257-1.1.145.1.",ТД ПК419 ур.2,3356
93500,Охранная подсистема,КД Дверь,"257-1.1.132.3.",КД дверь отс. ПК459 ур.1,3356
93549,Пожарная охрана,Датчик дыма,"257-1.1.144.7.",ДД  ПК419 ур.3,3356
93551,Охранная подсистема,КД АВ,"257-1.1.144.2.",КД АВ ПК419 ур.3,3356
93550,Охранная подсистема,КД Дверь,"257-1.1.144.1.",КД дверь отс. ПК419 ур.3,3356
93543,Температурная подсистема,Датчик температуры,"257-1.1.142.255.",Темп. ПК431,3356
93538,Пожарная охрана,Тепловой датчик,"257-1.1.142.1.",ТД ПК432 ур.1,3356
93539,Пожарная охрана,Тепловой датчик,"257-1.1.142.2.",ТД ПК432 ур.1,3356
93542,Пожарная охрана,Тепловой датчик,"257-1.1.142.5.",ТД ПК425-427,3356
93541,Пожарная охрана,Тепловой датчик,"257-1.1.142.4.",ТД ПК428-431,3356
93536,Охранная подсистема,КД Дверь,"257-1.1.141.3.",КД дверь отс. ПК432 ур.2,3356
93534,Пожарная охрана,Тепловой датчик,"257-1.1.141.1.",ТД ПК432 ур.2,3356
93535,Пожарная охрана,Тепловой датчик,"257-1.1.141.2.",ТД ПК432 ур.2,3356
93532,Охранная подсистема,КД Дверь,"257-1.1.140.3.",КД дверь отс. ПК432 ур.3,3356
93530,Пожарная охрана,Тепловой датчик,"257-1.1.140.1.",ТД ПК432 ур.3,3356
93531,Пожарная охрана,Тепловой датчик,"257-1.1.140.2.",ТД ПК432 ур.3,3356
93527,Пожарная охрана,Датчик дыма,"257-1.1.139.7.",ДД ПК432 ур.4,3356
93528,Охранная подсистема,КД Дверь,"257-1.1.139.1.",КД дверь отс. ПК432 ур.4,3356
93522,Пожарная охрана,Датчик дыма,"257-1.1.138.7.",ДД ПК432 ур.4,3356
93523,Охранная подсистема,КД АВ,"257-1.1.138.1.",КД АВ ПК432 ур.4,3356
93524,Пожарная охрана,Тепловой датчик,"257-1.1.138.2.",ТД ПК432-433,3356
93525,Пожарная охрана,Тепловой датчик,"257-1.1.138.3.",ТД ПК434-436,3356
93518,Пожарная охрана,Тепловой датчик,"257-1.1.137.3.",ТД ПК447 ур.1,3356
93517,Пожарная охрана,Тепловой датчик,"257-1.1.137.2.",ТД ПК442-444,3356
93516,Пожарная охрана,Тепловой датчик,"257-1.1.137.1.",ТД ПК445-447,3356
93519,Пожарная охрана,Тепловой датчик,"257-1.1.137.4.",ТД ПК447 ур.1,3356
93520,Охранная подсистема,КД Дверь,"257-1.1.137.5.",КД дверь отс. ПК447 ур.1,3356
93514,Охранная подсистема,КД Дверь,"257-1.1.136.2.",КД дверь отс. ПК447 ур.2,3356
93513,Пожарная охрана,Тепловой датчик,"257-1.1.136.1.",ТД ПК447 ур.2,3356
93507,Пожарная охрана,Датчик дыма,"257-1.1.134.7.",ДД ПК447 ур.3,3356
93508,Охранная подсистема,КД Дверь,"257-1.1.134.1.",КД дверь отс. ПК447 ур.3,3356
93510,Пожарная охрана,Датчик дыма,"257-1.1.135.7.",ДД ПК447 ур.3,3356
93511,Охранная подсистема,КД АВ,"257-1.1.135.1.",КД АВ ПК447 ур.3,3356
93502,Пожарная охрана,Тепловой датчик,"257-1.1.133.1.",ТД ПК448-450,3356
93504,Пожарная охрана,Тепловой датчик,"257-1.1.133.3.",ТД ПК454-456,3356
93505,Пожарная охрана,Тепловой датчик,"257-1.1.133.4.",ТД ПК457-459,3356
93487,Температурная подсистема,Датчик температуры,"257-1.1.128.255.",Темп. ПК459,3356
93482,Пожарная охрана,Тепловой датчик,"257-1.1.128.1.",ТД ПК459-461,3356
93486,Пожарная охрана,Тепловой датчик,"257-1.1.128.5.",ТД ПК471-473,3356
93485,Пожарная охрана,Тепловой датчик,"257-1.1.128.4.",ТД ПК468-470,3356
93484,Пожарная охрана,Тепловой датчик,"257-1.1.128.3.",ТД ПК465-467,3356
93483,Пожарная охрана,Тепловой датчик,"257-1.1.128.2.",ТД ПК462-464,3356
93501,Температурная подсистема,Датчик температуры,"257-1.1.132.255.",Темп. ПК459 ур.1,3356
93498,Пожарная охрана,Тепловой датчик,"257-1.1.132.1.",ТД ПК459 ур.1,3356
93503,Пожарная охрана,Тепловой датчик,"257-1.1.133.2.",ТД ПК451-453,3356
93496,Охранная подсистема,КД Дверь,"257-1.1.131.3.",КД дверь отс. ПК459 ур.2,3356
93494,Пожарная охрана,Тепловой датчик,"257-1.1.131.1.",ТД ПК459 ур.2,3356
93495,Пожарная охрана,Тепловой датчик,"257-1.1.131.2.",ТД ПК459 ур.2,3356
93488,Пожарная охрана,Датчик дыма,"257-1.1.129.7.",ДД ПК459 ур.3,3356
93489,Охранная подсистема,КД АВ,"257-1.1.129.1.",КД АВ ПК459 ур.3,3356
93481,Температурная подсистема,Датчик температуры,"257-1.1.127.255.",Темп. ПК473 ур.1,3356
93477,Охранная подсистема,КД Дверь,"257-1.1.127.2.",КД дверь отс. ПК474 ур.1,3356
93567,Охранная подсистема,КД АВ,"257-1.1.148.1.",КД АВ ПК391 ур.3,3356
93574,Охранная подсистема,КД Дверь,"257-1.1.150.3.",КД дверь отс. ПК391 ур.1,3356
93572,Пожарная охрана,Тепловой датчик,"257-1.1.150.1.",ТД ПК390-391,3356
93479,Пожарная охрана,Тепловой датчик,"257-1.1.127.4.",ТД ПК477-479,3356
93478,Пожарная охрана,Тепловой датчик,"257-1.1.127.3.",ТД ПК474-476,3356
93470,Пожарная охрана,Датчик дыма,"257-1.1.125.7.",ДД ПК473 ур.2,3356
93472,Температурная подсистема,Датчик температуры,"257-1.1.125.255.",Темп. ПК473 ур.2,3356
93475,Температурная подсистема,Датчик температуры,"257-1.1.126.255.",Темп. ПК473 ур.2,3356
93473,Охранная подсистема,КД АВ,"257-1.1.126.1.",КД АВ ПК474 ур.2,3356
93461,Пожарная охрана,Датчик дыма,"257-1.1.123.7.",ДД ПК491 ур.2,3356
93462,Охранная подсистема,КД Дверь,"257-1.1.123.1.",КД дверь отс. ПК491 ур.2,3356
93458,Пожарная охрана,Датчик дыма,"257-1.1.122.7.",ДД ПК491 ур.2,3356
94816,Охранная подсистема,КД АВ,"257-1.1.122.2.",КД АВ ПК491 ур.2,3356
93457,Температурная подсистема,Датчик температуры,"257-1.1.121.255.",Темп. ПК492,3356
93456,Пожарная охрана,Тепловой датчик,"257-1.1.121.4.",ТД ПК501-504,3356
93454,Пожарная охрана,Тепловой датчик,"257-1.1.121.2.",ТД ПК492-494,3356
93455,Пожарная охрана,Тепловой датчик,"257-1.1.121.3.",ТД ПК498-500,3356
93452,Температурная подсистема,Датчик температуры,"257-1.1.120.255.",Темп.ПК510,3356
93450,Пожарная охрана,Тепловой датчик,"257-1.1.120.1.",ТД ПК508-510,3356
93451,Пожарная охрана,Тепловой датчик,"257-1.1.120.2.",ТД ПК505-507,3356
93435,Температурная подсистема,Датчик температуры,"257-1.1.115.255.",Темп. ПК510 гал. ПК4 ур.1,3356
93433,Пожарная охрана,Тепловой датчик,"257-1.1.115.1.",ТД ПК510 гал. ПК4 ур.1,3356
93434,Пожарная охрана,Тепловой датчик,"257-1.1.115.2.",ТД ПК510 гал. ПК4 ур.2,3356
93424,Пожарная охрана,Датчик дыма,"257-1.1.113.7.",ДД ПК510 гал. ПК4 ур.3 ,3356
93425,Охранная подсистема,КД АВ,"257-1.1.113.1.",КД АВ ПК510 гал. ПК4 ур.3,3356
93426,Охранная подсистема,КД Дверь,"257-1.1.113.2.",КД дверь отс. ПК510 гал. ПК4 ур.3,3356
93428,Пожарная охрана,Датчик дыма,"257-1.1.114.7.",ДД ПК510 гал. ПК4 ур.3 ,3356
93429,Пожарная охрана,Тепловой датчик,"257-1.1.114.1.",ТД ПК510 гал. ПК4 ур.3,3356
93430,Охранная подсистема,КД Дверь,"257-1.1.114.2.",КД дверь в тех.коридор ПК510 гал. ПК4 ур.3,3356
93438,Температурная подсистема,Датчик температуры,"257-1.1.116.255.",Темп. ПК510 ур.1,3356
93437,Пожарная охрана,Тепловой датчик,"257-1.1.116.2.",ТД ПК510 гал. ПК1-ПК3,3356
93442,Температурная подсистема,Датчик температуры,"257-1.1.117.255.",Темп. ПК510 ур.2,3356
93440,Пожарная охрана,Тепловой датчик,"257-1.1.117.2.",ТД ПК510 ур.2,3356
93439,Пожарная охрана,Тепловой датчик,"257-1.1.117.1.",ТД ПК510 ур.2,3356
93441,Охранная подсистема,КД Дверь,"257-1.1.117.3.",КД дверь отс. ПК510 ур.2,3356
93443,Пожарная охрана,Датчик дыма,"257-1.1.118.7.",ДД ПК510 ур.3,3356
93447,Пожарная охрана,Датчик дыма,"257-1.1.119.7.",ДД ПК510 ур.3,3356
93448,Охранная подсистема,КД АВ,"257-1.1.119.1.",КД АВ ПК510 ур.3,3356
93292,Температурная подсистема,Датчик температуры,"257-1.1.76.1.",Темп. ПК269 ур.1,3356
93291,Охранная подсистема,Датчик движения,"257-1.1.76.2.",ОД ПК269 ур.1,3356
93285,Охранная подсистема,Датчик движения,"257-1.1.73.2.",ОД АВ1 ПК269 ур.5,3356
93287,Охранная подсистема,Датчик движения,"257-1.1.74.2.",ОД АВ2 ПК269 ур.5,3356
93280,Температурная подсистема,Датчик температуры,"257-1.1.70.1.",Темп. ПК287 ур.2,3356
93279,Охранная подсистема,Датчик движения,"257-1.1.70.2.",ОД ПК287 ур.2,3356
93277,Охранная подсистема,Датчик движения,"257-1.1.69.2.",ОД АВ ПК287 ур.3,3356
93272,Температурная подсистема,Датчик температуры,"257-1.1.66.1.",Темп. ПК304 ур.2,3356
93271,Охранная подсистема,Датчик движения,"257-1.1.66.2.",ОД ПК304 ур.2,3356
93269,Охранная подсистема,Датчик движения,"257-1.1.65.2.",ОД АВ ПК304 ур.3,3356
93261,Охранная подсистема,Датчик движения,"257-1.1.61.2.",ОД АВ ПК319 ур.3,3356
93259,Охранная подсистема,Датчик движения,"257-1.1.60.2.",ОД ВШ ПК319 ур.3,3356
93251,Охранная подсистема,Датчик движения,"257-1.1.56.2.",ОД АВ ПК340 ур.3,3356
93253,Охранная подсистема,Датчик движения,"257-1.1.57.2.",ОД ВШ ПК340 ур.3,3356
93247,Охранная подсистема,Датчик движения,"257-1.1.54.2.",ОД ПК355 ур.4,3356
93245,Охранная подсистема,Датчик движения,"257-1.1.53.2.",ОД АВ ПК355 ур.4,3356
93244,Температурная подсистема,Датчик температуры,"257-1.1.52.1.",Темп. ПК370,3356
93243,Охранная подсистема,Датчик движения,"257-1.1.52.2.",ОД ПК370,3356
93239,Охранная подсистема,Датчик движения,"257-1.1.50.2.",ОД АВ ПК371 ур.3,3356
93241,Охранная подсистема,Датчик движения,"257-1.1.51.2.",ОД ВШ ПК371 ур.3,3356
93238,Температурная подсистема,Датчик температуры,"257-1.1.49.1.",Темп. ПК371 э/щ №3,3356
93237,Охранная подсистема,Датчик движения,"257-1.1.49.2.",ОД ПК371 э/щ №3,3356
93229,Охранная подсистема,Датчик движения,"257-1.1.45.2.",ОД АВ ПК391 ур.3,3356
93231,Охранная подсистема,Датчик движения,"257-1.1.46.2.",ОД ВШ ПК391 ур.3,3356
93222,Температурная подсистема,Датчик температуры,"257-1.1.41.1.",Темп. ПК419,3356
93221,Охранная подсистема,Датчик движения,"257-1.1.41.2.",ОД ПК419,3356
93223,Охранная подсистема,Датчик движения,"257-1.1.42.2.",ОД АВ ПК419 ур.3,3356
93215,Охранная подсистема,Датчик движения,"257-1.1.38.2.",ОД АВ ПК432 ур.4,3356
93217,Охранная подсистема,Датчик движения,"257-1.1.39.2.",ОД ВШ ПК432 ур.4,3356
93211,Охранная подсистема,Датчик движения,"257-1.1.36.2.",ОД АВ ПК447 ур.3,3356
93209,Охранная подсистема,Датчик движения,"257-1.1.35.2.",ОД ВШ ПК447 ур.3,3356
93207,Охранная подсистема,Датчик движения,"257-1.1.34.2.",ОД ПК458,3356
93203,Охранная подсистема,Датчик движения,"257-1.1.32.2.",ОД АВ ПК459 ур.3,3356
93205,Охранная подсистема,Датчик движения,"257-1.1.33.2.",ОД ВШ ПК459 ур.3,3356
93639,Пожарная охрана,Тепловой датчик,"257-1.1.168.1.",ТД ПК334-336,3356
93633,Охранная подсистема,КД Дверь,"257-1.1.166.3.",КД дверь отс. ПК340 ур.2,3356
93199,Охранная подсистема,Датчик движения,"257-1.1.30.2.",ОД АВ ПК473 ур.2,3356
93198,Температурная подсистема,Датчик температуры,"257-1.1.29.1.",Темп. ВШ ПК473 ур.2,3356
93197,Охранная подсистема,Датчик движения,"257-1.1.29.2.",ОД ВШ ]ПК473 ур.2,3356
93191,Охранная подсистема,Датчик движения,"257-1.1.26.2.",ОД АВ ПК491 ур.2,3356
93193,Охранная подсистема,Датчик движения,"257-1.1.27.2.",ОД ВШ ПК491 ур.2,3356
93181,Охранная подсистема,Датчик движения,"257-1.1.21.2.",ОД АВ ПК510 гал. ПК4 ур.3 ,3356
93187,Охранная подсистема,Датчик движения,"257-1.1.24.2.",ОД АВ ПК510 ур.3,3356
93138,Диспетчерский контроль,Состояние охраны,"257-1.1.4096.4095.",[Охранная зона]Академическая,3356
93716,Пожарная охрана,Тепловой датчик,"257-1.1.187.1.",ТД ПК269 ур.3,3356
93654,Пожарная охрана,Датчик дыма,"257-1.1.171.7.",ДД ПК319 ур.3,3356
93656,Пожарная охрана,Тепловой датчик,"257-1.1.171.2.",ТД ПК321 ур.3,3356
93466,Пожарная охрана,Тепловой датчик,"257-1.1.124.3.",ТД ПК483-485,3356
93631,Пожарная охрана,Тепловой датчик,"257-1.1.166.1.",ТД ПК340 ур.2,3356
93632,Пожарная охрана,Тепловой датчик,"257-1.1.166.2.",ТД ПК340 ур.2,3356
93642,Пожарная охрана,Тепловой датчик,"257-1.1.168.4.",ТД ПК338-340,3356
93640,Пожарная охрана,Тепловой датчик,"257-1.1.168.2.",ТД ПК331-333,3356
93643,Температурная подсистема,Датчик температуры,"257-1.1.168.255.",Темп. ПК331,3356
93491,Пожарная охрана,Датчик дыма,"257-1.1.130.7.",ДД ПК459 ур.3,3356
93492,Охранная подсистема,КД Дверь,"257-1.1.130.1.",КД дверь отс. ПК459 ур.3,3356
93465,Пожарная охрана,Тепловой датчик,"257-1.1.124.2.",ТД ПК486-488,3356
93468,Пожарная охрана,Тепловой датчик,"257-1.1.124.5.",ТД ПК491 ур.1,3356
93464,Пожарная охрана,Тепловой датчик,"257-1.1.124.1.",ТД ПК489-491,3356
98174,Пожарная охрана,Датчик дыма,"257-2.1.150.7.",ДД ПК77 ур.5,3356
98175,Пожарная охрана,Датчик дыма,"257-2.1.151.7.",ДД ПК77 э/щ №1,3356
98173,Пожарная охрана,Датчик дыма,"257-2.1.146.7.",ДД ПК85 ур.2,3356
93693,Охранная подсистема,КД Дверь,"257-1.1.180.2.",КД дверь отс. ПК287 ур.3,3356
94218,Охранная подсистема,КД Дверь,"257-2.1.194.1.",КД ПК0 отс.дв.,3356
94217,Пожарная охрана,Датчик дыма,"257-2.1.194.7.",ДД ПК0 [1],3356
93692,Пожарная охрана,Тепловой датчик,"257-1.1.180.1.",ТД ПК287 ур.3,3356
94189,Охранная подсистема,КД Дверь,"257-2.1.183.1.",КД дверь отс. ПК10 ур.2,3356
98141,Охранная подсистема,КД Дверь,"257-1.1.118.3.",КД дверь отс. ПК510 ур.3,3356
193097,Охранная подсистема,Датчик движения,"257-6.1.11.2.",ОД АВ ПК557 ур.3,3356
193117,Пожарная охрана,Тепловой датчик,"257-6.1.25.1.",ТД ПК601 ур.1,3356
193138,Пожарная охрана,Тепловой датчик,"257-6.1.31.1.","ТД ПК585,5 ур.2",3356
193175,Пожарная охрана,Тепловой датчик,"257-6.1.42.2.",ТД ПК549-563,3356
193078,Охранная подсистема,Датчик движения,"257-6.1.4095.2.",ОД АВ ПК601 ур.2,3356
193118,Пожарная охрана,Тепловой датчик,"257-6.1.25.2.",ТД ПК599-ПК601,3356
193139,Пожарная охрана,Тепловой датчик,"257-6.1.31.2.",ТД ПК585 ур.2,3356
193151,Пожарная охрана,Тепловой датчик,"257-6.1.34.1.",ТД ПК573 ур.2,3356
193174,Пожарная охрана,Тепловой датчик,"257-6.1.42.1.",ТД ПК553-556,3356
193190,Пожарная охрана,Датчик дыма,"257-6.1.46.7.",ДД ПК541 ур.3,3356
193205,Пожарная охрана,Тепловой датчик,"257-6.1.49.4.",ТД ПК526 ур.2,3356
193220,Пожарная охрана,Тепловой датчик,"257-6.1.53.2.",ТД ПК520-522,3356
193161,Пожарная охрана,Тепловой датчик,"257-6.1.38.1.",ТД ПК558-560,3356
193100,Температурная подсистема,Датчик температуры,"257-6.1.13.1.",Темп. ПК541 э/щ №4,3356
193119,Пожарная охрана,Тепловой датчик,"257-6.1.25.3.",ТД ПК597-ПК599,3356
193140,Охранная подсистема,КД Дверь,"257-6.1.31.3.",КД дверь отс. ПК585 ур.2,3356
193177,Пожарная охрана,Тепловой датчик,"257-6.1.42.4.",ТД ПК557 ур.1,3356
193206,Охранная подсистема,КД Дверь,"257-6.1.49.5.",КД дверь отс. ПК526 ур.2,3356
193221,Пожарная охрана,Тепловой датчик,"257-6.1.53.3.",ТД ПК517-519,3356
193099,Охранная подсистема,Датчик движения,"257-6.1.13.2.",ОД ПК541 э/щ №4,3356
193120,Температурная подсистема,Датчик температуры,"257-6.1.25.255.",Темп. ПК600,3356
193141,Температурная подсистема,Датчик температуры,"257-6.1.31.255.",Темп. ПК585 ур.2,3356
193165,Пожарная охрана,Тепловой датчик,"257-6.1.38.5.",ТД ПК570-572,3356
193176,Пожарная охрана,Тепловой датчик,"257-6.1.42.3.",ТД ПК557 ур.1,3356
193193,Пожарная охрана,Тепловой датчик,"257-6.1.47.2.","ТД ПК541,5 ур.2",3356
193207,Температурная подсистема,Датчик температуры,"257-6.1.49.255.",Темп. ПК527,3356
193224,Пожарная охрана,Тепловой датчик,"257-6.1.54.1.",ТД ПК511-513,3356
193146,Охранная подсистема,КД Дверь,"257-6.1.32.5.",КД дверь отс. ПК585 ур.1,3356
193164,Пожарная охрана,Тепловой датчик,"257-6.1.38.4.",ТД ПК567-569,3356
193192,Пожарная охрана,Тепловой датчик,"257-6.1.47.1.",ТД ПК541 ур.2,3356
193209,Охранная подсистема,КД АВ,"257-6.1.50.1.",КД АВ ПК526 ур.4,3356
193225,Пожарная охрана,Тепловой датчик,"257-6.1.54.2.",ТД ПК514-516,3356
193103,Охранная подсистема,Датчик движения,"257-6.1.15.2.",ОД ВШ ПК541 ур.3,3356
193121,Пожарная охрана,Тепловой датчик,"257-6.1.26.1.","ТД ПК597,5 ур.2",3356
193144,Пожарная охрана,Тепловой датчик,"257-6.1.32.3.",ТД ПК585 ур.1,3356
193163,Пожарная охрана,Тепловой датчик,"257-6.1.38.3.",ТД ПК564-566,3356
193194,Охранная подсистема,КД Дверь,"257-6.1.47.3.",КД дверь отс. ПК541 ур.2,3356
193208,Пожарная охрана,Датчик дыма,"257-6.1.50.7.",ДД ПК526 ур.4,3356
193226,Температурная подсистема,Датчик температуры,"257-6.1.54.255.",Темп. ПК511,3356
193123,Температурная подсистема,Датчик температуры,"257-6.1.26.255.",Темп. ПК597,3356
93655,Охранная подсистема,КД Дверь,"257-1.1.171.1.",КД дверь отс. ПК319 ур.3,3356
93540,Охранная подсистема,КД Дверь,"257-1.1.142.3.",КД дверь отс. ПК432 ур.1,3356
98190,Пожарная охрана,Датчик дыма,"257-2.1.183.7.",ДД ПК10 ур.2,3356
98169,Пожарная охрана,Тепловой датчик,"257-2.1.136.1.",ТД ПК106-108,3356
93897,Охранная подсистема,Датчик движения,"257-2.1.75.2.",ОД ПК10,3356
93467,Охранная подсистема,КД Дверь,"257-1.1.124.4.",КД дверь отс. ПК491 ур.1,3356
193083,Охранная подсистема,Датчик движения,"257-6.1.3.2.",ОД ВШ ПК585 ур.4,3356
193101,Охранная подсистема,Датчик движения,"257-6.1.14.2.",ОД АВ ПК541 ур.3,3356
193127,Пожарная охрана,Тепловой датчик,"257-6.1.27.4.",ТД ПК586-ПК588,3356
193145,Пожарная охрана,Тепловой датчик,"257-6.1.32.4.",ТД ПК584 ур.1,3356
193162,Пожарная охрана,Тепловой датчик,"257-6.1.38.2.",ТД ПК561-563,3356
193200,Охранная подсистема,КД Дверь,"257-6.1.48.5.",КД дверь отс. ПК541 ур.1,3356
193227,Пожарная охрана,Тепловой датчик,"257-6.1.55.1.",ТД ПК510 гал. ПК4 ур.4,3356
197352,Пожарная охрана,Состояние УИР-Р,"257-6.1.161.4095.",УИР-Р Г1 ПК0,3356
197353,Пожарная охрана,Состояние УИР-Р,"257-6.1.162.4095.",УИР-Р Г1 ПК4,3356
197304,Пожарная охрана,Состояние УИР-Р,"257-6.1.113.4095.",УИР-Р Г2 ПК0 ур.2,3356
197302,Пожарная охрана,Состояние УИР-Р,"257-6.1.111.4095.",УИР-Р Г2 ПК0 ур.2 А,3356
197303,Пожарная охрана,Состояние УИР-Р,"257-6.1.112.4095.",УИР-Р Г2 ПК0 ур.2 А,3356
197305,Пожарная охрана,Состояние УИР-Р,"257-6.1.114.4095.",УИР-Р АВ Г2 ПК11,3356
197306,Пожарная охрана,Состояние УИР-Р,"257-6.1.115.4095.",УИР-Р Г2 ПК9,3356
197354,Пожарная охрана,Состояние УИР-Р,"257-6.1.163.4095.",УИР-Р ПК0,3356
197349,Пожарная охрана,Состояние УИР-Р,"257-6.1.158.4095.",УИР-Р ПК10,3356
197348,Пожарная охрана,Состояние УИР-Р,"257-6.1.157.4095.",УИР-Р АВ ПК10 ур.2,3356
197325,Пожарная охрана,Состояние УИР-Р,"257-6.1.134.4095.",УИР-Р ПК106,3356
197324,Пожарная охрана,Состояние УИР-Р,"257-6.1.133.4095.",УИР-Р ПК106 ур.2,3356
197322,Пожарная охрана,Состояние УИР-Р,"257-6.1.131.4095.",УИР-Р АВ ПК106 ур.3,3356
197323,Пожарная охрана,Состояние УИР-Р,"257-6.1.132.4095.",УИР-Р АВ ПК106 ур.3,3356
197321,Пожарная охрана,Состояние УИР-Р,"257-6.1.130.4095.",УИР-Р ПК123,3356
197320,Пожарная охрана,Состояние УИР-Р,"257-6.1.129.4095.",УИР-Р ПК123 ур.2,3356
197319,Пожарная охрана,Состояние УИР-Р,"257-6.1.128.4095.",УИР-Р ПК123 ур.3,3356
197317,Пожарная охрана,Состояние УИР-Р,"257-6.1.126.4095.",УИР-Р ПК123 ур.4,3356
197318,Пожарная охрана,Состояние УИР-Р,"257-6.1.127.4095.",УИР-Р АВ ПК123 ур.4,3356
197316,Пожарная охрана,Состояние УИР-Р,"257-6.1.125.4095.",УИР-Р ПК144,3356
197315,Пожарная охрана,Состояние УИР-Р,"257-6.1.124.4095.",УИР-Р ПК144 ур.2,3356
197314,Пожарная охрана,Состояние УИР-Р,"257-6.1.123.4095.",УИР-Р ПК144 ур.3,3356
197312,Пожарная охрана,Состояние УИР-Р,"257-6.1.121.4095.",УИР-Р ПК144 ур.4,3356
197313,Пожарная охрана,Состояние УИР-Р,"257-6.1.122.4095.",УИР-Р АВ ПК144 ур.4,3356
197311,Пожарная охрана,Состояние УИР-Р,"257-6.1.120.4095.",УИР-Р ПК155,3356
197310,Пожарная охрана,Состояние УИР-Р,"257-6.1.119.4095.",УИР-Р ПК155 ур.2,3356
197308,Пожарная охрана,Состояние УИР-Р,"257-6.1.117.4095.",УИР-Р ПК155 ур.3,3356
197309,Пожарная охрана,Состояние УИР-Р,"257-6.1.118.4095.",УИР-Р АВ ПК155 ур.3,3356
197307,Пожарная охрана,Состояние УИР-Р,"257-6.1.116.4095.",УИР-Р ПК166,3356
197301,Пожарная охрана,Состояние УИР-Р,"257-6.1.110.4095.",УИР-Р ПК173,3356
197300,Пожарная охрана,Состояние УИР-Р,"257-6.1.109.4095.",УИР-Р ПК173 ур.2,3356
197299,Пожарная охрана,Состояние УИР-Р,"257-6.1.108.4095.",УИР-Р ПК173 ур.3,3356
197296,Пожарная охрана,Состояние УИР-Р,"257-6.1.105.4095.",УИР-Р ПК183,3356
197298,Пожарная охрана,Состояние УИР-Р,"257-6.1.107.4095.",УИР-Р ПК183 ур.2,3356
197297,Пожарная охрана,Состояние УИР-Р,"257-6.1.106.4095.",УИР-Р АВ ПК183 ур.2,3356
197293,Пожарная охрана,Состояние УИР-Р,"257-6.1.102.4095.",УИР-Р ПК195,3356
197295,Пожарная охрана,Состояние УИР-Р,"257-6.1.104.4095.",УИР-Р ПК195 ур.3,3356
197294,Пожарная охрана,Состояние УИР-Р,"257-6.1.103.4095.",УИР-Р АВ ПК195 ур.3,3356
197290,Пожарная охрана,Состояние УИР-Р,"257-6.1.99.4095.",УИР-Р ПК209,3356
197291,Пожарная охрана,Состояние УИР-Р,"257-6.1.100.4095.",УИР-Р ПК209 ур.3,3356
197292,Пожарная охрана,Состояние УИР-Р,"257-6.1.101.4095.",УИР-Р АВ ПК209 ур.3,3356
197288,Пожарная охрана,Состояние УИР-Р,"257-6.1.97.4095.",УИР-Р ПК227 ур.3,3356
197289,Пожарная охрана,Состояние УИР-Р,"257-6.1.98.4095.",УИР-Р АВ ПК227 ур.3,3356
197287,Пожарная охрана,Состояние УИР-Р,"257-6.1.96.4095.",УИР-Р э/щ №2 ПК227,3356
197286,Пожарная охрана,Состояние УИР-Р,"257-6.1.95.4095.",УИР-Р ПК228,3356
197285,Пожарная охрана,Состояние УИР-Р,"257-6.1.94.4095.",УИР-Р ПК237,3356
197284,Пожарная охрана,Состояние УИР-Р,"257-6.1.93.4095.",УИР-Р ПК237 ур.2,3356
197283,Пожарная охрана,Состояние УИР-Р,"257-6.1.92.4095.",УИР-Р АВ ПК237 ур.2,3356
197282,Пожарная охрана,Состояние УИР-Р,"257-6.1.91.4095.",УИР-Р ПК256,3356
197281,Пожарная охрана,Состояние УИР-Р,"257-6.1.90.4095.",УИР-Р ПК256 ур.2,3356
197280,Пожарная охрана,Состояние УИР-Р,"257-6.1.89.4095.",УИР-Р ПК256 ур.3,3356
197279,Пожарная охрана,Состояние УИР-Р,"257-6.1.88.4095.",УИР-Р ПК256 ур.4,3356
197278,Пожарная охрана,Состояние УИР-Р,"257-6.1.87.4095.",УИР-Р ПК256 ур.4,3356
197277,Пожарная охрана,Состояние УИР-Р,"257-6.1.86.4095.",УИР-Р ПК269,3356
197276,Пожарная охрана,Состояние УИР-Р,"257-6.1.85.4095.",УИР-Р АВ ПК269,3356
197275,Пожарная охрана,Состояние УИР-Р,"257-6.1.84.4095.","УИР-Р ПК269,5",3356
197274,Пожарная охрана,Состояние УИР-Р,"257-6.1.83.4095.",УИР-Р ПК270,3356
197271,Пожарная охрана,Состояние УИР-Р,"257-6.1.80.4095.",УИР-Р ПК287,3356
197273,Пожарная охрана,Состояние УИР-Р,"257-6.1.82.4095.",УИР-Р ПК287 ур.2,3356
197272,Пожарная охрана,Состояние УИР-Р,"257-6.1.81.4095.",УИР-Р АВ ПК287 ур.3,3356
197270,Пожарная охрана,Состояние УИР-Р,"257-6.1.79.4095.",УИР-Р ПК304 ур.2,3356
197269,Пожарная охрана,Состояние УИР-Р,"257-6.1.78.4095.",УИР-Р АВ ПК304 ур.3,3356
197268,Пожарная охрана,Состояние УИР-Р,"257-6.1.77.4095.",УИР-Р ПК305,3356
197265,Пожарная охрана,Состояние УИР-Р,"257-6.1.74.4095.",УИР-Р ПК321,3356
197267,Пожарная охрана,Состояние УИР-Р,"257-6.1.76.4095.",УИР-Р ПК320 ур.2,3356
197266,Пожарная охрана,Состояние УИР-Р,"257-6.1.75.4095.",УИР-Р АВ ПК320 ур.3,3356
197264,Пожарная охрана,Состояние УИР-Р,"257-6.1.73.4095.",УИР-Р ПК339,3356
197263,Пожарная охрана,Состояние УИР-Р,"257-6.1.72.4095.",УИР-Р ПК340 ур.3,3356
197262,Пожарная охрана,Состояние УИР-Р,"257-6.1.71.4095.",УИР-Р АВ ПК340 ур.3,3356
197261,Пожарная охрана,Состояние УИР-Р,"257-6.1.70.4095.",УИР-Р ПК354,3356
197260,Пожарная охрана,Состояние УИР-Р,"257-6.1.69.4095.",УИР-Р АВ ПК355 ур.2,3356
197259,Пожарная охрана,Состояние УИР-Р,"257-6.1.68.4095.",УИР-Р ПК370,3356
197255,Пожарная охрана,Состояние УИР-Р,"257-6.1.64.4095.",УИР-Р ПК371,3356
197257,Пожарная охрана,Состояние УИР-Р,"257-6.1.66.4095.",УИР-Р ПК371 ур.2,3356
197258,Пожарная охрана,Состояние УИР-Р,"257-6.1.67.4095.",УИР-Р ПК371 ур.2,3356
197256,Пожарная охрана,Состояние УИР-Р,"257-6.1.65.4095.",УИР-Р э/щ №3 ПК371,3356
197254,Пожарная охрана,Состояние УИР-Р,"257-6.1.63.4095.",УИР-Р ПК390,3356
197253,Пожарная охрана,Состояние УИР-Р,"257-6.1.62.4095.",УИР-Р ПК391 ур.3,3356
197252,Пожарная охрана,Состояние УИР-Р,"257-6.1.61.4095.",УИР-Р АВ ПК391 ур.3,3356
197251,Пожарная охрана,Состояние УИР-Р,"257-6.1.60.4095.",УИР-Р ПК392,3356
197250,Пожарная охрана,Состояние УИР-Р,"257-6.1.59.4095.",УИР-Р ПК418,3356
197396,Пожарная охрана,Состояние УИР-Р,"257-6.1.205.4095.",УИР-Р ПК419,3356
197395,Пожарная охрана,Состояние УИР-Р,"257-6.1.204.4095.",УИР-Р ПК431,3356
197393,Пожарная охрана,Состояние УИР-Р,"257-6.1.202.4095.",УИР-Р ПК432,3356
197394,Пожарная охрана,Состояние УИР-Р,"257-6.1.203.4095.",УИР-Р ПК432 ур.4,3356
197392,Пожарная охрана,Состояние УИР-Р,"257-6.1.201.4095.",УИР-Р ПК446,3356
197390,Пожарная охрана,Состояние УИР-Р,"257-6.1.199.4095.",УИР-Р ПК447,3356
197391,Пожарная охрана,Состояние УИР-Р,"257-6.1.200.4095.",УИР-Р ПК447 ур.3,3356
197389,Пожарная охрана,Состояние УИР-Р,"257-6.1.198.4095.",УИР-Р ПК458,3356
197387,Пожарная охрана,Состояние УИР-Р,"257-6.1.196.4095.",УИР-Р ПК459,3356
197388,Пожарная охрана,Состояние УИР-Р,"257-6.1.197.4095.",УИР-Р ПК459 ур.3,3356
197386,Пожарная охрана,Состояние УИР-Р,"257-6.1.195.4095.",УИР-Р ПК473,3356
197384,Пожарная охрана,Состояние УИР-Р,"257-6.1.193.4095.",УИР-Р ПК474,3356
197385,Пожарная охрана,Состояние УИР-Р,"257-6.1.194.4095.",УИР-Р ПК474 ур.2,3356
197383,Пожарная охрана,Состояние УИР-Р,"257-6.1.192.4095.",УИР-Р ПК491,3356
197381,Пожарная охрана,Состояние УИР-Р,"257-6.1.190.4095.",УИР-Р ПК492,3356
197382,Пожарная охрана,Состояние УИР-Р,"257-6.1.191.4095.",УИР-Р ПК492 ур.2,3356
197380,Пожарная охрана,Состояние УИР-Р,"257-6.1.189.4095.",УИР-Р ПК509,3356
197373,Пожарная охрана,Состояние УИР-Р,"257-6.1.182.4095.",УИР-Р ПК526 ур4 ВШ,3356
197379,Пожарная охрана,Состояние УИР-Р,"257-6.1.188.4095.",УИР-Р ПК509 ур.3,3356
197374,Пожарная охрана,Состояние УИР-Р,"257-6.1.183.4095.",УИР-Р ПК525,3356
197371,Пожарная охрана,Состояние УИР-Р,"257-6.1.180.4095.",УИР-Р ПК526,3356
197372,Пожарная охрана,Состояние УИР-Р,"257-6.1.181.4095.",УИР-Р ПК526 ур.4 АВ,3356
197370,Пожарная охрана,Состояние УИР-Р,"257-6.1.179.4095.",УИР-Р ПК540,3356
197368,Пожарная охрана,Состояние УИР-Р,"257-6.1.177.4095.",УИР-Р э/щ №4 ПК541,3356
197369,Пожарная охрана,Состояние УИР-Р,"257-6.1.178.4095.",УИР-Р ПК541 ур.3,3356
197367,Пожарная охрана,Состояние УИР-Р,"257-6.1.176.4095.",УИР-Р ПК556,3356
197365,Пожарная охрана,Состояние УИР-Р,"257-6.1.174.4095.",УИР-Р ПК557,3356
197366,Пожарная охрана,Состояние УИР-Р,"257-6.1.175.4095.",УИР-Р ПК557 ур.3,3356
197364,Пожарная охрана,Состояние УИР-Р,"257-6.1.173.4095.",УИР-Р ПК571,3356
197362,Пожарная охрана,Состояние УИР-Р,"257-6.1.171.4095.",УИР-Р ПК572,3356
197363,Пожарная охрана,Состояние УИР-Р,"257-6.1.172.4095.",УИР-Р ПК572 ур.2,3356
197361,Пожарная охрана,Состояние УИР-Р,"257-6.1.170.4095.",УИР-Р ПК573,3356
197360,Пожарная охрана,Состояние УИР-Р,"257-6.1.169.4095.",УИР-Р ПК584,3356
197358,Пожарная охрана,Состояние УИР-Р,"257-6.1.167.4095.",УИР-Р ПК585,3356
197359,Пожарная охрана,Состояние УИР-Р,"257-6.1.168.4095.",УИР-Р ПК585 ур.4,3356
197357,Пожарная охрана,Состояние УИР-Р,"257-6.1.166.4095.",УИР-Р ПК596,3356
197356,Пожарная охрана,Состояние УИР-Р,"257-6.1.165.4095.",УИР-Р ПК601,3356
197355,Пожарная охрана,Состояние УИР-Р,"257-6.1.164.4095.",УИР-Р ПК602 ур.2,3356
197351,Пожарная охрана,Состояние УИР-Р,"257-6.1.160.4095.",УИР-Р ПК2 ур.2,3356
197346,Пожарная охрана,Состояние УИР-Р,"257-6.1.155.4095.",УИР-Р АВ ПК22 ур.2,3356
197347,Пожарная охрана,Состояние УИР-Р,"257-6.1.156.4095.",УИР-Р ПК24,3356
197345,Пожарная охрана,Состояние УИР-Р,"257-6.1.154.4095.",УИР-Р ПК26,3356
197350,Пожарная охрана,Состояние УИР-Р,"257-6.1.159.4095.",УИР-Р ПК3,3356
197344,Пожарная охрана,Состояние УИР-Р,"257-6.1.153.4095.",УИР-Р ПК39,3356
197342,Пожарная охрана,Состояние УИР-Р,"257-6.1.151.4095.",УИР-Р АВ левый ПК39 ур.2,3356
197343,Пожарная охрана,Состояние УИР-Р,"257-6.1.152.4095.",УИР-Р АВ правый ПК39 ур.2,3356
197341,Пожарная охрана,Состояние УИР-Р,"257-6.1.150.4095.",УИР-Р ПК49,3356
197340,Пожарная охрана,Состояние УИР-Р,"257-6.1.149.4095.",УИР-Р ПК50 ур.3,3356
197337,Пожарная охрана,Состояние УИР-Р,"257-6.1.146.4095.",УИР-Р ПК66 ур.3,3356
197336,Пожарная охрана,Состояние УИР-Р,"257-6.1.145.4095.",УИР-Р ПК66 ур.3,3356
197338,Пожарная охрана,Состояние УИР-Р,"257-6.1.147.4095.",УИР-Р ПК66 ур.2,3356
197335,Пожарная охрана,Состояние УИР-Р,"257-6.1.144.4095.",УИР-Р ПК66,3356
197339,Пожарная охрана,Состояние УИР-Р,"257-6.1.148.4095.",УИР-Р ПК65,3356
197334,Пожарная охрана,Состояние УИР-Р,"257-6.1.143.4095.",УИР-Р ПК75,3356
197333,Пожарная охрана,Состояние УИР-Р,"257-6.1.142.4095.",УИР-Р ур2 ПК77 ,3356
197329,Пожарная охрана,Состояние УИР-Р,"257-6.1.138.4095.",УИР-Р ПК77 ур.5,3356
197330,Пожарная охрана,Состояние УИР-Р,"257-6.1.139.4095.",УИР-Р э/щ №1 ПК77,3356
197331,Пожарная охрана,Состояние УИР-Р,"257-6.1.140.4095.",УИР-Р ПК77 ур.4,3356
197332,Пожарная охрана,Состояние УИР-Р,"257-6.1.141.4095.",УИР-Р ПК77 ур.3,3356
197328,Пожарная охрана,Состояние УИР-Р,"257-6.1.137.4095.",УИР-Р ПК85,3356
197327,Пожарная охрана,Состояние УИР-Р,"257-6.1.136.4095.",УИР-Р ПК85 ур.2,3356
197326,Пожарная охрана,Состояние УИР-Р,"257-6.1.135.4095.",УИР-Р АВ ПК85 ур.2,3356
197375,Пожарная охрана,Состояние УИР-Р,"257-6.1.184.4095.",УИР-Р Г3 ПК3 ур.3,3356
197376,Пожарная охрана,Состояние УИР-Р,"257-6.1.185.4095.",УИР-Р Г3 ПК3 ур.1,3356
197378,Пожарная охрана,Состояние УИР-Р,"257-6.1.187.4095.",УИР-Р Г3 ПК2,3356
197377,Пожарная охрана,Состояние УИР-Р,"257-6.1.186.4095.",УИР-Р Г3 ПК2,3356
94152,Температурная подсистема,Датчик температуры,"257-2.1.169.255.",Темп. ПК50,3356
94158,Пожарная охрана,Датчик дыма,"257-2.1.173.7.",ДД ПК39 ур.3,3356
93997,Пожарная охрана,Тепловой датчик,"257-2.1.108.2.",ТД ПК168-170,3356
215728,Пожарная охрана,Датчик дыма,"257-2.1.200.7.",ДД ПК255 АВ,3356
215727,Пожарная охрана,Датчик дыма,"257-2.1.199.7.",ДД ПК255 ВШ,3356
93718,Пожарная охрана,Тепловой датчик,"257-1.1.188.1.",ТД ПК269 ур.2,3356
104034,Газовая охрана,Газовый датчик,"360-2.1.9.",ГАЗ Д9 ПК71,3360
104055,Газовая охрана,Газовый датчик,"360-3.1.9.",ГАЗ Д30 ПК210,3360
103940,Диспетчерский контроль,Состояние насоса,"360-1.1.12.2.",Н3 ПК161,3360
104018,Диспетчерский контроль,Переключатель,"360-1.1.26.8.",ФРО1 ПК20,3360
103971,Диспетчерский контроль,Переключатель,"360-1.1.18.8.",В12 ПК247,3360
103997,Диспетчерский контроль,Переключатель,"360-1.1.23.8.",ФРО ПК300,3360
104035,Газовая охрана,Газовый датчик,"360-2.1.10.",ГАЗ Д10 ПК83,3360
104056,Газовая охрана,Газовый датчик,"360-3.1.10.",ГАЗ Д31 ПК212,3360
104011,Диспетчерский контроль,Переключатель,"360-1.1.25.8.",ФАО1 ПК20,3360
103991,Диспетчерский контроль,Состояние фазы,"360-1.1.23.2.",ФРО ПК300,3360
104036,Газовая охрана,Газовый датчик,"360-2.1.11.",ГАЗ Д11 ПК85,3360
104057,Газовая охрана,Газовый датчик,"360-3.1.11.",ГАЗ Д32 ПК229,3360
104007,Диспетчерский контроль,Состояние фазы,"360-1.1.25.2.",ФАО1 ПК20,3360
103913,Диспетчерский контроль,Состояние фазы,"360-1.1.4.2.",ГРО3 (ПК47-57) ПК47,3360
104037,Газовая охрана,Газовый датчик,"360-2.1.12.",ГАЗ Д12 ПК87,3360
104058,Газовая охрана,Газовый датчик,"360-3.1.12.",ГАЗ Д33 ПК231,3360
103937,Диспетчерский контроль,Состояние насоса,"360-1.1.11.2.",Н1 ПК161 ,3360
104009,Диспетчерский контроль,Состояние фазы,"360-1.1.25.4.",ФАО2 ПК20,3360
103974,Диспетчерский контроль,Состояние вентилятора,"360-1.1.19.3.",В13 ПК281,3360
103910,Диспетчерский контроль,Состояние насоса,"360-1.1.3.2.",Н1 ПК47,3360
103976,Диспетчерский контроль,Переключатель,"360-1.1.19.8.",В13 ПК281,3360
104038,Газовая охрана,Газовый датчик,"360-2.1.13.",ГАЗ Д13 ПК96,3360
104059,Газовая охрана,Газовый датчик,"360-3.1.13.",ГАЗ Д34 ПК246,3360
103938,Диспетчерский контроль,Состояние насоса,"360-1.1.11.5.",Н2 ПК161,3360
104012,Диспетчерский контроль,Переключатель,"360-1.1.25.9.",ФАО2 ПК20,3360
103911,Диспетчерский контроль,Состояние насоса,"360-1.1.3.5.",Н2 ПК47,3360
104039,Газовая охрана,Газовый датчик,"360-2.1.14.",ГАЗ Д14 ПК108,3360
104060,Газовая охрана,Газовый датчик,"360-3.1.14.",ГАЗ Д35 ПК248,3360
103946,Диспетчерский контроль,Состояние вентилятора,"360-1.1.13.3.",В7 ПК173,3360
104004,Диспетчерский контроль,Переключатель,"360-1.1.24.8.",ФВ1 ПК20,3360
103975,Диспетчерский контроль,Состояние вентилятора,"360-1.1.19.5.",В14 ПК282,3360
103916,Диспетчерский контроль,Состояние вентилятора,"360-1.1.5.4.",В2 ПК57,3360
104040,Газовая охрана,Газовый датчик,"360-2.1.15.",ГАЗ Д15 ПК110,3360
104061,Газовая охрана,Газовый датчик,"360-3.1.15.",ГАЗ Д36 ПК265,3360
103948,Диспетчерский контроль,Переключатель,"360-1.1.13.8.",В7 ПК173,3360
104000,Диспетчерский контроль,Состояние фазы,"360-1.1.24.2.",ФВ1 ПК20,3360
103977,Диспетчерский контроль,Переключатель,"360-1.1.19.9.",В14 ПК282,3360
103918,Диспетчерский контроль,Переключатель,"360-1.1.5.8.",В2 ПК57,3360
104041,Газовая охрана,Газовый датчик,"360-2.1.16.",ГАЗ Д16 ПК111,3360
104062,Газовая охрана,Газовый датчик,"360-3.1.16.",ГАЗ Д37 ПК268,3360
103947,Диспетчерский контроль,Состояние вентилятора,"360-1.1.13.5.",В8 ПК173,3360
104002,Диспетчерский контроль,Состояние фазы,"360-1.1.24.4.",ФВ2 ПК20,3360
103917,Диспетчерский контроль,Состояние вентилятора,"360-1.1.5.6.",В3 ПК57,3360
104042,Газовая охрана,Газовый датчик,"360-2.1.17.",ГАЗ Д17 ПК120,3360
104063,Газовая охрана,Газовый датчик,"360-3.1.17.",ГАЗ Д38 ПК283,3360
103949,Диспетчерский контроль,Переключатель,"360-1.1.13.9.",В8 ПК173,3360
104005,Диспетчерский контроль,Переключатель,"360-1.1.24.9.",ФВ2 ПК20,3360
103979,Диспетчерский контроль,Состояние насоса,"360-1.1.20.2.",Н1 ПК293,3360
103919,Диспетчерский контроль,Переключатель,"360-1.1.5.9.",В3 ПК57,3360
104043,Газовая охрана,Газовый датчик,"360-2.1.18.",ГАЗ Д18 ПК122,3360
104064,Газовая охрана,Газовый датчик,"360-3.1.18.",ГАЗ Д39 ПК284,3360
103945,Диспетчерский контроль,Состояние фазы,"360-1.1.13.2.",ГРО10 (ПК172-194) ПК172,3360
103954,Диспетчерский контроль,Состояние насоса,"360-1.1.15.2.",Н1 ПК205,3360
103980,Диспетчерский контроль,Состояние насоса,"360-1.1.20.5.",Н2 ПК293,3360
103915,Диспетчерский контроль,Состояние фазы,"360-1.1.5.3.",ГРО4 (ПК57-85) ПК57,3360
104044,Газовая охрана,Газовый датчик,"360-2.1.19.",ГАЗ Д19 ПК134,3360
104065,Газовая охрана,Газовый датчик,"360-3.1.19.",ГАЗ Д40 ПК294 гал.ПК2,3360
103951,Диспетчерский контроль,Состояние насоса,"360-1.1.14.2.",Н1 ПК186,3360
103955,Диспетчерский контроль,Состояние насоса,"360-1.1.15.5.",Н2 ПК205,3360
103922,Диспетчерский контроль,Состояние вентилятора,"360-1.1.6.3.",В4 ПК85,3360
103923,Диспетчерский контроль,Переключатель,"360-1.1.6.8.",В4 ПК85,3360
104045,Газовая охрана,Газовый датчик,"360-2.1.20.",ГАЗ Д20 ПК145,3360
104066,Газовая охрана,Газовый датчик,"360-3.1.20.",ГАЗ Д41 ПК298,3360
103952,Диспетчерский контроль,Состояние насоса,"360-1.1.14.5.",Н2 ПК186,3360
103960,Диспетчерский контроль,Состояние вентилятора,"360-1.1.16.6.",В10 ПК210,3360
103904,Диспетчерский контроль,Состояние вентилятора,"360-1.1.1.2.",В1 ПК3,3360
104046,Газовая охрана,Газовый датчик,"360-2.1.21.",ГАЗ Д21 ПК157,3360
103928,Диспетчерский контроль,Состояние фазы,"360-1.1.8.2.",ГРО6 (ПК104-121) ПК104,3360
103907,Диспетчерский контроль,Состояние фазы,"360-1.1.2.2.","ГРО1 (ПК0-20, ПК20 Г.ДП ПК0-5) ПК20",3360
103962,Диспетчерский контроль,Переключатель,"360-1.1.16.9.",В10 ПК210,3360
103905,Диспетчерский контроль,Переключатель,"360-1.1.1.8.",В1 ПК3,3360
103921,Диспетчерский контроль,Состояние фазы,"360-1.1.6.2.",ГРО5 (ПК85-104) ПК86,3360
104026,Газовая охрана,Газовый датчик,"360-2.1.1.",ГАЗ Д1 ПК4 ,3360
104047,Газовая охрана,Газовый датчик,"360-3.1.1.",ГАЗ Д22 ПК159+5,3360
103925,Диспетчерский контроль,Состояние насоса,"360-1.1.7.2.",Н1 ПК104,3360
103908,Диспетчерский контроль,Состояние фазы,"360-1.1.2.3.",ГРО2 (ПК20-47) ПК20,3360
103959,Диспетчерский контроль,Состояние вентилятора,"360-1.1.16.4.",В9 ПК210,3360
103988,Диспетчерский контроль,Переключатель,"360-1.1.22.8.",ФАНС2 ПК300,3360
104027,Газовая охрана,Газовый датчик,"360-2.1.2.",ГАЗ Д2 ПК20,3360
104048,Газовая охрана,Газовый датчик,"360-3.1.2.",ГАЗ Д23 ПК162,3360
103926,Диспетчерский контроль,Состояние насоса,"360-1.1.7.5.",Н2 ПК104,3360
104024,Диспетчерский контроль,Переключатель,"360-1.1.27.8.",ФАНС1 ПК20,3360
103961,Диспетчерский контроль,Переключатель,"360-1.1.16.8.",В9 ПК210,3360
103984,Диспетчерский контроль,Состояние фазы,"360-1.1.22.2.",ФАНС2 ПК300,3360
104028,Газовая охрана,Газовый датчик,"360-2.1.3.",ГАЗ Д3 ПК28,3360
104049,Газовая охрана,Газовый датчик,"360-3.1.3.",ГАЗ Д24 ПК172,3360
103931,Диспетчерский контроль,Состояние вентилятора,"360-1.1.9.3.",В5 ПК121,3360
104020,Диспетчерский контроль,Состояние фазы,"360-1.1.27.2.",ФАНС1 ПК20,3360
103957,Диспетчерский контроль,Состояние фазы,"360-1.1.16.2.","ГРО11 (ПК194-210, ПК200 Г.ПК0-12) ПК210",3360
103986,Диспетчерский контроль,Состояние фазы,"360-1.1.22.4.",ФВ ПК300,3360
104029,Газовая охрана,Газовый датчик,"360-2.1.4.",ГАЗ Д4 ПК30,3360
104050,Газовая охрана,Газовый датчик,"360-3.1.4.",ГАЗ Д25 ПК174,3360
103932,Диспетчерский контроль,Переключатель,"360-1.1.9.8.",В5 ПК121,3360
104022,Диспетчерский контроль,Состояние фазы,"360-1.1.27.4.",ФАНС2 ПК20,3360
103989,Диспетчерский контроль,Переключатель,"360-1.1.22.9.",ФВ ПК300,3360
104030,Газовая охрана,Газовый датчик,"360-2.1.5.",ГАЗ Д5 ПК43,3360
104051,Газовая охрана,Газовый датчик,"360-3.1.5.",ГАЗ Д26 ПК191,3360
103930,Диспетчерский контроль,Состояние фазы,"360-1.1.9.2.",ГРО7 (ПК121-140) ПК121,3360
104025,Диспетчерский контроль,Переключатель,"360-1.1.27.9.",ФАНС2 ПК20,3360
103965,Диспетчерский контроль,Состояние вентилятора,"360-1.1.17.3.",В11 ПК230,3360
104031,Газовая охрана,Газовый датчик,"360-2.1.6.",ГАЗ Д6 ПК45,3360
104052,Газовая охрана,Газовый датчик,"360-3.1.6.",ГАЗ Д27 ПК193,3360
103942,Диспетчерский контроль,Состояние вентилятора,"360-1.1.12.6.",В6 ПК162,3360
104016,Диспетчерский контроль,Состояние фазы,"360-1.1.26.4.",ЩАП 23 Ввод1 ПК20,3360
103966,Диспетчерский контроль,Переключатель,"360-1.1.17.8.",В11 ПК230,3360
104032,Газовая охрана,Газовый датчик,"360-2.1.7.",ГАЗ Д7 ПК56,3360
104053,Газовая охрана,Газовый датчик,"360-3.1.7.",ГАЗ Д28 ПК200,3360
103943,Диспетчерский контроль,Переключатель,"360-1.1.12.8.",В6 ПК162,3360
104017,Диспетчерский контроль,Состояние фазы,"360-1.1.26.5.",ЩАП 23 Ввод2 ПК20,3360
103993,Диспетчерский контроль,Состояние фазы,"360-1.1.23.4.",ФАО ПК300,3360
104033,Газовая охрана,Газовый датчик,"360-2.1.8.",ГАЗ Д8 ПК58,3360
104054,Газовая охрана,Газовый датчик,"360-3.1.8.",ГАЗ Д29 ПК200 гал.ПК11,3360
104014,Диспетчерский контроль,Состояние фазы,"360-1.1.26.2.",ФРО1 ПК20,3360
103970,Диспетчерский контроль,Состояние вентилятора,"360-1.1.18.4.",В12 ПК247,3360
103998,Диспетчерский контроль,Переключатель,"360-1.1.23.9.",ФАО ПК300,3360
321167,Диспетчерский контроль,Состояние фазы,"360-1.1.32.2.","ГРО 8
(ПК140-162) ПК162",3360
103995,Диспетчерский контроль,Состояние фазы,"360-1.1.23.6.",ЩАП 12 Ввод1 ПК300,3360
262944,Диспетчерский контроль,Состояние фазы,"360-1.1.31.4.",АВР Ввод1 ПК300,3360
262945,Диспетчерский контроль,Состояние фазы,"360-1.1.31.5.",АВР Ввод2 ПК300,3360
262943,Диспетчерский контроль,Состояние фазы,"360-1.1.31.2.",ФАНС1  ПК300,3360
262946,Диспетчерский контроль,Переключатель,"360-1.1.31.8.",ФАНС1 ПК300,3360
103996,Диспетчерский контроль,Состояние фазы,"360-1.1.23.7.",ЩАП 12 Ввод2 ПК300,3360
262947,Диспетчерский контроль,Состояние вентилятора,"360-1.1.31.6.",В ЭЩ ПК300,3360
262948,Диспетчерский контроль,Переключатель,"360-1.1.31.9.",В ЭЩ ПК300,3360
103941,Диспетчерский контроль,Состояние фазы,"360-1.1.12.5.",ГРО9 (ПК162-173) ПК162,3360
103964,Диспетчерский контроль,Состояние фазы,"360-1.1.17.2.",ГРО12 (ПК210-230) ПК230,3360
103968,Диспетчерский контроль,Состояние фазы,"360-1.1.18.2.",ГРО13 (ПК230-247) ПК247,3360
103969,Диспетчерский контроль,Состояние фазы,"360-1.1.18.3.",ГРО14 (ПК247-265) ПК247,3360
103973,Диспетчерский контроль,Состояние фазы,"360-1.1.19.2.",ГРО15 (ПК265-283) ПК283,3360
103982,Диспетчерский контроль,Состояние фазы,"360-1.1.21.2.","ГРО16 (ПК283-300, ПК294 Г.ПК0-5) ПК300",3360
96416,Диспетчерский контроль,Состояние фазы,"257-4.1.1.2.2.","Группа ГРО18 ПК228-238
",3388
98277,Газовая охрана,Газовый датчик,"257-3.3.1.1.11.",Газ зона 6 Д56-69 ПК372-445,3388
98278,Газовая охрана,Газовый датчик,"257-4.4.1.1.1.",Газ зона 1 Д1-9 ПК0-75,3388
98281,Газовая охрана,Газовый датчик,"257-4.4.1.1.4.",Газ зона 4 Д30-35 ПК196-268,3388
98282,Газовая охрана,Газовый датчик,"257-4.4.1.1.5.",Газ зона 5 Д36-55 ПК270-369,3388
98279,Газовая охрана,Газовый датчик,"257-4.4.1.1.2.",Газ зона 2 Д10-20 ПК84-143,3388
96220,Диспетчерский контроль,Состояние вентилятора,"257-4.1.1.3.17.",Вентилятор В21 ПК287,3388
96288,Диспетчерский контроль,Переключатель,"257-4.1.2.21.",Управление В21 ПК287,3388
95451,Диспетчерский контроль,Состояние фазы,"257-3.2.1.1.28.",ЩАП-23 Ввод1 Э/щ ПК371,3388
95452,Диспетчерский контроль,Состояние фазы,"257-3.2.1.1.29.",ЩАП-23 Ввод2 Э/щ ПК371,3388
95435,Диспетчерский контроль,Состояние фазы,"257-3.2.1.1.1.",ФАО1 (ПК371-305),3388
95436,Диспетчерский контроль,Состояние фазы,"257-3.2.1.1.2.",ФАО2 (ПК371-447),3388
95440,Диспетчерский контроль,Состояние фазы,"257-3.2.1.1.6.",Фидер ФВ1 (В22),3388
95449,Диспетчерский контроль,Состояние фазы,"257-3.2.1.1.24.",Фидер ФВ7 (В28),3388
95450,Диспетчерский контроль,Состояние фазы,"257-3.2.1.1.26.",Фидер ФВ8 (В29),3388
95443,Диспетчерский контроль,Состояние фазы,"257-3.2.1.1.12.",Фидер ФВ3 (В24),3388
95444,Диспетчерский контроль,Состояние фазы,"257-3.2.1.1.14.",Фидер ФВ4 (В25),3388
95445,Диспетчерский контроль,Состояние фазы,"257-3.2.1.1.16.",Фидер ФВ5 (В26),3388
95439,Диспетчерский контроль,Состояние фазы,"257-3.2.1.1.5.","Фидер ФАНС (АНС ПК341, ПК371)",3388
95437,Диспетчерский контроль,Состояние фазы,"257-3.2.1.1.3.",ФРО1 (ГРО23-26),3388
95438,Диспетчерский контроль,Состояние фазы,"257-3.2.1.1.4.",ФРО2 (ГРО27-31),3388
95448,Диспетчерский контроль,Состояние фазы,"257-3.2.1.1.22.",Фидер ФВ6 (В27),3388
95453,Диспетчерский контроль,Состояние вентилятора,"257-3.2.1.2.1.",Вентилятор В22 ПК320,3388
95457,Диспетчерский контроль,Состояние вентилятора,"257-3.2.1.2.9.",Вентилятор В23 ПК340,3388
95461,Диспетчерский контроль,Состояние вентилятора,"257-3.2.1.2.13.",Вентилятор В24 ПК340+5,3388
95465,Диспетчерский контроль,Состояние вентилятора,"257-3.2.1.2.17.",Вентилятор В25 ПК355,3388
95469,Диспетчерский контроль,Состояние вентилятора,"257-3.2.1.2.21.",Вентилятор В26 ПК371,3388
95473,Диспетчерский контроль,Состояние насоса,"257-3.2.1.3.3.",АНС Н1,3388
95474,Диспетчерский контроль,Состояние насоса,"257-3.2.1.3.6.",АНС Н2,3388
95475,Диспетчерский контроль,Состояние насоса,"257-3.2.1.3.9.",АНС Н3,3388
95477,Диспетчерский контроль,Состояние насоса,"257-3.2.1.3.15.",АНС Н1 ,3388
95476,Диспетчерский контроль,Состояние насоса,"257-3.2.1.3.12.",АНС Н2,3388
95478,Диспетчерский контроль,Состояние насоса,"257-3.2.1.3.18.",АНС Н3,3388
95479,Диспетчерский контроль,Состояние фазы,"257-3.2.1.3.19.","Группа ГРО23 ПК305-320
",3388
95480,Диспетчерский контроль,Состояние фазы,"257-3.2.1.3.20.",Группа ГРО24 ПК320-340,3388
95481,Диспетчерский контроль,Состояние фазы,"257-3.2.1.3.21.","Группа ГРО25 ПК340-355
",3388
95482,Диспетчерский контроль,Состояние фазы,"257-3.2.1.3.22.",Группа ГРО26 ПК355-371,3388
95483,Диспетчерский контроль,Состояние фазы,"257-3.2.1.3.23.",Группа ГРО27 ПК371-381,3388
95484,Диспетчерский контроль,Состояние фазы,"257-3.2.1.3.24.",Группа ГРО28 ПК381-391,3388
95485,Диспетчерский контроль,Состояние фазы,"257-3.2.1.3.25.",Группа ГРО29 ПК391-419,3388
95486,Диспетчерский контроль,Состояние фазы,"257-3.2.1.3.26.","Группа ГРО30 ПК419-432
",3388
95487,Диспетчерский контроль,Состояние фазы,"257-3.2.1.3.27.",Группа ГРО31 ПК432-447,3388
95488,Диспетчерский контроль,Состояние вентилятора,"257-3.2.1.4.1.",Вентилятор В27 ПК419,3388
95492,Диспетчерский контроль,Состояние вентилятора,"257-3.2.1.4.5.",Вентилятор В28 ПК432,3388
95496,Диспетчерский контроль,Состояние вентилятора,"257-3.2.1.4.9.",Вентилятор В29 ПК446,3388
95500,Диспетчерский контроль,Переключатель,"257-3.2.2.1.",Управление ФАО1 (ПК371-305),3388
95501,Диспетчерский контроль,Переключатель,"257-3.2.2.2.",Управление ФАО2 (ПК371-447),3388
95516,Диспетчерский контроль,Переключатель,"257-3.2.2.17.",Управление В22 ПК320,3388
95522,Диспетчерский контроль,Переключатель,"257-3.2.2.26.",Управление В28 ПК432,3388
95523,Диспетчерский контроль,Переключатель,"257-3.2.2.27.",Управление В29 ПК446,3388
95517,Диспетчерский контроль,Переключатель,"257-3.2.2.19.",Управление В23 ПК340,3388
95518,Диспетчерский контроль,Переключатель,"257-3.2.2.20.",Управление В24 ПК340+5,3388
95519,Диспетчерский контроль,Переключатель,"257-3.2.2.21.",Управление В25 ПК355,3388
95520,Диспетчерский контроль,Переключатель,"257-3.2.2.22.",Управление В26 ПК371,3388
95521,Диспетчерский контроль,Переключатель,"257-3.2.2.25.",Управление В27 ПК419,3388
95505,Диспетчерский контроль,Переключатель,"257-3.2.2.6.",Управление ФВ1 (В22),3388
95514,Диспетчерский контроль,Переключатель,"257-3.2.2.15.",Управление ФВ7 (В28),3388
95515,Диспетчерский контроль,Переключатель,"257-3.2.2.16.",Управление ФВ8 (В29),3388
95507,Диспетчерский контроль,Переключатель,"257-3.2.2.8.",Управление ФВ2 (В23),3388
95508,Диспетчерский контроль,Переключатель,"257-3.2.2.9.",Управление ФВ3 (В24),3388
95509,Диспетчерский контроль,Переключатель,"257-3.2.2.10.",Управление ФВ4 (В25),3388
95510,Диспетчерский контроль,Переключатель,"257-3.2.2.11.",Управление ФВ5 (В26),3388
95504,Диспетчерский контроль,Переключатель,"257-3.2.2.5.","Управление ФАНС (АНС ПК341, ПК371)",3388
95502,Диспетчерский контроль,Переключатель,"257-3.2.2.3.",Управление ФРО1 (ГРО23-26),3388
95503,Диспетчерский контроль,Переключатель,"257-3.2.2.4.",Управление ФРО2 (ГРО27-31),3388
95356,Диспетчерский контроль,Состояние фазы,"257-3.1.1.1.25.",ЩАП-23 Ввод1 Э/щ ПК541,3388
95332,Диспетчерский контроль,Состояние вентилятора,"257-3.1.1.1.1.", Вентилятор В30 ПК459,3388
95336,Диспетчерский контроль,Состояние вентилятора,"257-3.1.1.1.5.", Вентилятор В31 ПК474,3388
95340,Диспетчерский контроль,Состояние вентилятора,"257-3.1.1.1.9.", Вентилятор В32 ПК491,3388
95344,Диспетчерский контроль,Состояние вентилятора,"257-3.1.1.1.13.", Вентилятор В33 ПК491,3388
95357,Диспетчерский контроль,Состояние фазы,"257-3.1.1.1.26.",ЩАП-23 Ввод2 Э/щ ПК541,3388
95348,Диспетчерский контроль,Состояние вентилятора,"257-3.1.1.1.17.", Вентилятор В34 ПК510,3388
95352,Диспетчерский контроль,Состояние вентилятора,"257-3.1.1.1.21.", Вентилятор В35 ПК526,3388
95362,Диспетчерский контроль,Состояние фазы,"257-3.1.1.2.5.",ФАО1 (ПК541-447),3388
95363,Диспетчерский контроль,Состояние фазы,"257-3.1.1.2.6.",ФАО2 (ПК541-601),3388
95364,Диспетчерский контроль,Состояние фазы,"257-3.1.1.2.7.",Фидер ФВ1 (В30),3388
95373,Диспетчерский контроль,Состояние фазы,"257-3.1.1.2.24.",Фидер ФВ10 (В39),3388
95365,Диспетчерский контроль,Состояние фазы,"257-3.1.1.2.9.",Фидер ФВ2 (В31),3388
95366,Диспетчерский контроль,Состояние фазы,"257-3.1.1.2.11.",Фидер ФВ3 (В32),3388
95367,Диспетчерский контроль,Состояние фазы,"257-3.1.1.2.13.",Фидер ФВ4 (В33),3388
95368,Диспетчерский контроль,Состояние фазы,"257-3.1.1.2.15.",Фидер ФВ5 (В34),3388
95369,Диспетчерский контроль,Состояние фазы,"257-3.1.1.2.17.",Фидер ФВ6 (В35),3388
95370,Диспетчерский контроль,Состояние фазы,"257-3.1.1.2.19.",Фидер ФВ7 (В36),3388
95371,Диспетчерский контроль,Состояние фазы,"257-3.1.1.2.21.",Фидер ФВ8 (В37),3388
95372,Диспетчерский контроль,Состояние фазы,"257-3.1.1.2.23.",Фидер ФВ9 (В38),3388
95358,Диспетчерский контроль,Состояние фазы,"257-3.1.1.2.1.","Фидер ФАНС1 (АНС ПК474, ПК510)",3388
95359,Диспетчерский контроль,Состояние фазы,"257-3.1.1.2.2.",Фидер ФАНС2 (АНС ПК585),3388
95360,Диспетчерский контроль,Состояние фазы,"257-3.1.1.2.3.",ФРО1 (ГРО32-37),3388
95361,Диспетчерский контроль,Состояние фазы,"257-3.1.1.2.4.",ФРО2 (ГРО38-41),3388
95374,Диспетчерский контроль,Состояние насоса,"257-3.1.1.3.3.",АНС Н1,3388
95375,Диспетчерский контроль,Состояние насоса,"257-3.1.1.3.6.",АНС Н2,3388
95376,Диспетчерский контроль,Состояние насоса,"257-3.1.1.3.9.",АНС Н3,3388
95377,Диспетчерский контроль,Состояние насоса,"257-3.1.1.3.12.",АНС Н1,3388
95378,Диспетчерский контроль,Состояние насоса,"257-3.1.1.3.15.",АНС Н2,3388
95379,Диспетчерский контроль,Состояние насоса,"257-3.1.1.3.18.",АНС Н3,3388
95380,Диспетчерский контроль,Состояние фазы,"257-3.1.1.3.19.",Группа ГРО32 ПК447-459,3388
95381,Диспетчерский контроль,Состояние фазы,"257-3.1.1.3.20.",Группа ГРО33 ПК459-474,3388
95382,Диспетчерский контроль,Состояние фазы,"257-3.1.1.3.21.",Группа ГРО34 ПК474-491,3388
95383,Диспетчерский контроль,Состояние фазы,"257-3.1.1.3.22.",Группа ГРО35 ПК491-509,3388
95384,Диспетчерский контроль,Состояние фазы,"257-3.1.1.3.23.",Группа ГРО36 ПК509-526,3388
95385,Диспетчерский контроль,Состояние насоса,"257-3.1.1.4.3.",АНС Н1,3388
95386,Диспетчерский контроль,Состояние насоса,"257-3.1.1.4.6.",АНС Н2,3388
95387,Диспетчерский контроль,Состояние насоса,"257-3.1.1.4.9.",АНС Н3,3388
95405,Диспетчерский контроль,Состояние вентилятора,"257-3.1.1.4.27.",Вентилятор В39 ПК585+5,3388
95393,Диспетчерский контроль,Состояние вентилятора,"257-3.1.1.4.15.",Вентилятор В36 ПК557,3388
95397,Диспетчерский контроль,Состояние вентилятора,"257-3.1.1.4.19.",Вентилятор В37 ПК572,3388
95401,Диспетчерский контроль,Состояние вентилятора,"257-3.1.1.4.23.",Вентилятор В38 ПК585,3388
95392,Диспетчерский контроль,Состояние фазы,"257-3.1.1.4.14.",Группа ГРО41 ПК585-601,3388
95388,Диспетчерский контроль,Состояние фазы,"257-3.1.1.4.10.",Группа ГРО37 ПК526-541,3388
95389,Диспетчерский контроль,Состояние фазы,"257-3.1.1.4.11.",Группа ГРО38 ПК541-557,3388
95390,Диспетчерский контроль,Состояние фазы,"257-3.1.1.4.12.",Группа ГРО39 ПК557-572,3388
95391,Диспетчерский контроль,Состояние фазы,"257-3.1.1.4.13.",Группа ГРО40 ПК572-585,3388
95421,Диспетчерский контроль,Переключатель,"257-3.1.2.19.",Управление ФАО1 (ПК541-447),3388
95422,Диспетчерский контроль,Переключатель,"257-3.1.2.20.",Управление ФАО2 (ПК541-601),3388
95423,Диспетчерский контроль,Переключатель,"257-3.1.2.21.","Управление ФАНС1 (АНС ПК474, ПК510)",3388
95424,Диспетчерский контроль,Переключатель,"257-3.1.2.22.",Управление ФАНС2 (АНС ПК585),3388
95419,Диспетчерский контроль,Переключатель,"257-3.1.2.17.",Управление ФРО1 (ГРО32-37),3388
95420,Диспетчерский контроль,Переключатель,"257-3.1.2.18.",Управление ФРО2 (ГРО38-41),3388
95442,Диспетчерский контроль,Состояние фазы,"257-3.2.1.1.10.",Фидер ФВ2 (В23),3388
95513,Диспетчерский контроль,Переключатель,"257-3.2.2.14.",Управление ФВ6 (В27),3388
95409,Диспетчерский контроль,Переключатель,"257-3.1.2.1.",Управление Вентилятор В30 ПК459,3388
95418,Диспетчерский контроль,Переключатель,"257-3.1.2.10.",Управление Вентилятор В39 ПК585+5,3388
95410,Диспетчерский контроль,Переключатель,"257-3.1.2.2.",Управление Вентилятор В31 ПК474,3388
95412,Диспетчерский контроль,Переключатель,"257-3.1.2.4.",Управление Вентилятор В33 ПК491,3388
95413,Диспетчерский контроль,Переключатель,"257-3.1.2.5.",Управление Вентилятор В34 ПК510,3388
95414,Диспетчерский контроль,Переключатель,"257-3.1.2.6.",Управление Вентилятор В35 ПК526,3388
95415,Диспетчерский контроль,Переключатель,"257-3.1.2.7.",Управление Вентилятор В36 ПК557,3388
95416,Диспетчерский контроль,Переключатель,"257-3.1.2.8.",Управление Вентилятор В37 ПК572,3388
95417,Диспетчерский контроль,Переключатель,"257-3.1.2.9.",Управление Вентилятор В38 ПК585,3388
95425,Диспетчерский контроль,Переключатель,"257-3.1.2.23.",Управление ФВ1 (В30),3388
95434,Диспетчерский контроль,Переключатель,"257-3.1.2.32.",Управление ФВ10 (В39),3388
95426,Диспетчерский контроль,Переключатель,"257-3.1.2.24.",Управление ФВ2 (В31),3388
95427,Диспетчерский контроль,Переключатель,"257-3.1.2.25.",Управление ФВ3 (В32),3388
95428,Диспетчерский контроль,Переключатель,"257-3.1.2.26.",Управление ФВ4 (В33),3388
95429,Диспетчерский контроль,Переключатель,"257-3.1.2.27.",Управление ФВ5 (В34),3388
95430,Диспетчерский контроль,Переключатель,"257-3.1.2.28.",Управление ФВ6 (В35),3388
95431,Диспетчерский контроль,Переключатель,"257-3.1.2.29.",Управление ФВ7 (В36),3388
95432,Диспетчерский контроль,Переключатель,"257-3.1.2.30.",Управление ФВ8 (В37),3388
95433,Диспетчерский контроль,Переключатель,"257-3.1.2.31.",Управление ФВ9 (В38),3388
96461,Диспетчерский контроль,Состояние насоса,"257-4.3.1.1.21.", АНС Н1,3388
96462,Диспетчерский контроль,Состояние насоса,"257-4.3.1.1.24.", АНС Н2,3388
96463,Диспетчерский контроль,Состояние насоса,"257-4.3.1.1.27.", АНС Н3,3388
96455,Диспетчерский контроль,Состояние насоса,"257-4.3.1.1.3.", АНС Н1,3388
96456,Диспетчерский контроль,Состояние насоса,"257-4.3.1.1.6.", АНС Н2,3388
96457,Диспетчерский контроль,Состояние насоса,"257-4.3.1.1.9.", АНС Н3,3388
96458,Диспетчерский контроль,Состояние насоса,"257-4.3.1.1.12.", АНС Н1,3388
96459,Диспетчерский контроль,Состояние насоса,"257-4.3.1.1.15.", АНС Н2,3388
96460,Диспетчерский контроль,Состояние насоса,"257-4.3.1.1.18.", АНС Н3,3388
96318,Диспетчерский контроль,Состояние фазы,"257-4.3.1.2.20.",Группа ГРО1 ПК0-11,3388
96475,Диспетчерский контроль,Состояние фазы,"257-4.3.1.2.29.",Группа ГРО10 ПК123-144,3388
96319,Диспетчерский контроль,Состояние фазы,"257-4.3.1.2.21.",Группа ГРО2 ПК11-26,3388
96320,Диспетчерский контроль,Состояние фазы,"257-4.3.1.2.22.",Группа ГРО3 ПК26-39,3388
96321,Диспетчерский контроль,Состояние фазы,"257-4.3.1.2.23.",Группа ГРО4 ПК39-50,3388
96322,Диспетчерский контроль,Состояние фазы,"257-4.3.1.2.24.",Группа ГРО5 ПК50-66,3388
96473,Диспетчерский контроль,Состояние фазы,"257-4.3.1.2.25.",Группа ГРО6 ПК66-77,3388
96323,Диспетчерский контроль,Состояние фазы,"257-4.3.1.2.26.",Группа ГРО7 ПК77-86,3388
96474,Диспетчерский контроль,Состояние фазы,"257-4.3.1.2.27.",Группа ГРО8 ПК86-106,3388
96324,Диспетчерский контроль,Состояние фазы,"257-4.3.1.2.28.",Группа ГРО9 ПК106-123,3388
96466,Диспетчерский контроль,Состояние фазы,"257-4.3.1.2.4.",ФАО2 (ПК77-144),3388
96465,Диспетчерский контроль,Состояние фазы,"257-4.3.1.2.3.",ФАО1 (ПК77-0),3388
96313,Диспетчерский контроль,Состояние фазы,"257-4.3.1.2.8.",Фидер ФВ1 (В1-В5),3388
96469,Диспетчерский контроль,Состояние фазы,"257-4.3.1.2.10.",Фидер ФВ2 (В6-В7),3388
96470,Диспетчерский контроль,Состояние фазы,"257-4.3.1.2.12.",Фидер ФВ3 (В8),3388
96471,Диспетчерский контроль,Состояние фазы,"257-4.3.1.2.14.",Фидер ФВ4 (В9),3388
96472,Диспетчерский контроль,Состояние фазы,"257-4.3.1.2.16.",Фидер ФВ5 (В10),3388
96312,Диспетчерский контроль,Состояние фазы,"257-4.3.1.2.5.",Фидер ФТС,3388
96467,Диспетчерский контроль,Состояние фазы,"257-4.3.1.2.6.","Фидер ФАНС1 (АНС ПК26, ПК77)",3388
96468,Диспетчерский контроль,Состояние фазы,"257-4.3.1.2.7.",Фидер ФАНС2 (АНС ПК106),3388
96464,Диспетчерский контроль,Состояние фазы,"257-4.3.1.2.1.",ФРО1 (ГРО1-6),3388
96311,Диспетчерский контроль,Состояние фазы,"257-4.3.1.2.2.",ФРО2 (ГРО7-10),3388
96476,Диспетчерский контроль,Состояние вентилятора,"257-4.3.1.3.1.",Вентилятор В1 ПК11 ,3388
96480,Диспетчерский контроль,Состояние вентилятора,"257-4.3.1.3.16.",Вентилятор В10 ПК123,3388
96327,Диспетчерский контроль,Состояние вентилятора,"257-4.3.1.3.2.",Вентилятор В2 ПК26,3388
96477,Диспетчерский контроль,Состояние вентилятора,"257-4.3.1.3.3.",Вентилятор В3 ПК39,3388
96328,Диспетчерский контроль,Состояние вентилятора,"257-4.3.1.3.4.",Вентилятор В4 ПК50,3388
96329,Диспетчерский контроль,Состояние вентилятора,"257-4.3.1.3.5.",Вентилятор В5 ПК66,3388
96330,Диспетчерский контроль,Состояние вентилятора,"257-4.3.1.3.6.",Вентилятор В6 ПК66,3388
96331,Диспетчерский контроль,Состояние вентилятора,"257-4.3.1.3.7.",Вентилятор В7 ПК77,3388
96332,Диспетчерский контроль,Состояние вентилятора,"257-4.3.1.3.8.",Вентилятор В8 ПК106,3388
96336,Диспетчерский контроль,Состояние вентилятора,"257-4.3.1.3.12.",Вентилятор В9 ПК106,3388
96372,Диспетчерский контроль,Переключатель,"257-4.3.2.17.",Управление В1 ПК11,3388
96381,Диспетчерский контроль,Переключатель,"257-4.3.2.26.",Управление В10 ПК123 ,3388
96373,Диспетчерский контроль,Переключатель,"257-4.3.2.18.",Управление В2 ПК26,3388
96374,Диспетчерский контроль,Переключатель,"257-4.3.2.19.",Управление В3 ПК39,3388
96375,Диспетчерский контроль,Переключатель,"257-4.3.2.20.",Управление В4 ПК50,3388
96376,Диспетчерский контроль,Переключатель,"257-4.3.2.21.",Управление В5 ПК66,3388
96377,Диспетчерский контроль,Переключатель,"257-4.3.2.22.",Управление В6 ПК66,3388
96378,Диспетчерский контроль,Переключатель,"257-4.3.2.23.",Управление В7 ПК77,3388
96379,Диспетчерский контроль,Переключатель,"257-4.3.2.24.",Управление В8 ПК106,3388
96380,Диспетчерский контроль,Переключатель,"257-4.3.2.25.",Управление В9 ПК106,3388
96359,Диспетчерский контроль,Переключатель,"257-4.3.2.1.",Управление ФАО1 (ПК0-77),3388
96360,Диспетчерский контроль,Переключатель,"257-4.3.2.2.",Управление ФАО2 (ПК77-144),3388
96366,Диспетчерский контроль,Переключатель,"257-4.3.2.8.",Управление ФВ1 (В1-В5),3388
96367,Диспетчерский контроль,Переключатель,"257-4.3.2.9.",Управление ФВ2 (В6-В7),3388
96368,Диспетчерский контроль,Переключатель,"257-4.3.2.10.",Управление ФВ3 (В8),3388
96369,Диспетчерский контроль,Переключатель,"257-4.3.2.11.",Управление ФВ4 (В9),3388
96370,Диспетчерский контроль,Переключатель,"257-4.3.2.12.",Управление ФВ5 (В10),3388
96363,Диспетчерский контроль,Переключатель,"257-4.3.2.5.",Управление ФТС,3388
96364,Диспетчерский контроль,Переключатель,"257-4.3.2.6.","Управление ФАНС1 (АНС ПК26, ПК77)",3388
96365,Диспетчерский контроль,Переключатель,"257-4.3.2.7.",Управление ФАНС2 (АНС ПК106),3388
96361,Диспетчерский контроль,Переключатель,"257-4.3.2.3.",Управление ФРО1 (ГРО1-6),3388
96362,Диспетчерский контроль,Переключатель,"257-4.3.2.4.",Управление ФРО2 (ГРО7-10),3388
96207,Диспетчерский контроль,Состояние фазы,"257-4.1.1.1.25.",ЩАП-23 Ввод1 Э/щ ПК227,3388
96414,Диспетчерский контроль,Состояние фазы,"257-4.1.1.1.26.",ЩАП-23 Ввод2 Э/щ ПК227,3388
96405,Диспетчерский контроль,Состояние фазы,"257-4.1.1.1.1.","Группа ГРО11 ПК144-156
 ",3388
96406,Диспетчерский контроль,Состояние фазы,"257-4.1.1.1.2.","Группа ГРО12 ПК156-167
",3388
96407,Диспетчерский контроль,Состояние фазы,"257-4.1.1.1.3.","Группа ГРО13 ПК167-173 Гал. ПК0-12
",3388
96408,Диспетчерский контроль,Состояние фазы,"257-4.1.1.1.4.",Группа ГРО14 ПК173-183,3388
96409,Диспетчерский контроль,Состояние фазы,"257-4.1.1.1.5.","Группа ГРО15 ПК183-195
",3388
96410,Диспетчерский контроль,Состояние фазы,"257-4.1.1.1.6.","Группа ГРО16 ПК195-209
",3388
96212,Диспетчерский контроль,Состояние насоса,"257-4.1.1.2.17.", АНС Н1 ,3388
96215,Диспетчерский контроль,Состояние насоса,"257-4.1.1.2.20.", АНС Н2,3388
96420,Диспетчерский контроль,Состояние насоса,"257-4.1.1.2.23.", АНС Н3,3388
96411,Диспетчерский контроль,Состояние насоса,"257-4.1.1.1.9.",АНС Н1,3388
96412,Диспетчерский контроль,Состояние насоса,"257-4.1.1.1.12.",АНС Н2,3388
96413,Диспетчерский контроль,Состояние насоса,"257-4.1.1.1.15.",АНС Н3,3388
96415,Диспетчерский контроль,Состояние фазы,"257-4.1.1.2.1.","Группа ГРО17 ПК209-228
",3388
96295,Диспетчерский контроль,Переключатель,"257-4.2.2.1.",Управление ФРО2 (ГРО18-22),3388
96296,Диспетчерский контроль,Переключатель,"257-4.2.2.2.",Управление ФРО1 (ГРО11-17),3388
96301,Диспетчерский контроль,Переключатель,"257-4.2.2.7.",Управление ФАНС2,3388
96302,Диспетчерский контроль,Переключатель,"257-4.2.2.8.",Управление ФАНС1,3388
96305,Диспетчерский контроль,Переключатель,"257-4.2.2.16.",Управление ФВ7 (В15),3388
96298,Диспетчерский контроль,Переключатель,"257-4.2.2.4.",Управление ФАО1 (ПК228-304),3388
96297,Диспетчерский контроль,Переключатель,"257-4.2.2.3.",Управление ФАО2 (ПК228-144),3388
96300,Диспетчерский контроль,Переключатель,"257-4.2.2.6.",Управление ФВ1 (В11),3388
96304,Диспетчерский контроль,Переключатель,"257-4.2.2.10.",Управление ФВ2 (В12),3388
96299,Диспетчерский контроль,Переключатель,"257-4.2.2.5.",Управление ФВ5 (В13),3388
96451,Диспетчерский контроль,Состояние фазы,"257-4.1.1.5.23.",Фидер ФВ3 (В21),3388
96263,Диспетчерский контроль,Состояние фазы,"257-4.1.1.5.25.",Фидер ФВ4 (В20),3388
96449,Диспетчерский контроль,Состояние фазы,"257-4.1.1.5.17.",Фидер ФВ11 (В19),3388
96262,Диспетчерский контроль,Состояние фазы,"257-4.1.1.5.19.",Фидер ФВ10 (В18),3388
96450,Диспетчерский контроль,Состояние фазы,"257-4.1.1.5.21.",Фидер ФВ9 (В17),3388
96259,Диспетчерский контроль,Состояние фазы,"257-4.1.1.5.15.",Фидер ФВ8 (В16),3388
96287,Диспетчерский контроль,Переключатель,"257-4.1.2.20.",Управление В20 ПК269,3388
96236,Диспетчерский контроль,Состояние вентилятора,"257-4.1.1.4.1.",Вентилятор В11 ПК155,3388
96437,Диспетчерский контроль,Состояние вентилятора,"257-4.1.1.4.5.",Вентилятор В12 ПК166,3388
96237,Диспетчерский контроль,Состояние вентилятора,"257-4.1.1.4.17.",Вентилятор В13 ПК166+5,3388
96423,Диспетчерский контроль,Состояние вентилятора,"257-4.1.1.3.5.",Вентилятор В18 ПК237,3388
96426,Диспетчерский контроль,Состояние вентилятора,"257-4.1.1.3.9.",Вентилятор В19 ПК256,3388
96430,Диспетчерский контроль,Состояние вентилятора,"257-4.1.1.3.13.",Вентилятор В20 ПК269,3388
96217,Диспетчерский контроль,Состояние вентилятора,"257-4.1.1.3.1.",Вентилятор В17 ПК228+5,3388
96278,Диспетчерский контроль,Переключатель,"257-4.1.2.1.",Управление В11 ПК155,3388
96285,Диспетчерский контроль,Переключатель,"257-4.1.2.18.",Управление В18 ПК237,3388
96286,Диспетчерский контроль,Переключатель,"257-4.1.2.19.",Управление В19 ПК256,3388
96279,Диспетчерский контроль,Переключатель,"257-4.1.2.2.",Управление В12 ПК166,3388
96280,Диспетчерский контроль,Переключатель,"257-4.1.2.5.",Управление В13 ПК166+5,3388
96281,Диспетчерский контроль,Переключатель,"257-4.1.2.6.",Управление В14 ПК182,3388
96282,Диспетчерский контроль,Переключатель,"257-4.1.2.7.",Управление В15 ПК195,3388
96283,Диспетчерский контроль,Переключатель,"257-4.1.2.8.",Управление В16 ПК228,3388
96284,Диспетчерский контроль,Переключатель,"257-4.1.2.17.",Управление В17 ПК228+5,3388
96291,Диспетчерский контроль,Переключатель,"257-4.1.2.24.",Управление ФВ10 (В18),3388
96290,Диспетчерский контроль,Переключатель,"257-4.1.2.23.",Управление ФВ11 (В19),3388
96293,Диспетчерский контроль,Переключатель,"257-4.1.2.26.",Управление ФВ3 (В21),3388
96289,Диспетчерский контроль,Переключатель,"257-4.1.2.22.",Управление ФВ8 (В16),3388
96292,Диспетчерский контроль,Переключатель,"257-4.1.2.25.",Управление ФВ9 (В17),3388
96419,Диспетчерский контроль,Состояние фазы,"257-4.1.1.2.5.","Группа ГРО21 ПК269-287
",3388
96418,Диспетчерский контроль,Состояние фазы,"257-4.1.1.2.4.",Группа ГРО20 ПК257-269,3388
96417,Диспетчерский контроль,Состояние фазы,"257-4.1.1.2.3.","Группа ГРО19 ПК257-270
",3388
96266,Диспетчерский контроль,Состояние фазы,"257-4.1.1.5.31.",Фидер ФАО1 (ПК228-304),3388
96454,Диспетчерский контроль,Состояние фазы,"257-4.1.1.5.32.",Фидер ФАО2 (ПК228-144),3388
96246,Диспетчерский контроль,Состояние фазы,"257-4.1.1.5.2.",Фидер ФВ1 (В11),3388
96253,Диспетчерский контроль,Состояние фазы,"257-4.1.1.5.9.",Фидер ФВ2 (В12),3388
96247,Диспетчерский контроль,Состояние фазы,"257-4.1.1.5.3.",Фидер ФВ5 (В13),3388
96255,Диспетчерский контроль,Состояние фазы,"257-4.1.1.5.11.",Фидер ФВ6 (В14),3388
96257,Диспетчерский контроль,Состояние фазы,"257-4.1.1.5.13.",Фидер ФВ7 (В15),3388
96453,Диспетчерский контроль,Состояние фазы,"257-4.1.1.5.30.",Фидер ФРО2 (ГРО18-22),3388
96265,Диспетчерский контроль,Состояние фазы,"257-4.1.1.5.29.",Фидер ФРО1 (ГРО11-17),3388
96264,Диспетчерский контроль,Состояние фазы,"257-4.1.1.5.27.",Фидер ФАНС1 (АНС ПК173),3388
96452,Диспетчерский контроль,Состояние фазы,"257-4.1.1.5.28.",Фидер ФАНС2 (АНС ПК256),3388
96294,Диспетчерский контроль,Переключатель,"257-4.1.2.27.",Управление ФВ4 (В20),3388
96303,Диспетчерский контроль,Переключатель,"257-4.2.2.9.",Управление ФВ6 (В14),3388
96241,Диспетчерский контроль,Состояние вентилятора,"257-4.1.1.4.21.",Вентилятор В14 ПК182,3388
96441,Диспетчерский контроль,Состояние вентилятора,"257-4.1.1.4.25.",Вентилятор В15 ПК195,3388
96445,Диспетчерский контроль,Состояние вентилятора,"257-4.1.1.4.29.",Вентилятор В16 ПК228,3388
98283,Диспетчерский контроль,Состояние фазы,"257-4.4.1.1.17.",Ввод 1 ДП Н.Черемушки,3388
98284,Диспетчерский контроль,Состояние фазы,"257-4.4.1.1.18.",Ввод 2 ДП Н.Черемушки,3388
98276,Газовая охрана,Газовый датчик,"257-3.3.1.1.10.","Газ зона 7 Д70-83 ПК448-507,Г3 ПК3",3388
98275,Газовая охрана,Газовый датчик,"257-3.3.1.1.9.",Газ зона 8 Д84-102 ПК511-600,3388
209982,Газовая охрана,Газовый датчик,"257-4.4.1.1.6.",Газ зона 3 Д21-29 ПК147-184,3388
96346,Диспетчерский контроль,Состояние фазы,"257-4.3.1.3.25.",ЩАП-23 Ввод1 Э/щ ПК77,3388
96345,Диспетчерский контроль,Состояние фазы,"257-4.3.1.3.24.",ЩАП-23 Ввод2 Э/щ ПК77,3388
245555,Диспетчерский контроль,Переключатель,"257-3.1.2.13.",Управление Вентилятор В32 ПК491,3388
290855,Диспетчерский контроль,Состояние фазы,"257-4.1.1.2.6.",Группа ГРО22 ПК287-304,3388
171640,Охранная подсистема,КД Дверь,"672-1.1.68.2.",КД дверь со стеклом 1 эт.,3902
192988,Диспетчерский контроль,Переключатель,"418-1.1.148.13.",Иволга 1 этаж Зап.выход,3902
171583,Охранная подсистема,КД Дверь,"672-1.1.59.3.",КД дверь ДП Академическая,3902
171576,Охранная подсистема,КД Дверь,"672-1.1.58.1.",КД окно помещение №1,3902
171577,Охранная подсистема,Датчик движения,"672-1.1.58.2.",ОД помещение №1,3902
171582,Охранная подсистема,Датчик движения,"672-1.1.59.2.",ОД ДП Академическая,3902
171581,Охранная подсистема,КД Дверь,"672-1.1.59.1.",КД окно ДП Академическая,3902
185904,Охранная подсистема,КД Дверь,"672-1.1.58.3.",КД дверь помещение №1,3902
116066,Газовая охрана,Газовый датчик,"418-2.1.1.",ГАЗ Д1 ПК1 (Проф),3902
116067,Газовая охрана,Газовый датчик,"418-2.1.2.",ГАЗ Д2 ПК12 (Проф),3902
116068,Газовая охрана,Газовый датчик,"418-2.1.3.",ГАЗ Д3 ПК14 (Проф),3902
116069,Газовая охрана,Газовый датчик,"418-2.1.4.",ГАЗ Д4 ПК27 (Проф),3902
116070,Газовая охрана,Газовый датчик,"418-2.1.5.",ГАЗ Д5 ПК29 (Проф),3902
116071,Газовая охрана,Газовый датчик,"418-2.1.6.",ГАЗ Д6 ПК41 (Проф),3902
116072,Газовая охрана,Газовый датчик,"418-2.1.7.",ГАЗ Д7 ПК44 (Проф),3902
116073,Газовая охрана,Газовый датчик,"418-2.1.8.",ГАЗ Д8 ПК54 (Проф),3902
116074,Газовая охрана,Газовый датчик,"418-2.1.9.",ГАЗ Д9 ПК56 (Проф),3902
116075,Газовая охрана,Газовый датчик,"418-2.1.10.",ГАЗ Д10 ПК58 (Проф),3902
116076,Газовая охрана,Газовый датчик,"418-2.1.11.",ГАЗ Д11 ПК60 (Проф),3902
116077,Газовая охрана,Газовый датчик,"418-2.1.12.",ГАЗ Д12 ПК69 (Проф),3902
116078,Газовая охрана,Газовый датчик,"418-2.1.13.",ГАЗ Д13 ПК71 (Проф),3902
116079,Газовая охрана,Газовый датчик,"418-2.1.14.",ГАЗ Д14 ПК77 (Проф),3902
116080,Газовая охрана,Газовый датчик,"418-2.1.15.",ГАЗ Д15 ПК81 (Проф),3902
116081,Газовая охрана,Газовый датчик,"418-2.1.16.",ГАЗ Д16 ПК82 (Проф),3902
116082,Газовая охрана,Газовый датчик,"418-2.1.17.",ГАЗ Д17 ПК92 (Проф),3902
116083,Газовая охрана,Газовый датчик,"418-2.1.18.",ГАЗ Д18 ПК95 (Проф),3902
116084,Газовая охрана,Газовый датчик,"418-2.1.19.",ГАЗ Д19 ПК105 (Проф),3902
116085,Газовая охрана,Газовый датчик,"418-2.1.20.",ГАЗ Д20 ПК107 (Проф),3902
116125,Газовая охрана,Газовый датчик,"418-5.1.1.",ГАЗ Д21 ПК120 (Проф),3902
116126,Газовая охрана,Газовый датчик,"418-5.1.2.",ГАЗ Д22 ПК123 (Проф),3902
116127,Газовая охрана,Газовый датчик,"418-5.1.3.",ГАЗ Д23 ПК137 (Проф),3902
116128,Газовая охрана,Газовый датчик,"418-5.1.4.",ГАЗ Д24 ПК139 (Проф),3902
116129,Газовая охрана,Газовый датчик,"418-5.1.5.",ГАЗ Д25 ПК145 (Проф),3902
116130,Газовая охрана,Газовый датчик,"418-5.1.6.",ГАЗ Д26 ПК148 (Проф),3902
116131,Газовая охрана,Газовый датчик,"418-5.1.7.",ГАЗ Д27 ПК155 (Проф),3902
116132,Газовая охрана,Газовый датчик,"418-5.1.8.",ГАЗ Д28 ПК159 (Проф),3902
116133,Газовая охрана,Газовый датчик,"418-5.1.9.",ГАЗ Д29 ПК169 (Цюрупы),3902
116134,Газовая охрана,Газовый датчик,"418-5.1.10.",ГАЗ Д30 ПК172 (Цюрупы),3902
116135,Газовая охрана,Газовый датчик,"418-5.1.11.",ГАЗ Д51 ПК303 (Цюрупы),3902
116136,Газовая охрана,Газовый датчик,"418-5.1.12.",ГАЗ Д52 ПК315 (Цюрупы),3902
116137,Газовая охрана,Газовый датчик,"418-5.1.13.",ГАЗ Д53 ПК317 (Цюрупы),3902
116138,Газовая охрана,Газовый датчик,"418-5.1.14.",ГАЗ Д54 ПК326 (Цюрупы),3902
116139,Газовая охрана,Газовый датчик,"418-5.1.15.",ГАЗ Д55 ПК328 (Цюрупы),3902
116140,Газовая охрана,Газовый датчик,"418-5.1.16.",ГАЗ Д56 ПК343 (Новочер),3902
116141,Газовая охрана,Газовый датчик,"418-5.1.17.",ГАЗ Д57 ПК343+15 (Гал.) (Новочер),3902
116142,Газовая охрана,Газовый датчик,"418-5.1.18.",ГАЗ Д58 ПК345 (Новочер),3902
116143,Газовая охрана,Газовый датчик,"418-5.1.19.",ГАЗ Д59 ПК353 (Новочер),3902
116144,Газовая охрана,Газовый датчик,"418-5.1.20.",ГАЗ Д60 ПК355+10 (Гал. ДП) (Новочер),3902
116106,Газовая охрана,Газовый датчик,"418-4.1.1.",ГАЗ Д61 ПК356 (Новочер),3902
116107,Газовая охрана,Газовый датчик,"418-4.1.2.",ГАЗ Д62 ПК372 (Новочер),3902
116108,Газовая охрана,Газовый датчик,"418-4.1.3.",ГАЗ Д63 ПК376 (Новочер),3902
116109,Газовая охрана,Газовый датчик,"418-4.1.4.",ГАЗ Д64 ПК383 (Новочер),3902
116110,Газовая охрана,Газовый датчик,"418-4.1.5.",ГАЗ Д65 ПК385 (Новочер),3902
116111,Газовая охрана,Газовый датчик,"418-4.1.6.",ГАЗ Д66 ПК389 (Новочер),3902
116112,Газовая охрана,Газовый датчик,"418-4.1.7.",ГАЗ Д67 ПК391 (Новочер),3902
116113,Газовая охрана,Газовый датчик,"418-4.1.8.",ГАЗ Д68 ПК393 (Новочер),3902
116114,Газовая охрана,Газовый датчик,"418-4.1.9.",ГАЗ Д69 ПК395 (Новочер),3902
116115,Газовая охрана,Газовый датчик,"418-4.1.10.",ГАЗ Д70 ПК397 (Новочер),3902
116116,Газовая охрана,Газовый датчик,"418-4.1.11.",ГАЗ Д71 ПК403 (Новочер),3902
116117,Газовая охрана,Газовый датчик,"418-4.1.12.",ГАЗ Д72 ПК405 (Новочер),3902
116118,Газовая охрана,Газовый датчик,"418-4.1.13.",ГАЗ Д73 ПК413 (Новочер),3902
116119,Газовая охрана,Газовый датчик,"418-4.1.14.",ГАЗ Д74 ПК414+20 (Гал.) (Новочер),3902
116120,Газовая охрана,Газовый датчик,"418-4.1.15.",ГАЗ Д75 ПК415 (Новочер),3902
116121,Газовая охрана,Газовый датчик,"418-4.1.16.",ГАЗ Д76 ПК419 (Новочер),3902
116122,Газовая охрана,Газовый датчик,"418-4.1.17.",ГАЗ Д77 ПК422 (Новочер),3902
116123,Газовая охрана,Газовый датчик,"418-4.1.18.",ГАЗ Д78 ПК425 (Новочер),3902
116124,Газовая охрана,Газовый датчик,"418-4.1.19.",ГАЗ Д79 ПК436 (Новочер),3902
116086,Газовая охрана,Газовый датчик,"418-3.1.1.",ГАЗ Д31 ПК185 (Цюрупы),3902
116087,Газовая охрана,Газовый датчик,"418-3.1.2.",ГАЗ Д32 ПК187 (Цюрупы),3902
116088,Газовая охрана,Газовый датчик,"418-3.1.3.",ГАЗ Д33 ПК202 (Цюрупы),3902
116089,Газовая охрана,Газовый датчик,"418-3.1.4.",ГАЗ Д34 ПК203 (Цюрупы),3902
116091,Газовая охрана,Газовый датчик,"418-3.1.6.",ГАЗ Д36 ПК220 (Цюрупы),3902
116092,Газовая охрана,Газовый датчик,"418-3.1.7.",ГАЗ Д37 ПК229 (Цюрупы),3902
116093,Газовая охрана,Газовый датчик,"418-3.1.8.",ГАЗ Д38 ПК232 (Цюрупы),3902
116094,Газовая охрана,Газовый датчик,"418-3.1.9.",ГАЗ Д39 ПК238 (Цюрупы),3902
116095,Газовая охрана,Газовый датчик,"418-3.1.10.",ГАЗ Д40 ПК244 (Цюрупы),3902
116096,Газовая охрана,Газовый датчик,"418-3.1.11.",ГАЗ Д41 ПК245+5 (Цюрупы),3902
116097,Газовая охрана,Газовый датчик,"418-3.1.12.",ГАЗ Д42 ПК247 (Цюрупы),3902
116098,Газовая охрана,Газовый датчик,"418-3.1.13.",ГАЗ Д43 ПК251 (Цюрупы),3902
116099,Газовая охрана,Газовый датчик,"418-3.1.14.",ГАЗ Д44 ПК259 (Цюрупы),3902
116100,Газовая охрана,Газовый датчик,"418-3.1.15.",ГАЗ Д45 ПК261 (Цюрупы),3902
116101,Газовая охрана,Газовый датчик,"418-3.1.16.",ГАЗ Д46 ПК273 (Цюрупы),3902
116102,Газовая охрана,Газовый датчик,"418-3.1.17.",ГАЗ Д47 ПК275 (Цюрупы),3902
116103,Газовая охрана,Газовый датчик,"418-3.1.18.",ГАЗ Д48 ПК286 (Цюрупы),3902
116104,Газовая охрана,Газовый датчик,"418-3.1.19.",ГАЗ Д49 ПК288 (Цюрупы),3902
116105,Газовая охрана,Газовый датчик,"418-3.1.20.",ГАЗ Д50 ПК301 (Цюрупы),3902
116090,Газовая охрана,Газовый датчик,"418-3.1.5.",ГАЗ Д35 ПК218 (Цюрупы),3902
115815,Пожарная охрана,Состояние УИР-Р,"418-1.1.106.2.",УСРСБ ПК0,3902
115821,Пожарная охрана,Состояние УИР-Р,"418-1.1.107.2.",УСРСБ ПК13,3902
115827,Пожарная охрана,Состояние УИР-Р,"418-1.1.108.2.",УСРСБ ПК13 АНС,3902
115833,Пожарная охрана,Состояние УИР-Р,"418-1.1.109.2.",УСРСБ ПК28,3902
115839,Пожарная охрана,Состояние УИР-Р,"418-1.1.110.2.",УСРСБ ПК28 щит.,3902
115845,Пожарная охрана,Состояние УИР-Р,"418-1.1.111.2.",УСРСБ ПК42,3902
115851,Пожарная охрана,Состояние УИР-Р,"418-1.1.112.2.",УСРСБ ПК55,3902
115857,Пожарная охрана,Состояние УИР-Р,"418-1.1.113.2.",УСРСБ ПК70,3902
115863,Пожарная охрана,Состояние УИР-Р,"418-1.1.114.2.",УСРСБ ПК81,3902
115869,Пожарная охрана,Состояние УИР-Р,"418-1.1.115.2.",УСРСБ ПК94,3902
115875,Пожарная охрана,Состояние УИР-Р,"418-1.1.116.2.",УСРСБ ПК105,3902
115881,Пожарная охрана,Состояние УИР-Р,"418-1.1.117.2.",УСРСБ ПК122,3902
115887,Пожарная охрана,Состояние УИР-Р,"418-1.1.118.2.",УСРСБ ПК128 АНС,3902
115893,Пожарная охрана,Состояние УИР-Р,"418-1.1.119.2.",УСРСБ ПК138,3902
115899,Пожарная охрана,Состояние УИР-Р,"418-1.1.120.2.",УСРСБ ПК147,3902
115905,Пожарная охрана,Состояние УИР-Р,"418-1.1.121.2.",УСРСБ ПК157,3902
115911,Пожарная охрана,Состояние УИР-Р,"418-1.1.122.2.",УСРСБ ПК157 щит.,3902
115917,Пожарная охрана,Состояние УИР-Р,"418-1.1.123.2.",УСРСБ ПК171,3902
115983,Пожарная охрана,Состояние УИР-Р,"418-1.1.134.2.",УСРСБ ПК327,3902
115989,Пожарная охрана,Состояние УИР-Р,"418-1.1.135.2.",УСРСБ ПК316,3902
115995,Пожарная охрана,Состояние УИР-Р,"418-1.1.136.2.",УСРСБ ПК302,3902
116001,Пожарная охрана,Состояние УИР-Р,"418-1.1.137.2.",УСРСБ ПК287,3902
116007,Пожарная охрана,Состояние УИР-Р,"418-1.1.138.2.",УСРСБ ПК276 АНС,3902
116013,Пожарная охрана,Состояние УИР-Р,"418-1.1.139.2.",УСРСБ ПК274,3902
116019,Пожарная охрана,Состояние УИР-Р,"418-1.1.140.2.",УСРСБ ПК260,3902
116025,Пожарная охрана,Состояние УИР-Р,"418-1.1.141.2.",УСРСБ ПК260 щит.,3902
116031,Пожарная охрана,Состояние УИР-Р,"418-1.1.142.2.",УСРСБ ПК246,3902
116037,Пожарная охрана,Состояние УИР-Р,"418-1.1.143.2.",УСРСБ ПК231,3902
116043,Пожарная охрана,Состояние УИР-Р,"418-1.1.144.2.",УСРСБ ПК223 АНС,3902
116049,Пожарная охрана,Состояние УИР-Р,"418-1.1.145.2.",УСРСБ ПК219,3902
116055,Пожарная охрана,Состояние УИР-Р,"418-1.1.146.2.",УСРСБ ПК203,3902
116061,Пожарная охрана,Состояние УИР-Р,"418-1.1.147.2.",УСРСБ ПК187,3902
115923,Пожарная охрана,Состояние УИР-Р,"418-1.1.124.2.",УСРСБ ПК433 АНС,3902
115929,Пожарная охрана,Состояние УИР-Р,"418-1.1.125.2.",УСРСБ ПК423,3902
115935,Пожарная охрана,Состояние УИР-Р,"418-1.1.126.2.",УСРСБ ПК414,3902
115941,Пожарная охрана,Состояние УИР-Р,"418-1.1.127.2.",УСРСБ ПК404,3902
115947,Пожарная охрана,Состояние УИР-Р,"418-1.1.128.2.",УСРСБ ПК395,3902
115953,Пожарная охрана,Состояние УИР-Р,"418-1.1.129.2.",УСРСБ ПК384,3902
115959,Пожарная охрана,Состояние УИР-Р,"418-1.1.130.2.",УСРСБ ПК375,3902
115965,Пожарная охрана,Состояние УИР-Р,"418-1.1.131.2.",УСРСБ ПК355,3902
115971,Пожарная охрана,Состояние УИР-Р,"418-1.1.132.2.",УСРСБ ПК355 ДП,3902
115977,Пожарная охрана,Состояние УИР-Р,"418-1.1.133.2.",УСРСБ ПК344 АНС,3902
115631,Диспетчерский контроль,Состояние фазы,"418-1.1.64.2.",ФРО1 (РО6 - РО9),3902
115632,Диспетчерский контроль,Состояние фазы,"418-1.1.64.3.",ФРО2 (РО10 - РО13),3902
115637,Диспетчерский контроль,Переключатель,"418-1.1.64.8.",Управление ФРО1 ПК157,3902
115638,Диспетчерский контроль,Переключатель,"418-1.1.64.9.",Управление ФРО2 ПК157,3902
115654,Диспетчерский контроль,Состояние фазы,"418-1.1.67.2.",ФАО1 (ПК82-157),3902
115656,Диспетчерский контроль,Переключатель,"418-1.1.67.8.",Управление ФАО1 ПК157,3902
115552,Диспетчерский контроль,Состояние вентилятора,"418-1.1.47.2.",В1 ПК0,3902
115553,Диспетчерский контроль,Переключатель,"418-1.1.47.8.",Управление В1 ПК0,3902
115606,Диспетчерский контроль,Состояние вентилятора,"418-1.1.58.3.",В9 ПК106,3902
115607,Диспетчерский контроль,Переключатель,"418-1.1.58.9.",Управление В9 ПК106,3902
115605,Диспетчерский контроль,Состояние фазы,"418-1.1.58.2.",ГРО6 ПК106 (ПК82-106),3902
115610,Диспетчерский контроль,Состояние вентилятора,"418-1.1.59.3.",В10 ПК122,3902
115609,Диспетчерский контроль,Состояние фазы,"418-1.1.59.2.",ГРО7 ПК123 (ПК106-123),3902
115611,Диспетчерский контроль,Переключатель,"418-1.1.59.9.",Управление В10 ПК122,3902
115800,Диспетчерский контроль,Состояние насоса,"418-1.1.101.2.",Н2 ПК129,3902
115801,Диспетчерский контроль,Состояние насоса,"418-1.1.101.5.",Н3 ПК129,3902
115613,Диспетчерский контроль,Состояние насоса,"418-1.1.60.2.",Н1 ПК129 ,3902
115555,Диспетчерский контроль,Состояние фазы,"418-1.1.48.2.",ГРО1 ПК13 (ПК0-13),3902
115556,Диспетчерский контроль,Состояние насоса,"418-1.1.48.3.",Н1 ПК13,3902
115797,Диспетчерский контроль,Состояние насоса,"418-1.1.100.2.",Н2 ПК13,3902
115798,Диспетчерский контроль,Состояние насоса,"418-1.1.100.5.",Н3 ПК13,3902
115615,Диспетчерский контроль,Состояние вентилятора,"418-1.1.61.2.",В11 ПК138,3902
115616,Диспетчерский контроль,Состояние вентилятора,"418-1.1.61.3.",В12 ПК138,3902
115618,Диспетчерский контроль,Переключатель,"418-1.1.61.8.",Управление В11 ПК138,3902
115619,Диспетчерский контроль,Переключатель,"418-1.1.61.9.",Управление В12 ПК138,3902
115617,Диспетчерский контроль,Состояние фазы,"418-1.1.61.4.",ГРО8 ПК139 (ПК123-139),3902
115621,Диспетчерский контроль,Состояние вентилятора,"418-1.1.62.2.",В13 ПК147,3902
115622,Диспетчерский контроль,Переключатель,"418-1.1.62.8.",Управление В13 ПК147,3902
115626,Диспетчерский контроль,Состояние вентилятора,"418-1.1.63.4.",В14 ПК157,3902
115627,Диспетчерский контроль,Состояние вентилятора,"418-1.1.63.5.",В15 ПК157,3902
115625,Диспетчерский контроль,Состояние фазы,"418-1.1.63.3.",ГРО10 ПК157 (ПК157-171),3902
115624,Диспетчерский контроль,Состояние фазы,"418-1.1.63.2.",ГРО9 ПК157 (ПК139-157),3902
115628,Диспетчерский контроль,Переключатель,"418-1.1.63.8.",Управление В14 ПК157,3902
115629,Диспетчерский контроль,Переключатель,"418-1.1.63.9.",Управление В15 ПК157,3902
115560,Диспетчерский контроль,Состояние вентилятора,"418-1.1.49.4.",В3 ПК28,3902
115561,Диспетчерский контроль,Состояние вентилятора,"418-1.1.49.5.",В4 ПК28,3902
115558,Диспетчерский контроль,Состояние фазы,"418-1.1.49.2.",ГРО2 ПК28 (ПК13-28),3902
115559,Диспетчерский контроль,Состояние фазы,"418-1.1.49.3.",ГРО3 ПК29 (ПК28-56),3902
115562,Диспетчерский контроль,Переключатель,"418-1.1.49.8.",Управление В3 ПК28,3902
115563,Диспетчерский контроль,Переключатель,"418-1.1.49.9.",Управление В4 ПК28,3902
115587,Диспетчерский контроль,Состояние фазы,"418-1.1.53.2.",ФАО1 (ПК0-28),3902
115589,Диспетчерский контроль,Переключатель,"418-1.1.53.8.",Управление ФАО1 ПК28,3902
115571,Диспетчерский контроль,Переключатель,"418-1.1.50.8.",Управление ФРО1 ПК28,3902
115572,Диспетчерский контроль,Переключатель,"418-1.1.50.9.",Управление ФРО2 ПК28,3902
115565,Диспетчерский контроль,Состояние фазы,"418-1.1.50.2.","ФРО1 (РО1, РО2)",3902
115566,Диспетчерский контроль,Состояние фазы,"418-1.1.50.3.",ФРО2 (РО3 - РО5),3902
115582,Диспетчерский контроль,Состояние вентилятора,"418-1.1.52.3.",В2 ПК28,3902
115585,Диспетчерский контроль,Переключатель,"418-1.1.52.9.",Управление В2 ПК28,3902
115592,Диспетчерский контроль,Состояние вентилятора,"418-1.1.54.3.",В5 ПК55,3902
115591,Диспетчерский контроль,Состояние фазы,"418-1.1.54.2.",ГРО4 ПК56 (ПК56-71),3902
115593,Диспетчерский контроль,Переключатель,"418-1.1.54.9.",Управление В5 ПК55,3902
115596,Диспетчерский контроль,Состояние вентилятора,"418-1.1.55.3.",В6 ПК69,3902
115595,Диспетчерский контроль,Состояние фазы,"418-1.1.55.2.",ГРО5 ПК71 (ПК71-82),3902
115597,Диспетчерский контроль,Переключатель,"418-1.1.55.9.",Управление В6 ПК69,3902
115599,Диспетчерский контроль,Состояние вентилятора,"418-1.1.56.2.",В7 ПК81,3902
115600,Диспетчерский контроль,Переключатель,"418-1.1.56.8.",Управление В7 ПК81,3902
115602,Диспетчерский контроль,Состояние вентилятора,"418-1.1.57.2.",В8 ПК93,3902
115603,Диспетчерский контроль,Переключатель,"418-1.1.57.8.",Управление В8 ПК93,3902
115693,Диспетчерский контроль,Переключатель,"418-1.1.77.8.",Управление ФРО1 ПК355,3902
115694,Диспетчерский контроль,Переключатель,"418-1.1.77.9.",Управление ФРО2 ПК355,3902
115687,Диспетчерский контроль,Состояние фазы,"418-1.1.77.2.",ФРО1 (РО25 - РО28),3902
115688,Диспетчерский контроль,Состояние фазы,"418-1.1.77.3.",ФРО2 (РО22 - РО24),3902
115714,Диспетчерский контроль,Состояние фазы,"418-1.1.81.3.",ГРО24 ПК356 (ПК356-344),3902
115684,Диспетчерский контроль,Состояние вентилятора,"418-1.1.76.2.",В30 ПК373,3902
115685,Диспетчерский контроль,Переключатель,"418-1.1.76.8.",Управление В30 ПК373,3902
115681,Диспетчерский контроль,Состояние фазы,"418-1.1.75.2.",ГРО26 ПК384 (ПК373-384),3902
115682,Диспетчерский контроль,Состояние фазы,"418-1.1.75.3.",ГРО27 ПК384 (ПК384-404),3902
115678,Диспетчерский контроль,Состояние вентилятора,"418-1.1.74.2.",В31 ПК394,3902
115679,Диспетчерский контроль,Переключатель,"418-1.1.74.8.",Управление В31 ПК394,3902
115675,Диспетчерский контроль,Состояние вентилятора,"418-1.1.73.3.",В32 ПК404,3902
115674,Диспетчерский контроль,Состояние фазы,"418-1.1.73.2.",ГРО28 ПК404 (ПК404-424),3902
115676,Диспетчерский контроль,Переключатель,"418-1.1.73.9.",Управление В32 ПК404,3902
115671,Диспетчерский контроль,Состояние вентилятора,"418-1.1.72.2.",В33 ПК414,3902
115672,Диспетчерский контроль,Переключатель,"418-1.1.72.8.",Управление В33 ПК414,3902
115668,Диспетчерский контроль,Состояние вентилятора,"418-1.1.71.2.",В34 ПК423,3902
115669,Диспетчерский контроль,Переключатель,"418-1.1.71.8.",Управление В34 ПК423,3902
115665,Диспетчерский контроль,Состояние вентилятора,"418-1.1.70.2.",В35 ПК423,3902
115666,Диспетчерский контроль,Переключатель,"418-1.1.70.8.",Управление В35 ПК423,3902
115663,Диспетчерский контроль,Состояние насоса,"418-1.1.69.2.",Н1 ПК433,3902
115803,Диспетчерский контроль,Состояние насоса,"418-1.1.102.2.",Н2 ПК433,3902
115804,Диспетчерский контроль,Состояние насоса,"418-1.1.102.5.",Н3 ПК433,3902
115806,Диспетчерский контроль,Состояние насоса,"418-1.1.103.2.",Н2 ПК344,3902
115807,Диспетчерский контроль,Состояние насоса,"418-1.1.103.5.",Н3 ПК344,3902
115722,Диспетчерский контроль,Состояние насоса,"418-1.1.83.2.",Н1 ПК344,3902
115716,Диспетчерский контроль,Состояние вентилятора,"418-1.1.82.2.",В28 ПК355,3902
115717,Диспетчерский контроль,Состояние вентилятора,"418-1.1.82.3.",В29 ПК355,3902
115718,Диспетчерский контроль,Состояние фазы,"418-1.1.82.4.",ГРО25 ПК355 (ПК355-373),3902
115719,Диспетчерский контроль,Переключатель,"418-1.1.82.8.",Управление В28 ПК355,3902
115720,Диспетчерский контроль,Переключатель,"418-1.1.82.9.",Управление В29 ПК355,3902
115758,Диспетчерский контроль,Переключатель,"418-1.1.91.8.",Управление ФРО1 ПК260,3902
115759,Диспетчерский контроль,Переключатель,"418-1.1.91.9.",Управление ФРО2 ПК260,3902
115752,Диспетчерский контроль,Состояние фазы,"418-1.1.91.2.",ФРО1 (РО14 - РО17),3902
115753,Диспетчерский контроль,Состояние фазы,"418-1.1.91.3.",ФРО2 (РО18 - РО21),3902
115777,Диспетчерский контроль,Переключатель,"418-1.1.94.8.",Управление ФАО1 ПК260,3902
115775,Диспетчерский контроль,Состояние фазы,"418-1.1.94.2.",ФАО1 (ПК260-316),3902
115660,Диспетчерский контроль,Состояние вентилятора,"418-1.1.68.4.",В16 ПК171,3902
115658,Диспетчерский контроль,Состояние фазы,"418-1.1.68.2.",ГРО11 ПК171 (ПК171-187),3902
115659,Диспетчерский контроль,Состояние фазы,"418-1.1.68.3.",ГРО12 ПК171 (ПК424-437),3902
115661,Диспетчерский контроль,Переключатель,"418-1.1.68.8.",Управление В16 ПК171,3902
115794,Диспетчерский контроль,Состояние вентилятора,"418-1.1.99.3.",В17 ПК186,3902
115795,Диспетчерский контроль,Переключатель,"418-1.1.99.9.",Управление В17 ПК186,3902
115787,Диспетчерский контроль,Состояние вентилятора,"418-1.1.98.2.",В18 ПК218,3902
115788,Диспетчерский контроль,Состояние вентилятора,"418-1.1.98.3.",В19 ПК218,3902
115789,Диспетчерский контроль,Состояние фазы,"418-1.1.98.4.",ГРО14 ПК219 (ПК219-204),3902
115793,Диспетчерский контроль,Состояние фазы,"418-1.1.99.2.",ГРО13 ПК187 (ПК187-202),3902
115790,Диспетчерский контроль,Переключатель,"418-1.1.98.8.",Управление В18 ПК218,3902
115791,Диспетчерский контроль,Переключатель,"418-1.1.98.9.",Управление В19 ПК218,3902
115783,Диспетчерский контроль,Состояние фазы,"418-1.1.96.2.",ГРО15 ПК232-219,3902
115780,Диспетчерский контроль,Состояние вентилятора,"418-1.1.95.3.",В20 ПК246,3902
115779,Диспетчерский контроль,Состояние фазы,"418-1.1.95.2.",ГРО16 ПК246 (ПК246-232) ,3902
115781,Диспетчерский контроль,Переключатель,"418-1.1.95.8.",Управление В20 ПК246,3902
115749,Диспетчерский контроль,Состояние вентилятора,"418-1.1.90.4.",В21 ПК260,3902
115748,Диспетчерский контроль,Состояние фазы,"418-1.1.90.3.",ГРО17 ПК260 (ПК260-246),3902
115747,Диспетчерский контроль,Состояние фазы,"418-1.1.90.2.",ГРО18 ПК260 (ПК274-260),3902
115750,Диспетчерский контроль,Переключатель,"418-1.1.90.8.",Управление В21 ПК260,3902
115742,Диспетчерский контроль,Состояние вентилятора,"418-1.1.89.2.",В22 ПК273,3902
115743,Диспетчерский контроль,Состояние вентилятора,"418-1.1.89.3.",В23 ПК274,3902
115744,Диспетчерский контроль,Переключатель,"418-1.1.89.8.",Управление В22 ПК273,3902
115745,Диспетчерский контроль,Переключатель,"418-1.1.89.9.",Управление В23 ПК274,3902
115737,Диспетчерский контроль,Состояние вентилятора,"418-1.1.87.4.",В24 ПК287,3902
115735,Диспетчерский контроль,Состояние фазы,"418-1.1.87.2.",ГРО19 ПК287 (ПК274-287),3902
115736,Диспетчерский контроль,Состояние фазы,"418-1.1.87.3.",ГРО20 ПК287 (ПК287-302),3902
115738,Диспетчерский контроль,Переключатель,"418-1.1.87.8.",Управление В24 ПК287,3902
115732,Диспетчерский контроль,Состояние вентилятора,"418-1.1.86.3.",В25 ПК302,3902
115731,Диспетчерский контроль,Состояние фазы,"418-1.1.86.2.",ГРО21 ПК302 (ПК302-316),3902
115733,Диспетчерский контроль,Переключатель,"418-1.1.86.9.",Управление В25 ПК302,3902
115728,Диспетчерский контроль,Состояние вентилятора,"418-1.1.85.2.",В26 ПК316,3902
115729,Диспетчерский контроль,Переключатель,"418-1.1.85.8.",Управление В26 ПК316,3902
115725,Диспетчерский контроль,Состояние вентилятора,"418-1.1.84.3.",В27 ПК327,3902
115724,Диспетчерский контроль,Состояние фазы,"418-1.1.84.2.",ГРО22 ПК327 (ПК327-316),3902
115726,Диспетчерский контроль,Переключатель,"418-1.1.84.9.",Управление В27 ПК327,3902
115689,Диспетчерский контроль,Состояние фазы,"418-1.1.77.4.",Ввод1 ПК355 щит. ЩАП 23,3902
115690,Диспетчерский контроль,Состояние фазы,"418-1.1.77.5.",Ввод2 ПК355 щит. ЩАП 23,3902
115711,Диспетчерский контроль,Переключатель,"418-1.1.80.8.",Управление ФАО1 ПК355,3902
115696,Диспетчерский контроль,Состояние фазы,"418-1.1.78.2.",ФВ1 (В29 - В34),3902
115697,Диспетчерский контроль,Состояние фазы,"418-1.1.78.3.",ФВ2 (В26 - В28),3902
115700,Диспетчерский контроль,Переключатель,"418-1.1.78.8.",Управление ФВ1 ПК355,3902
115701,Диспетчерский контроль,Переключатель,"418-1.1.78.9.",Управление ФВ2 ПК355,3902
115703,Диспетчерский контроль,Состояние фазы,"418-1.1.79.2.",ФАНС1 (АНС5 ПК344),3902
115707,Диспетчерский контроль,Переключатель,"418-1.1.79.8.",Управление ФАНС1 ПК355,3902
115709,Диспетчерский контроль,Состояние фазы,"418-1.1.80.2.",ФАО1 (ПК355-424),3902
117764,Диспетчерский контроль,Состояние фазы,"418-1.1.80.4.",ФАО2 (ПК316-355),3902
117765,Диспетчерский контроль,Переключатель,"418-1.1.80.9.",Управление ФАО2 ПК355,3902
117768,Диспетчерский контроль,Переключатель,"418-1.1.53.9.",Управление ФАО2 ПК28,3902
117767,Диспетчерский контроль,Состояние фазы,"418-1.1.53.4.",ФАО2 (ПК28-82),3902
115578,Диспетчерский контроль,Переключатель,"418-1.1.51.8.",Управление ФВ1 ПК28,3902
115579,Диспетчерский контроль,Переключатель,"418-1.1.51.9.",Управление ФВ2 ПК28,3902
115574,Диспетчерский контроль,Состояние фазы,"418-1.1.51.2.",ФВ1 (В1 - В3),3902
115575,Диспетчерский контроль,Состояние фазы,"418-1.1.51.3.",ФВ2 (В4 - В7),3902
115567,Диспетчерский контроль,Состояние фазы,"418-1.1.50.4.",Ввод1 ПК28 ЩАП-12,3902
115568,Диспетчерский контроль,Состояние фазы,"418-1.1.50.5.",Ввод2 ПК28 ЩАП-12,3902
115581,Диспетчерский контроль,Состояние фазы,"418-1.1.52.2.",ФАНС1 (АНС1 ПК13),3902
115584,Диспетчерский контроль,Переключатель,"418-1.1.52.8.",Управление ФАНС1 ПК28,3902
115647,Диспетчерский контроль,Состояние фазы,"418-1.1.66.2.",ФАНС1 (АНС2 ПК128),3902
115648,Диспетчерский контроль,Состояние фазы,"418-1.1.66.3.",ФАНС2 (АНС6 ПК433),3902
115652,Диспетчерский контроль,Переключатель,"418-1.1.66.9.",Управление ФАНС2 ПК157,3902
115651,Диспетчерский контроль,Переключатель,"418-1.1.66.8.",Управление ФАНС1 ПК157,3902
115644,Диспетчерский контроль,Переключатель,"418-1.1.65.8.",Управление ФВ1 ПК157,3902
115645,Диспетчерский контроль,Переключатель,"418-1.1.65.9.",Управление ФВ2 ПК157,3902
115640,Диспетчерский контроль,Состояние фазы,"418-1.1.65.2.","ФВ1 (В14 - В17, В35)",3902
115641,Диспетчерский контроль,Состояние фазы,"418-1.1.65.3.",ФВ2 (В8 - В13),3902
115633,Диспетчерский контроль,Состояние фазы,"418-1.1.64.4.",Ввод1 ПК157 ЩАП-12,3902
115634,Диспетчерский контроль,Состояние фазы,"418-1.1.64.5.",Ввод2 ПК157 ЩАП-12,3902
117770,Диспетчерский контроль,Переключатель,"418-1.1.67.9.",Управление ФАО2 ПК157,3902
117769,Диспетчерский контроль,Состояние фазы,"418-1.1.67.4.",ФАО2 (ПК157-202),3902
117771,Диспетчерский контроль,Состояние фазы,"418-1.1.83.5.",ГРО23 ПК356 (ПК344-327),3902
115754,Диспетчерский контроль,Состояние фазы,"418-1.1.91.4.",Ввод1 ПК260 ЩАП-12,3902
115755,Диспетчерский контроль,Состояние фазы,"418-1.1.91.5.",Ввод2 ПК260 ЩАП-12,3902
115765,Диспетчерский контроль,Переключатель,"418-1.1.92.8.",Управление ФВ1 ПК260,3902
115766,Диспетчерский контроль,Переключатель,"418-1.1.92.9.",Управление ФВ2 ПК260,3902
115761,Диспетчерский контроль,Состояние фазы,"418-1.1.92.2.",ФВ1 (В18 - В20),3902
115762,Диспетчерский контроль,Состояние фазы,"418-1.1.92.3.",ФВ2 (В21 - В25),3902
117773,Диспетчерский контроль,Переключатель,"418-1.1.94.9.",Управление ФАО2 ПК260,3902
117772,Диспетчерский контроль,Состояние фазы,"418-1.1.94.4.",ФАО2 (ПК204-260),3902
115772,Диспетчерский контроль,Переключатель,"418-1.1.93.8.",Управление ФАНС1 ПК260,3902
115773,Диспетчерский контроль,Переключатель,"418-1.1.93.9.",Управление ФАНС2 ПК260,3902
115768,Диспетчерский контроль,Состояние фазы,"418-1.1.93.2.",ФАНС1 (АНС3 ПК223),3902
115769,Диспетчерский контроль,Состояние фазы,"418-1.1.93.3.",ФАНС2 (АНС4 ПК276),3902
115785,Диспетчерский контроль,Состояние насоса,"418-1.1.97.2.",Н1 ПК223 ,3902
115812,Диспетчерский контроль,Состояние насоса,"418-1.1.105.2.",Н2 ПК223,3902
115813,Диспетчерский контроль,Состояние насоса,"418-1.1.105.5.",Н3 ПК223,3902
115740,Диспетчерский контроль,Состояние насоса,"418-1.1.88.2.",Н1 ПК276,3902
115809,Диспетчерский контроль,Состояние насоса,"418-1.1.104.2.",Н2 ПК276,3902
115810,Диспетчерский контроль,Состояние насоса,"418-1.1.104.5.",Н3 ПК276,3902
171571,Охранная подсистема,КД Дверь,"672-1.1.57.2.",КД дверь помещение №2,3902
171570,Охранная подсистема,КД Дверь,"672-1.1.57.1.",КД окно помещение №2,3902
171572,Охранная подсистема,Датчик движения,"672-1.1.57.3.",ОД помещение №2,3902
171569,Пожарная охрана,Ручной извещатель,"672-1.1.57.7.",ИПР зап.выход,3902
171563,Охранная подсистема,КД Дверь,"672-1.1.56.1.",КД дверь зап.выход,3902
171565,Охранная подсистема,КД Дверь,"672-1.1.56.3.",КД дверь щитовая,3902
171564,Охранная подсистема,Датчик движения,"672-1.1.56.2.",ОД зап.выход,3902
171587,Пожарная охрана,Датчик дыма,"672-1.1.60.7.",ДД ДП лев. сторона,3902
171588,Охранная подсистема,КД Дверь,"672-1.1.60.1.",КД дверь в гараж,3902
171589,Охранная подсистема,Датчик движения,"672-1.1.60.2.",ОД гараж,3902
171584,Охранная подсистема,КД Дверь,"672-1.1.59.4.",КД Ворота гаража,3902
171575,Пожарная охрана,Датчик дыма,"672-1.1.58.7.",ДД ДП прав.сторона,3902
171559,Охранная подсистема,КД Дверь,"672-1.1.55.3.",КД дверь ДП Новые Черёмушки,3902
171557,Охранная подсистема,КД Дверь,"672-1.1.55.1.",КД окна ДП Новые Черёмушки (Дисп.+ Комната Отдыха),3902
171558,Охранная подсистема,Датчик движения,"672-1.1.55.2.",ОД ДП Новые Черёмушки,3902
171556,Охранная подсистема,КД Дверь,"672-1.1.54.5.",КД дверь вент. камеры,3902
171552,Охранная подсистема,Датчик движения,"672-1.1.54.2.",ОД запасной выход,3902
171553,Охранная подсистема,КД Дверь,"672-1.1.54.3.",КД Окно запасной выход,3902
171551,Охранная подсистема,КД Дверь,"672-1.1.54.1.",КД дверь запасной выход,3902
171539,Охранная подсистема,КД Дверь,"672-1.1.52.2.",КД Вх.в коллектор,3902
171541,Охранная подсистема,Датчик движения,"672-1.1.52.4.",ОД Вход в коллектор,3902
171547,Охранная подсистема,КД Дверь,"672-1.1.53.3.",КД дверь в водомерн. Узел,3902
171546,Охранная подсистема,КД Дверь,"672-1.1.53.2.",КД дверь в тепловой пункт,3902
197729,Охранная подсистема,Датчик движения,"672-1.1.68.4.",ОД ком.техника,3902
171537,Пожарная охрана,Датчик дыма,"672-1.1.52.7.","ДД Коридор, Ком. перс.",3902
171538,Охранная подсистема,КД Дверь,"672-1.1.52.1.",КД Вход в подвал,3902
171540,Охранная подсистема,КД Дверь,"672-1.1.52.3.",КД Дверь аппаратная,3902
171542,Охранная подсистема,Датчик движения,"672-1.1.52.5.",ОД вход в подвал,3902
171550,Пожарная охрана,Датчик дыма,"672-1.1.54.7.","ДД мастер., аппаратная",3902
171554,Охранная подсистема,КД Дверь,"672-1.1.54.4.",КД дверь мастерскую,3902
171544,Пожарная охрана,Датчик дыма,"672-1.1.53.7.","ДД Склад, аварийный выход",3902
171545,Охранная подсистема,КД Дверь,"672-1.1.53.1.",КД дверь подс. пом.,3902
171375,Диспетчерский контроль,Состояние охраны,"672-1.1.4096.4095.",[Охранная зона]ДП,3902
171596,Охранная подсистема,КД Дверь,"672-1.1.61.3.",КД дверь зап.выход,3902
171595,Охранная подсистема,Датчик движения,"672-1.1.61.2.",ОД зап.выход,3902
171649,Охранная подсистема,Датчик движения,"672-1.1.69.3.",ОД зап.выход 3 эт.,3902
171648,Охранная подсистема,КД Дверь,"672-1.1.69.2.",КД дверь зап.выход 3 эт.,3902
171641,Охранная подсистема,КД Дверь,"672-1.1.68.3.",ДП дверь вх. 2эт.,3902
171580,Пожарная охрана,Ручной извещатель,"672-1.1.59.7.",ИПР вход,3902
171593,Пожарная охрана,Ручной извещатель,"672-1.1.61.7.",ИПР лестница,3902
171597,Охранная подсистема,КД Дверь,"672-1.1.61.4.",КД вход в ДП,3902
171599,Охранная подсистема,КД Дверь,"672-1.1.61.5.",КД окно лестница,3902
171594,Охранная подсистема,Стекло,"672-1.1.61.1.",Разбитие  лестница,3902
171646,Пожарная охрана,Датчик дыма,"672-1.1.69.7.",ДД каб.201+201А,3902
171647,Охранная подсистема,КД Дверь,"672-1.1.69.1.",КД дверь каб.201,3902
171600,Пожарная охрана,Датчик дыма,"672-1.1.62.7.",ДД каб.202,3902
171601,Охранная подсистема,КД Дверь,"672-1.1.62.1.",КД дверь каб.202,3902
171603,Охранная подсистема,КД Дверь,"672-1.1.62.3.",КД окно каб.202,3902
171606,Охранная подсистема,Датчик движения,"672-1.1.62.5.",ОД зап.выход 2эт,3902
171602,Охранная подсистема,Датчик движения,"672-1.1.62.2.",ОД каб.202,3902
171604,Охранная подсистема,Стекло,"672-1.1.62.4.",Разбитие каб.202,3902
171607,Пожарная охрана,Датчик дыма,"672-1.1.63.7.",ДД каб.203,3902
171611,Пожарная охрана,Ручной извещатель,"672-1.1.63.4.",ДП 2эт. зап. вых. ИПР,3902
171608,Охранная подсистема,КД Дверь,"672-1.1.63.1.",КД дверь каб.203,3902
171610,Охранная подсистема,КД Дверь,"672-1.1.63.3.",КД окно каб.203,3902
171609,Охранная подсистема,Датчик движения,"672-1.1.63.2.",ОД каб.203,3902
171612,Охранная подсистема,Стекло,"672-1.1.63.5.",Разбитие каб.203,3902
171614,Пожарная охрана,Датчик дыма,"672-1.1.64.7.",ДД каб.204,3902
171615,Охранная подсистема,КД Дверь,"672-1.1.64.1.",КД дверь каб.204,3902
171620,Охранная подсистема,КД Дверь,"672-1.1.64.5.",КД зап.выход 2эт.,3902
171617,Охранная подсистема,КД Дверь,"672-1.1.64.3.",КД окно каб.204,3902
171616,Охранная подсистема,Датчик движения,"672-1.1.64.2.",ОД каб.204,3902
171618,Охранная подсистема,Стекло,"672-1.1.64.4.",Разбитие каб.204,3902
171621,Пожарная охрана,Датчик дыма,"672-1.1.65.7.",ДД каб.205,3902
171622,Охранная подсистема,КД Дверь,"672-1.1.65.1.",КД дверь каб.205,3902
171625,Охранная подсистема,КД Дверь,"672-1.1.65.5.",КД окно каб.205,3902
171623,Охранная подсистема,Датчик движения,"672-1.1.65.2.",ОД каб.205,3902
171624,Охранная подсистема,Стекло,"672-1.1.65.4.",Разбитие каб.205,3902
171632,Пожарная охрана,Ручной извещатель,"672-1.1.66.5.","2эт. коридор лестница ИПР",3902
171627,Пожарная охрана,Датчик дыма,"672-1.1.66.7.",ДД каб.206,3902
171628,Охранная подсистема,КД Дверь,"672-1.1.66.1.",КД дверь каб.206,3902
171630,Охранная подсистема,КД Дверь,"672-1.1.66.3.",КД окно каб.206,3902
171629,Охранная подсистема,Датчик движения,"672-1.1.66.2.",ОД каб.206,3902
171631,Охранная подсистема,Стекло,"672-1.1.66.4.",Разбитие каб.206,3902
171634,Пожарная охрана,Датчик дыма,"672-1.1.67.7.",ДД каб.207,3902
171635,Охранная подсистема,КД Дверь,"672-1.1.67.1.",КД дверь каб.207,3902
171638,Охранная подсистема,КД Дверь,"672-1.1.67.5.",КД окно каб.207,3902
171636,Охранная подсистема,Датчик движения,"672-1.1.67.2.",ОД каб.207,3902
171637,Охранная подсистема,Стекло,"672-1.1.67.4.",Разбитие каб.207,3902
171590,Охранная подсистема,Датчик движения,"672-1.1.60.3.",ОД вход в ДП,3902
171654,Охранная подсистема,КД Дверь,"672-1.1.60.4.",КД Шкаф ОПС Оптика,3903
115540,Охранная подсистема,КД Дверь,"418-1.1.44.2.",КД шкаф ОПС ПК157 щитовая,3903
115536,Охранная подсистема,КД Дверь,"418-1.1.43.2.",КД шкаф ОПС ПК28 щитовая,3903
115548,Охранная подсистема,КД Дверь,"418-1.1.46.2.",КД шкаф ОПС ПК260 щитовая,3903
115544,Охранная подсистема,КД Дверь,"418-1.1.45.2.",КД шкаф ОПС ПК355 э/щ ДП,3903
116148,Охранная подсистема,КД Дверь,"418-1.1.45.5.",КД шкаф АКМ ПК355 э/щ ДП,3903
115545,Диагностическая подсистема,ИБП,"418-1.1.45.3.","АКБ шкаф ОПС (ОС, ДУ) ПК355 э/щ ДП",3903
115537,Диагностическая подсистема,ИБП,"418-1.1.43.3.",АКБ ПК28 щитовая,3903
115549,Диагностическая подсистема,ИБП,"418-1.1.46.3.",АКБ ПК260,3903
115541,Диагностическая подсистема,ИБП,"418-1.1.44.3.",АКБ ПК157,3903
178334,Диспетчерский контроль,Состояние охраны,"418-g6.",Шкаф ОПС,3903
171645,Охранная подсистема,КД Дверь,"672-1.1.68.1.",Шкафы ОПС ДП Новые Черёмушки,3903
263413,Диагностическая подсистема,ИБП,"672-1.1.250.4095.",ББП ДП Smart-UPS2200,3903
262825,Охранная подсистема,КД АВ,"418-1.1.25.6.",КД АВ ПК355,3904
116147,Диспетчерский контроль,Состояние охраны,"418-g3.",Новочерёмушкинский,3904
115418,Охранная подсистема,КД Дверь,"418-1.1.27.6.",КД отс. дверь ПК344,3904
115417,Охранная подсистема,КД АВ,"418-1.1.27.5.",КД АВ ПК344 2,3904
115414,Охранная подсистема,Датчик движения,"418-1.1.27.2.",ОД АВ ПК344,3904
115416,Охранная подсистема,Датчик движения,"418-1.1.27.4.",ОД ВШ ПК344,3904
115415,Охранная подсистема,КД АВ,"418-1.1.27.3.",КД АВ ПК344 1,3904
115401,Охранная подсистема,КД Дверь,"418-1.1.25.5.",КД дверь в ДП ПК355,3904
115398,Охранная подсистема,Датчик движения,"418-1.1.25.2.",ОД АВ ПК355,3904
115400,Охранная подсистема,Датчик движения,"418-1.1.25.4.",ОД вход в ДП ПК355,3904
115408,Охранная подсистема,КД Дверь,"418-1.1.26.5.",КД отс. дверь ПК356 лев.от лест.,3904
115407,Охранная подсистема,КД Дверь,"418-1.1.26.4.",КД отс. дверь ПК356 прав.от лест.,3904
115406,Охранная подсистема,Датчик движения,"418-1.1.26.2.",ОД ВШ ПК356,3904
115390,Охранная подсистема,КД АВ,"418-1.1.24.3.",КД АВ ПК373,3904
115392,Охранная подсистема,КД Дверь,"418-1.1.24.5.",КД отс. дверь ПК376 лев.от лест.,3904
115393,Охранная подсистема,КД Дверь,"418-1.1.24.6.",КД отс. дверь ПК376 прав.от лест.,3904
115389,Охранная подсистема,Датчик движения,"418-1.1.24.2.",ОД АВ ПК373,3904
115391,Охранная подсистема,Датчик движения,"418-1.1.24.4.",ОД ВШ ПК375,3904
115380,Охранная подсистема,КД АВ,"418-1.1.23.3.",КД АВ ПК384,3904
115382,Охранная подсистема,КД Дверь,"418-1.1.23.5.",КД отс. дверь ПК384 лев.от лест.,3904
115383,Охранная подсистема,КД Дверь,"418-1.1.23.6.",КД отс. дверь ПК384 прав.от лест.,3904
115379,Охранная подсистема,Датчик движения,"418-1.1.23.2.",ОД АВ ПК385,3904
115381,Охранная подсистема,Датчик движения,"418-1.1.23.4.",ОД ВШ ПК384,3904
115370,Охранная подсистема,КД АВ,"418-1.1.22.3.",КД АВ ПК394+1,3904
115373,Охранная подсистема,КД Дверь,"418-1.1.22.6.",КД отс. дверь ПК395 лев.от лест.,3904
115372,Охранная подсистема,КД Дверь,"418-1.1.22.5.",КД отс. дверь ПК395 прав.от лест.,3904
115369,Охранная подсистема,Датчик движения,"418-1.1.22.2.",ОД АВ ПК394,3904
115371,Охранная подсистема,Датчик движения,"418-1.1.22.4.",ОД ВШ ПК395,3904
115360,Охранная подсистема,КД АВ,"418-1.1.21.3.",КД АВ ПК404,3904
115363,Охранная подсистема,КД Дверь,"418-1.1.21.6.",КД отс. дверь ПК404 лев.от лест.,3904
115362,Охранная подсистема,КД Дверь,"418-1.1.21.5.",КД отс. дверь ПК404 прав.от лест.,3904
115359,Охранная подсистема,Датчик движения,"418-1.1.21.2.",ОД АВ ПК403,3904
115361,Охранная подсистема,Датчик движения,"418-1.1.21.4.",ОД ВШ ПК404,3904
115354,Охранная подсистема,КД АВ,"418-1.1.20.3.",КД АВ ПК414ГПК3,3904
115353,Охранная подсистема,Датчик движения,"418-1.1.20.2.",ОД АВ ПК414,3904
115346,Охранная подсистема,КД АВ,"418-1.1.19.3.",КД АВ ПК414,3904
115349,Охранная подсистема,КД Дверь,"418-1.1.19.6.",КД отс. дверь ПК414 лев.от лест.,3904
115348,Охранная подсистема,КД Дверь,"418-1.1.19.5.",КД отс. дверь ПК414 прав.от лест.,3904
115345,Охранная подсистема,Датчик движения,"418-1.1.19.2.",ОД АВ ПК414,3904
115338,Охранная подсистема,КД АВ,"418-1.1.18.3.",КД АВ ПК423,3904
115340,Охранная подсистема,КД Дверь,"418-1.1.18.6.",КД отс. дверь ПК424,3904
115337,Охранная подсистема,Датчик движения,"418-1.1.18.2.",ОД АВ ПК423,3904
115339,Охранная подсистема,Датчик движения,"418-1.1.18.4.",ОД ВШ ПК423,3904
115347,Температурная подсистема,Датчик температуры,"418-1.1.19.4.",Темп. ПК414,3904
115355,Температурная подсистема,Датчик температуры,"418-1.1.20.4.",Темп. ПК414,3904
115364,Температурная подсистема,Датчик температуры,"418-1.1.21.7.",Темп. ПК404,3904
115374,Температурная подсистема,Датчик температуры,"418-1.1.22.7.",Темп. ПК395,3904
115385,Температурная подсистема,Датчик температуры,"418-1.1.23.8.",Темп. ПК385,3904
115384,Температурная подсистема,Датчик температуры,"418-1.1.23.7.",Темп. ПК384,3904
115394,Температурная подсистема,Датчик температуры,"418-1.1.24.7.",Темп. ПК376,3904
115410,Температурная подсистема,Датчик температуры,"418-1.1.26.7.",Темп. ПК356,3904
115409,Температурная подсистема,Датчик температуры,"418-1.1.26.6.",Темп. ПК355,3904
120967,Охранная подсистема,КД АВ,"418-1.1.5.8.",КД АВ ПК43,3905
115235,Охранная подсистема,Датчик движения,"418-1.1.5.2.",ОД АВ ПК42,3905
115237,Охранная подсистема,Датчик движения,"418-1.1.5.4.",ОД ВШ ПК43,3905
115208,Охранная подсистема,Датчик движения,"418-1.1.1.2.",ОД АВ ПК0,3905
115215,Охранная подсистема,Датчик движения,"418-1.1.2.2.",ОД АВ ПК13 ,3905
115217,Охранная подсистема,Датчик движения,"418-1.1.2.4.",ОД ВШ ПК13 ,3905
115223,Охранная подсистема,Датчик движения,"418-1.1.3.2.",ОД ВШ ПК28,3905
115229,Охранная подсистема,Датчик движения,"418-1.1.4.2.",ОД АВ ПК28,3905
115244,Охранная подсистема,Датчик движения,"418-1.1.6.2.",ОД АВ ПК55,3905
115246,Охранная подсистема,Датчик движения,"418-1.1.6.4.",ОД ВШ ПК56,3905
115252,Охранная подсистема,Датчик движения,"418-1.1.7.2.",ОД АВ ПК70,3905
115260,Охранная подсистема,Датчик движения,"418-1.1.8.2.",ОД АВ ПК81,3905
115262,Охранная подсистема,Датчик движения,"418-1.1.8.4.",ОД ВШ ПК81,3905
115268,Охранная подсистема,Датчик движения,"418-1.1.9.2.",ОД АВ ПК93+5,3905
115275,Охранная подсистема,Датчик движения,"418-1.1.10.2.",ОД ВШ ПК94,3905
115282,Охранная подсистема,Датчик движения,"418-1.1.11.2.",ОД АВ ПК106,3905
115284,Охранная подсистема,Датчик движения,"418-1.1.11.4.",ОД ВШ ПК106,3905
115290,Охранная подсистема,Датчик движения,"418-1.1.12.2.",ОД АВ ПК122,3905
115292,Охранная подсистема,Датчик движения,"418-1.1.12.4.",ОД ВШ ПК122,3905
115302,Охранная подсистема,Датчик движения,"418-1.1.14.2.",ОД АВ ПК138,3905
115304,Охранная подсистема,Датчик движения,"418-1.1.14.4.",ОД ВШ ПК138,3905
115310,Охранная подсистема,Датчик движения,"418-1.1.15.2.",ОД АВ ПК147,3905
115312,Охранная подсистема,Датчик движения,"418-1.1.15.4.",ОД ВШ ПК147,3905
115319,Охранная подсистема,Датчик движения,"418-1.1.16.2.",ОД АВ ПК157,3905
115321,Охранная подсистема,Датчик движения,"418-1.1.16.4.",ОД ВШ ПК157,3905
115231,Охранная подсистема,Датчик движения,"418-1.1.4.4.",ОД ВШ ЩИТ ПК28,3905
116145,Диспетчерский контроль,Состояние охраны,"418-g1.",Профсоюзная,3905
115209,Охранная подсистема,КД АВ,"418-1.1.1.3.",КД АВ ПК0,3905
115211,Охранная подсистема,КД Дверь,"418-1.1.1.6.",КД отс. дверь ПК0,3905
115216,Охранная подсистема,КД АВ,"418-1.1.2.3.",КД АВ ПК13 ,3905
115218,Охранная подсистема,КД Дверь,"418-1.1.2.6.",КД отс. дверь ПК13,3905
115225,Охранная подсистема,КД Дверь,"418-1.1.3.5.",КД отс. дверь ПК28,3905
115224,Температурная подсистема,Датчик температуры,"418-1.1.3.4.",Темп. ПК28,3905
115230,Охранная подсистема,КД АВ,"418-1.1.4.3.",КД АВ ПК28,3905
115236,Охранная подсистема,КД АВ,"418-1.1.5.3.",КД АВ ПК42,3905
115238,Охранная подсистема,КД Дверь,"418-1.1.5.5.",КД отс. дверь ПК43,3905
115245,Охранная подсистема,КД АВ,"418-1.1.6.3.",КД АВ ПК55,3905
115247,Охранная подсистема,КД Дверь,"418-1.1.6.6.",КД отс. дверь ПК55,3905
115253,Охранная подсистема,КД АВ,"418-1.1.7.3.",КД АВ ПК69,3905
115255,Охранная подсистема,КД Дверь,"418-1.1.7.6.",КД отс. дверь ПК70,3905
115254,Охранная подсистема,Датчик движения,"418-1.1.7.4.",ОД ВШ ПК70,3905
115261,Охранная подсистема,КД АВ,"418-1.1.8.3.",КД АВ ПК81,3905
115263,Охранная подсистема,КД Дверь,"418-1.1.8.6.",КД отс. дверь ПК81,3905
115269,Охранная подсистема,КД АВ,"418-1.1.9.3.",КД АВ ПК93+5,3905
115271,Охранная подсистема,КД Дверь,"418-1.1.9.5.",КД отс. дверь ПК93+5,3905
115278,Охранная подсистема,КД Дверь,"418-1.1.10.5.",КД отс. дверь ПК93+5,3905
115276,Охранная подсистема,КД Дверь,"418-1.1.10.3.",КД отс. дверь ПК94,3905
115277,Температурная подсистема,Датчик температуры,"418-1.1.10.4.",Темп. ПК94,3905
115283,Охранная подсистема,КД АВ,"418-1.1.11.3.",КД АВ ПК106,3905
115285,Охранная подсистема,КД Дверь,"418-1.1.11.5.",КД отс. дверь ПК106,3905
115286,Температурная подсистема,Датчик температуры,"418-1.1.11.6.",Темп. ПК106,3905
115291,Охранная подсистема,КД АВ,"418-1.1.12.3.",КД АВ ПК122,3905
115293,Охранная подсистема,КД Дверь,"418-1.1.12.6.",КД отс. дверь ПК122,3905
115298,Охранная подсистема,КД Дверь,"418-1.1.13.2.",КД дверь ПК128 АНС,3905
115299,Охранная подсистема,КД Люк,"418-1.1.13.3.",КД люк ПК128 АНС,3905
115303,Охранная подсистема,КД АВ,"418-1.1.14.3.",КД АВ ПК138,3905
115305,Охранная подсистема,КД Дверь,"418-1.1.14.6.",КД отс. дверь ПК138,3905
115311,Охранная подсистема,КД АВ,"418-1.1.15.3.",КД АВ ПК147,3905
115313,Охранная подсистема,КД Дверь,"418-1.1.15.6.",КД отс. дверь ПК147,3905
115315,Температурная подсистема,Датчик температуры,"418-1.1.15.8.",Темп. ПК147+5,3905
115320,Охранная подсистема,КД АВ,"418-1.1.16.3.",КД АВ ПК157,3905
115322,Охранная подсистема,КД Дверь,"418-1.1.16.5.",КД дверь ПК157 щитовая,3905
115323,Охранная подсистема,КД Дверь,"418-1.1.16.6.",КД отс. дверь ПК157,3905
115325,Температурная подсистема,Датчик температуры,"418-1.1.16.8.",Темп. ПК157+5,3905
115219,Температурная подсистема,Датчик температуры,"418-1.1.2.7.",Темп. ПК13,3905
115239,Температурная подсистема,Датчик температуры,"418-1.1.5.6.",Темп. АВ ПК42,3905
115240,Температурная подсистема,Датчик температуры,"418-1.1.5.7.",Темп. ВШ ПК43,3905
115248,Температурная подсистема,Датчик температуры,"418-1.1.6.7.",Темп. ПК56,3905
115256,Температурная подсистема,Датчик температуры,"418-1.1.7.7.",Темп. ПК70,3905
115264,Температурная подсистема,Датчик температуры,"418-1.1.8.7.",Темп. ПК82,3905
198148,Охранная подсистема,КД АВ,"418-1.1.16.9.",КД АВ2 ПК157,3905
232210,Охранная подсистема,КД Дверь,"418-1.1.7.8.",КД дв. к АВ ПК69,3905
232204,Охранная подсистема,КД Дверь,"418-1.1.4.5.",КД дв. ВШ ПК28 ,3905
232206,Охранная подсистема,КД Дверь,"418-1.1.4.7.",КД дв. к АВ ПК28,3905
232205,Охранная подсистема,КД Дверь,"418-1.1.4.6.",КД дв. щит. ПК28,3905
232207,Охранная подсистема,КД Дверь,"418-1.1.5.9.",КД отс. дверь ПК42,3905
232209,Охранная подсистема,КД Дверь,"418-1.1.6.9.",КД дв. к АВ ПК55,3905
232208,Охранная подсистема,КД Дверь,"418-1.1.6.8.",КД дв. к ВШ ПК55,3905
232212,Охранная подсистема,КД Дверь,"418-1.1.8.9.",КД дв. к АВ ПК82,3905
232211,Охранная подсистема,КД Дверь,"418-1.1.8.8.",КД дв. к ВШ ПК82,3905
232214,Охранная подсистема,КД Дверь,"418-1.1.7.9.",КД отс. дверь ПК69,3905
113987,Охранная подсистема,КД Дверь,"414-1.1.2.3.",КД дверь ДП ПК 8 ,4069
113988,Охранная подсистема,КД Люк,"414-1.1.2.4.",КД АНС люк ПК 9 ,4069
114000,Охранная подсистема,КД АВ,"414-1.1.5.3.",КД ПК 78 дверь АВ ,4069
114011,Пожарная охрана,Состояние УИР-Р,"414-1.1.10.4095.",УИР-Р ПК0 АВ,4069
114016,Пожарная охрана,Состояние УИР-Р,"414-1.1.15.4095.",УИР-Р ПК78 АВ,4069
114014,Пожарная охрана,Состояние УИР-Р,"414-1.1.13.4095.",УИР-Р ПК42 АВ,4069
113997,Температурная подсистема,Датчик температуры,"414-1.1.4.255.",Темп ПК 42 (ККД),4069
113985,Охранная подсистема,КД АВ,"414-1.1.2.1.",КД дверь АВ ПК 0  ,4069
197985,Охранная подсистема,Датчик движения,"414-1.1.23.2.",ОД АВ ПК0,4069
197986,Температурная подсистема,Датчик температуры,"414-1.1.23.1.",Темп АВ ПК0 (ОПД),4069
197981,Охранная подсистема,Датчик движения,"414-1.1.21.2.",ОД АВ ПК72,4069
197983,Охранная подсистема,Датчик движения,"414-1.1.22.2.",ОД АВ ПК78,4069
114012,Пожарная охрана,Состояние УИР-Р,"414-1.1.11.4095.",УИР-Р ПК9 АНС,4069
113992,Охранная подсистема,КД Дверь,"414-1.1.3.3.",КД ПК 14 дверь ВК,4069
113991,Охранная подсистема,КД Дверь,"414-1.1.3.2.",КД отсечная дверь ПК 14 ,4069
113981,Охранная подсистема,Датчик движения,"414-1.1.4095.2.",ОД ВШ проход ПК14 ,4069
113990,Охранная подсистема,КД АВ,"414-1.1.3.1.",КД дверь АВ ПК 14 ,4069
114013,Пожарная охрана,Состояние УИР-Р,"414-1.1.12.4095.",УИР-Р ПК14 АВ,4069
113979,Диспетчерский контроль,Состояние охраны,"414-1.1.4096.4095.",[Охранная зонаКоллектор Мосрентген,4069
113995,Охранная подсистема,КД Дверь,"414-1.1.4.2.",КД ПК 42 дверь ВК,4069
113996,Охранная подсистема,КД Дверь,"414-1.1.4.3.",КД ПК 42 отсечная дверь,4069
113983,Охранная подсистема,Датчик движения,"414-1.1.1.2.",ОД  ВШ проход ПК 42,4069
113994,Охранная подсистема,КД АВ,"414-1.1.4.1.",КД дверь АВ ПК 42 ,4069
197984,Температурная подсистема,Датчик температуры,"414-1.1.22.1.",Темп АВ ПК78 (ОПД) ,4069
113998,Охранная подсистема,КД Люк,"414-1.1.5.1.",КД ПК 68 люк,4069
197979,Охранная подсистема,Датчик движения,"414-1.1.20.2.",ОД люк ПК68,4069
197980,Температурная подсистема,Датчик температуры,"414-1.1.20.1.",Темп люк ПК68 (ОПД),4069
113999,Охранная подсистема,КД АВ,"414-1.1.5.2.",КД ПК 72 дверь АВ,4069
114015,Пожарная охрана,Состояние УИР-Р,"414-1.1.14.4095.",УИР-Р ПК72 АВ,4069
197982,Температурная подсистема,Датчик температуры,"414-1.1.21.1.",Темп АВ ПК72 (ОПД),4069
135185,Диспетчерский контроль,Состояние охраны,"477-1.1.4096.4095.",[Охранная зона]Коллектор,4095
135237,Пожарная охрана,Состояние УИР-Р,"477-1.1.20.4095.",УИР-Р ПК 92 АВ,4095
135236,Пожарная охрана,Состояние УИР-Р,"477-1.1.19.4095.",УИР-Р ПК 72 АВ,4095
135235,Пожарная охрана,Состояние УИР-Р,"477-1.1.18.4095.",УИР-Р ПК 51 АВ,4095
135234,Пожарная охрана,Состояние УИР-Р,"477-1.1.17.4095.",УИР-Р ПК 36 АВ,4095
135233,Пожарная охрана,Состояние УИР-Р,"477-1.1.16.4095.",УИР-Р ПК 20 АНС,4095
135232,Пожарная охрана,Состояние УИР-Р,"477-1.1.15.4095.",УИР-Р ПК 0 Гал.АВ,4095
135189,Охранная подсистема,Датчик движения,"477-1.1.1.2.",ОД АВ ПК4 Гал.ПК0,4095
135190,Температурная подсистема,Датчик температуры,"477-1.1.1.1.",Темп. люк ПК4 Гал.ПК0,4095
135199,Охранная подсистема,Датчик движения,"477-1.1.6.2.",ОД люк ПК84,4095
135200,Температурная подсистема,Датчик температуры,"477-1.1.6.1.",Темп. люк ПК84,4095
135197,Охранная подсистема,Датчик движения,"477-1.1.5.2.","ОД ВШ,люк ПК72",4095
135198,Температурная подсистема,Датчик температуры,"477-1.1.5.1.","Темп. ВШ,люк ПК72",4095
135195,Охранная подсистема,Датчик движения,"477-1.1.4.2.",ОД ВШ ПК51,4095
135196,Температурная подсистема,Датчик температуры,"477-1.1.4.1.",Темп. ВШ ПК51,4095
135191,Охранная подсистема,Датчик движения,"477-1.1.2.2.",ОД люк ПК4,4095
135192,Температурная подсистема,Датчик температуры,"477-1.1.2.1.",Темп. люк ПК4,4095
135193,Охранная подсистема,Датчик движения,"477-1.1.3.2.",ОД ВШ ПК36,4095
135194,Температурная подсистема,Датчик температуры,"477-1.1.3.1.",Темп. ВШ ПК36,4095
135225,Охранная подсистема,КД АВ,"477-1.1.12.2.",КД АВ ПК92,4095
135223,Температурная подсистема,Датчик температуры,"477-1.1.11.255.",Темп. ПК 72,4095
135222,Охранная подсистема,КД АВ,"477-1.1.11.4.",КД АВ ПК 72,4095
135221,Охранная подсистема,КД Дверь,"477-1.1.11.3.",КД дв. в ВШ ПК 72,4095
135219,Охранная подсистема,КД Дверь,"477-1.1.11.1.",КД дв.отс. ПК 72,4095
135220,Охранная подсистема,КД Люк,"477-1.1.11.2.",КД люк ПК 72,4095
135216,Охранная подсистема,КД АВ,"477-1.1.10.3.",КД АВ ПК 51,4095
135215,Охранная подсистема,КД Дверь,"477-1.1.10.2.",КД дв.отс. ПК 51,4095
135217,Охранная подсистема,КД Дверь,"477-1.1.10.4.",КД дв.отс. ПК 51 2 эт,4095
135203,Температурная подсистема,Датчик температуры,"477-1.1.7.255.",Темп. ПК 4,4095
135201,Охранная подсистема,КД Дверь,"477-1.1.7.1.","КД дв.отс. ПК 2,5",4095
135202,Охранная подсистема,КД АВ,"477-1.1.7.2.",КД АВ ПК4 Гал.ПК0,4095
135213,Температурная подсистема,Датчик температуры,"477-1.1.9.255.",Темп. ПК 36,4095
135209,Охранная подсистема,КД Дверь,"477-1.1.9.1.","КД дв.отс. ПК 35,8",4095
135211,Охранная подсистема,КД АВ,"477-1.1.9.3.",КД АВ ПК 36,4095
135210,Охранная подсистема,КД Дверь,"477-1.1.9.2.",КД дв.отс. ПК 36 2 эт.,4095
135212,Охранная подсистема,КД Дверь,"477-1.1.9.4.","КД дв. отс. ПК 36,2",4095
135208,Температурная подсистема,Датчик температуры,"477-1.1.8.255.",Темп. ПК 20 АНС,4095
135204,Охранная подсистема,КД Дверь,"477-1.1.8.1.","КД дв.отс. ПК 19,5",4095
135205,Охранная подсистема,КД АВ,"477-1.1.8.2.",КД АВ ПК 20,4095
135206,Охранная подсистема,КД Дверь,"477-1.1.8.3.",КД дв.отс. ПК 20,4095
135207,Охранная подсистема,КД Дверь,"477-1.1.8.4.","КД дв.отс. ПК 20,5",4095
168445,Охранная подсистема,КД Люк,"477-1.1.7.4.",КД люк ПК4,4095
179752,Диспетчерский контроль,Датчик затопления,"477-1.1.8.5.",Затопление ПК20,4095
135188,Температурная подсистема,Датчик температуры,"477-1.1.4095.1.",Темп. ВШ ПК1,4095
135187,Охранная подсистема,Датчик движения,"477-1.1.4095.2.",ОД ВШ ПК 1 ,4095
217384,Охранная подсистема,Датчик движения,"477-1.1.27.2.",ОД АВ ПК20,4095
284125,Охранная подсистема,Датчик движения,"477-1.1.29.2.",ОД АВ ПК36,4095
284123,Охранная подсистема,Датчик движения,"477-1.1.30.2.","ОД АВ ПК91,5",4095
135228,Охранная подсистема,КД АВ,"477-1.1.13.2.",КД дв. в ДП ПК 0,4095
135230,Пожарная охрана,Ручной извещатель,"477-1.1.13.4.",ИПР ДП Зап. выход,4095
135229,Охранная подсистема,Датчик движения,"477-1.1.13.3.",ОД ДП Охр. контур 2,4095
121145,Диспетчерский контроль,Состояние насоса,"414-2.1.1.1.2.",АНС1 ПК9 Н1,4177
121146,Диспетчерский контроль,Состояние насоса,"414-2.1.1.1.4.",АНС1 ПК9 Н2,4177
121147,Диспетчерский контроль,Состояние насоса,"414-2.1.1.1.6.",АНС2 ПК72 Н1,4177
121148,Диспетчерский контроль,Состояние насоса,"414-2.1.1.1.8.",АНС2 ПК72 Н2,4177
121149,Диспетчерский контроль,Состояние вентилятора,"414-2.1.1.1.9.",В1 ПК14,4177
121150,Диспетчерский контроль,Состояние вентилятора,"414-2.1.1.1.10.",В2 ПК42,4177
121161,Газовая охрана,Газовый датчик,"414-2.1.1.1.25.","Газ Д1-Д13 ПК2-ПК76, Гал.ДП",4177
121151,Диспетчерский контроль,Состояние фазы,"414-2.1.1.1.11.",Группа РО1 ПК0-14,4177
121152,Диспетчерский контроль,Состояние фазы,"414-2.1.1.1.12.",Группа РО2 ПК14-42,4177
121153,Диспетчерский контроль,Состояние фазы,"414-2.1.1.1.13.",Группа РО3 ПК42-72,4177
121160,Диспетчерский контроль,Состояние фазы,"414-2.1.1.1.20.",Группа РО4 ПК72-78,4177
121162,Диспетчерский контроль,Состояние фазы,"414-2.1.1.1.26.",Питание ПУИ,4177
121156,Диспетчерский контроль,Состояние фазы,"414-2.1.1.1.16.",Фидер АНС Щитовая ДП,4177
121154,Диспетчерский контроль,Состояние фазы,"414-2.1.1.1.14.",Фидер АО Щитовая ДП,4177
121157,Диспетчерский контроль,Состояние фазы,"414-2.1.1.1.17.",Фидер В Щитовая ДП,4177
121155,Диспетчерский контроль,Состояние фазы,"414-2.1.1.1.15.",Фидер РО Щитовая ДП,4177
121167,Диспетчерский контроль,Переключатель,"414-2.1.2.5.",Управление В1 ПК14,4177
121168,Диспетчерский контроль,Переключатель,"414-2.1.2.6.",Управление В2 ПК42 ,4177
121166,Диспетчерский контроль,Переключатель,"414-2.1.2.4.",Управление ФАНС Щитовая ДП,4177
121164,Диспетчерский контроль,Переключатель,"414-2.1.2.2.",Управление ФАО Щитовая ДП,4177
121165,Диспетчерский контроль,Переключатель,"414-2.1.2.3.",Управление ФВ Щитовая ДП,4177
121163,Диспетчерский контроль,Переключатель,"414-2.1.2.1.",Управление ФРО Щитовая ДП,4177
114008,Пожарная охрана,Датчик дыма,"414-1.1.8.7.","ДЫМ коридор,раздевалка ДП ",4177
114009,Пожарная охрана,Ручной извещатель,"414-1.1.8.5.",ИПР вход в ДП,4177
114006,Пожарная охрана,Ручной извещатель,"414-1.1.7.5.",ИПР вход в коллектор ДП,4177
113980,Диспетчерский контроль,Состояние охраны,"414-1.1.4096.1.",[Охранная зона]ДП Мосрентген,4177
197722,Охранная подсистема,КД Дверь,"414-1.1.8.1.",КД вход в ДП,4177
197723,Охранная подсистема,КД Дверь,"414-1.1.8.2.",КД вход в коллектор ДП,4177
114010,Температурная подсистема,Датчик температуры,"414-1.1.8.255.",Темп шкаф ОПС ДП,4177
114005,Пожарная охрана,Датчик дыма,"414-1.1.7.7.","ДЫМ ком.техника,щитовая,столовая ДП",4177
197721,Охранная подсистема,Датчик движения,"414-1.1.7.2.",ОД вход в коллектор ДП,4177
197720,Охранная подсистема,Стекло,"414-1.1.7.1.",РАЗБИТИЕ ДП,4177
114007,Температурная подсистема,Датчик температуры,"414-1.1.7.255.",Темп шкаф ОПС ДП,4177
197719,Пожарная охрана,Датчик дыма,"414-1.1.6.7.",ДЫМ вход в коллектор ДП,4177
114002,Охранная подсистема,КД Дверь,"414-1.1.6.1.",КД КД окна ДП,4177
197717,Охранная подсистема,Датчик движения,"414-1.1.6.4.",ОД вход в ДП,4177
197718,Охранная подсистема,Датчик движения,"414-1.1.6.5.",ОД ком.техника ДП,4177
114046,Охранная подсистема,Датчик движения,"414-1.1.6.2.",ОД столовая ДП,4177
114004,Температурная подсистема,Датчик температуры,"414-1.1.6.255.",Темп  шкаф ОПС (ККД) ,4177
121158,Диспетчерский контроль,Состояние фазы,"414-2.1.1.1.18.",ЩАП-23 Ввод1 Щит. ДП,4177
121159,Диспетчерский контроль,Состояние фазы,"414-2.1.1.1.19.",ЩАП-23 Ввод2 Щит. ДП,4177
51701,Диспетчерский контроль,Переключатель,"163-2.4.2.18.",ФАНС Э/щ ДП ПС Никулино (26БК),4369
51682,Диспетчерский контроль,Состояние фазы,"163-2.4.1.2.6.",ФАНС Э/щ ДП ПС Никулино (26БК),4369
147180,Газовая охрана,Газовый датчик,"505-3.1.2.",ГАЗ Д2 ПК172 гал. ПК62 ,4369
147182,Газовая охрана,Газовый датчик,"505-3.1.4.",ГАЗ Д4 ПК172 гал. ПК44,4369
147183,Газовая охрана,Газовый датчик,"505-3.1.5.",ГАЗ Д5 ПК172 гал. ПК41,4369
147184,Газовая охрана,Газовый датчик,"505-3.1.6.",ГАЗ Д6 ПК172 гал. ПК20,4369
147185,Газовая охрана,Газовый датчик,"505-3.1.7.",ГАЗ Д7 ПК172 гал. ПК15,4369
147186,Газовая охрана,Газовый датчик,"505-3.1.8.",ГАЗ Д8 ПК172 гал. ПК2,4369
147188,Газовая охрана,Газовый датчик,"505-4.1.2.",ГАЗ Д10 пк212,4369
147189,Газовая охрана,Газовый датчик,"505-4.1.3.",ГАЗ Д11 пк209,4369
147190,Газовая охрана,Газовый датчик,"505-4.1.4.",ГАЗ Д12 пк207,4369
147191,Газовая охрана,Газовый датчик,"505-4.1.5.",ГАЗ Д13 пк206,4369
147192,Газовая охрана,Газовый датчик,"505-4.1.6.",ГАЗ Д14 пк197,4369
147193,Газовая охрана,Газовый датчик,"505-4.1.7.",ГАЗ Д15 пк193,4369
147194,Газовая охрана,Газовый датчик,"505-4.1.8.",ГАЗ Д16 пк174,4369
147195,Газовая охрана,Газовый датчик,"505-4.1.9.",ГАЗ Д17 пк171,4369
147196,Газовая охрана,Газовый датчик,"505-4.1.10.",ГАЗ Д18 пк149,4369
147197,Газовая охрана,Газовый датчик,"505-4.1.11.",ГАЗ Д19 пк145,4369
147198,Газовая охрана,Газовый датчик,"505-4.1.12.",ГАЗ Д20 пк125,4369
147199,Газовая охрана,Газовый датчик,"505-4.1.13.",ГАЗ Д21 пк122,4369
147200,Газовая охрана,Газовый датчик,"505-4.1.14.",ГАЗ Д22 пк111,4369
147201,Газовая охрана,Газовый датчик,"505-4.1.15.",ГАЗ Д23 пк108,4369
147187,Газовая охрана,Газовый датчик,"505-4.1.1.",ГАЗ Д9 пк228,4369
147202,Газовая охрана,Газовый датчик,"505-5.1.5.",ГАЗ Д24 пк85,4369
147203,Газовая охрана,Газовый датчик,"505-5.1.7.",ГАЗ Д25 пк82,4369
147204,Газовая охрана,Газовый датчик,"505-5.1.8.",ГАЗ Д26 пк68,4369
147205,Газовая охрана,Газовый датчик,"505-5.1.9.",ГАЗ Д27 пк65,4369
147206,Газовая охрана,Газовый датчик,"505-5.1.10.",ГАЗ Д28 пк51,4369
147207,Газовая охрана,Газовый датчик,"505-5.1.11.",ГАЗ Д29 пк48,4369
147208,Газовая охрана,Газовый датчик,"505-5.1.12.",ГАЗ Д30 пк34,4369
147209,Газовая охрана,Газовый датчик,"505-5.1.13.",ГАЗ Д31 пк31,4369
147210,Газовая охрана,Газовый датчик,"505-5.1.14.",ГАЗ Д32 пк17,4369
147211,Газовая охрана,Газовый датчик,"505-5.1.15.",ГАЗ Д33 пк14,4369
147212,Газовая охрана,Газовый датчик,"505-5.1.16.",ГАЗ Д34 пк2,4369
147179,Газовая охрана,Газовый датчик,"505-3.1.1.",ГАЗ Д1 ПК172 гал. ПК68,4369
147181,Газовая охрана,Газовый датчик,"505-3.1.3.",ГАЗ Д3 ПК172 гал. ПК58,4369
148746,Диспетчерский контроль,Состояние фазы,"505-2.2.1.1.23.",ЩАП-23 Ввод1 ПК172 Гал.ПК43,4369
148747,Диспетчерский контроль,Состояние фазы,"505-2.2.1.1.24.",ЩАП-23 Ввод2 ПК172 Гал.ПК43,4369
147808,Диспетчерский контроль,Состояние насоса,"505-2.2.1.1.15.",АНС2 ПК172 Н1,4369
147806,Диспетчерский контроль,Состояние насоса,"505-2.2.1.1.11.",АНС2 ПК172 Н2,4369
147807,Диспетчерский контроль,Состояние насоса,"505-2.2.1.1.12.",АНС2 ПК172 Н3,4369
147802,Диспетчерский контроль,Состояние вентилятора,"505-2.2.1.1.5.",В1 ПК172 гал. ПК61,4369
147803,Диспетчерский контроль,Состояние вентилятора,"505-2.2.1.1.6.",В2 ПК172 гал. ПК43,4369
147804,Диспетчерский контроль,Состояние вентилятора,"505-2.2.1.1.7.",В3 ПК172 гал. ПК18,4369
147805,Диспетчерский контроль,Состояние вентилятора,"505-2.2.1.1.8.",В4 ПК172,4369
148745,Диспетчерский контроль,Состояние фазы,"505-2.2.1.1.1.",ГРО1 пк73-пк61 гал.172,4369
148864,Диспетчерский контроль,Состояние фазы,"505-2.2.1.1.2.",ГРО2 пк61-пк43 гал.172,4369
148865,Диспетчерский контроль,Состояние фазы,"505-2.2.1.1.3.",ГРО3 пк43-пк17 гал.172,4369
148866,Диспетчерский контроль,Состояние фазы,"505-2.2.1.1.4.",ГРО4 пк17-пк0 гал.172,4369
147102,Диспетчерский контроль,Состояние фазы,"505-2.2.1.1.22.",ФАНС2 ПК172 Гал.ПК43,4369
147098,Диспетчерский контроль,Состояние фазы,"505-2.2.1.1.18.",ФАО1 ПК172 Гал.ПК43,4369
147099,Диспетчерский контроль,Состояние фазы,"505-2.2.1.1.19.",ФАО2 ПК172 Гал.ПК43,4369
147100,Диспетчерский контроль,Состояние фазы,"505-2.2.1.1.20.",ФВ1 ПК172 Гал.ПК43,4369
147101,Диспетчерский контроль,Состояние фазы,"505-2.2.1.1.21.",ФВ2 ПК172 Гал.ПК43,4369
147096,Диспетчерский контроль,Состояние фазы,"505-2.2.1.1.16.",ФРО1 ПК172 Гал.ПК43,4369
147097,Диспетчерский контроль,Состояние фазы,"505-2.2.1.1.17.",ФРО2 ПК172 Гал.ПК43,4369
147103,Диспетчерский контроль,Переключатель,"505-2.2.2.1.",Управление В1 ПК172 гал. ПК61,4369
147104,Диспетчерский контроль,Переключатель,"505-2.2.2.2.",Управление В2 ПК172 гал. ПК43,4369
147105,Диспетчерский контроль,Переключатель,"505-2.2.2.3.",Управление В3 ПК172 гал. ПК18,4369
147106,Диспетчерский контроль,Переключатель,"505-2.2.2.4.",Управление В4 пк172,4369
147111,Диспетчерский контроль,Переключатель,"505-2.2.2.9.",Управление ФАНС2 ПК172 Гал.ПК43,4369
147109,Диспетчерский контроль,Переключатель,"505-2.2.2.7.",Управление ФАО1 ПК172 Гал.ПК43,4369
147110,Диспетчерский контроль,Переключатель,"505-2.2.2.8.",Управление ФАО2 ПК172 Гал.ПК43,4369
147112,Диспетчерский контроль,Переключатель,"505-2.2.2.10.",Управление ФВ1 ПК172 Гал.ПК43,4369
147113,Диспетчерский контроль,Переключатель,"505-2.2.2.11.",Управление ФВ2 ПК172 Гал.ПК43,4369
147107,Диспетчерский контроль,Переключатель,"505-2.2.2.5.",Управление ФРО1 ПК172 Гал.ПК43,4369
147108,Диспетчерский контроль,Переключатель,"505-2.2.2.6.",Управление ФРО2 ПК172 Гал.ПК43,4369
147134,Диспетчерский контроль,Состояние фазы,"505-2.3.1.1.19.",ЩАП-23 Ввод1 ПК195 Э/Щ 2,4369
147135,Диспетчерский контроль,Состояние фазы,"505-2.3.1.1.20.",ЩАП-23 Ввод2 ПК195 Э/Щ 2,4369
147122,Диспетчерский контроль,Состояние вентилятора,"505-2.3.1.1.7.",В5 ПК172,4369
147123,Диспетчерский контроль,Состояние вентилятора,"505-2.3.1.1.8.",В6 ПК172,4369
147124,Диспетчерский контроль,Состояние вентилятора,"505-2.3.1.1.9.",В7 ПК124,4369
147125,Диспетчерский контроль,Состояние вентилятора,"505-2.3.1.1.10.",В8 ПК110,4369
147127,Диспетчерский контроль,Состояние вентилятора,"505-2.3.1.1.12.",В16 ПК211,4369
147121,Диспетчерский контроль,Состояние фазы,"505-2.3.1.1.6.",ГРО10 пк110-пк124,4369
147116,Диспетчерский контроль,Состояние фазы,"505-2.3.1.1.1.",ГРО5 пк211-пк230,4369
147117,Диспетчерский контроль,Состояние фазы,"505-2.3.1.1.2.",ГРО6 пк195-пк211,4369
147118,Диспетчерский контроль,Состояние фазы,"505-2.3.1.1.3.",ГРО7 пк172-пк195,4369
147119,Диспетчерский контроль,Состояние фазы,"505-2.3.1.1.4.",ГРО8 пк147+5-пк172,4369
147120,Диспетчерский контроль,Состояние фазы,"505-2.3.1.1.5.",ГРО9 пк124-пк147+5,4369
147129,Диспетчерский контроль,Состояние фазы,"505-2.3.1.1.14.",ФАО1 пк195 Э/Щ 2,4369
147131,Диспетчерский контроль,Состояние фазы,"505-2.3.1.1.16.",ФАО2 пк195 Э/Щ 2,4369
147132,Диспетчерский контроль,Состояние фазы,"505-2.3.1.1.17.",ФВ1 пк195 Э/Щ 2,4369
147133,Диспетчерский контроль,Состояние фазы,"505-2.3.1.1.18.",ФВ2 пк195 Э/Щ 2,4369
147128,Диспетчерский контроль,Состояние фазы,"505-2.3.1.1.13.",ФРО1 пк195 Э/Щ 2,4369
147130,Диспетчерский контроль,Состояние фазы,"505-2.3.1.1.15.",ФРО2 пк195 Э/Щ 2,4369
147152,Диспетчерский контроль,Переключатель,"505-2.3.2.13.",Управление В11 пк148,4369
147144,Диспетчерский контроль,Переключатель,"505-2.3.2.5.",Управление В15 пк195,4369
147145,Диспетчерский контроль,Переключатель,"505-2.3.2.6.",Управление В16 пк211,4369
147140,Диспетчерский контроль,Переключатель,"505-2.3.2.1.",Управление В5 пк172,4369
147141,Диспетчерский контроль,Переключатель,"505-2.3.2.2.",Управление В6 пк172,4369
147142,Диспетчерский контроль,Переключатель,"505-2.3.2.3.",Управление В7 пк124 ,4369
147143,Диспетчерский контроль,Переключатель,"505-2.3.2.4.",Управление В8 пк110,4369
147147,Диспетчерский контроль,Переключатель,"505-2.3.2.8.",Управление ФАО1 пк195 Э/Щ 2,4369
147149,Диспетчерский контроль,Переключатель,"505-2.3.2.10.",Управление ФАО2 пк195 Э/Щ 2,4369
147150,Диспетчерский контроль,Переключатель,"505-2.3.2.11.",Управление ФВ1 пк195 Э/Щ 2,4369
147151,Диспетчерский контроль,Переключатель,"505-2.3.2.12.",Управление ФВ2 пк195 Э/Щ 2,4369
147146,Диспетчерский контроль,Переключатель,"505-2.3.2.7.",Управление ФРО1 пк195 Э/Щ 2,4369
147148,Диспетчерский контроль,Переключатель,"505-2.3.2.9.",Управление ФРО2 пк195 Э/Щ 2,4369
147813,Диспетчерский контроль,Состояние фазы,"505-2.4.1.1.27.",ЩАП-23 Ввод1 ПК34 Э/щ 3,4369
147814,Диспетчерский контроль,Состояние фазы,"505-2.4.1.1.28.",ЩАП-23 Ввод2 ПК34 Э/щ 3,4369
147809,Диспетчерский контроль,Состояние насоса,"505-2.4.1.1.15.",АНС1 Н1,4369
147810,Диспетчерский контроль,Состояние насоса,"505-2.4.1.1.16.",АНС1 Н2,4369
147811,Диспетчерский контроль,Состояние насоса,"505-2.4.1.1.19.",АНС1 Н3,4369
147941,Диспетчерский контроль,Состояние вентилятора,"505-2.4.1.1.8.",В10 пк67,4369
147155,Диспетчерский контроль,Состояние вентилятора,"505-2.4.1.1.10.",В12 пк34,4369
147156,Диспетчерский контроль,Состояние вентилятора,"505-2.4.1.1.11.",В13 пк34,4369
147157,Диспетчерский контроль,Состояние вентилятора,"505-2.4.1.1.12.",В14 пк16,4369
147940,Диспетчерский контроль,Состояние вентилятора,"505-2.4.1.1.7.",В9 пк83,4369
147934,Диспетчерский контроль,Состояние фазы,"505-2.4.1.1.1.",ГРО11 пк83+5-пк110,4369
147935,Диспетчерский контроль,Состояние фазы,"505-2.4.1.1.2.",ГРО12 пк67-пк83+5,4369
147936,Диспетчерский контроль,Состояние фазы,"505-2.4.1.1.3.",ГРО13 пк49+5-пк67,4369
147937,Диспетчерский контроль,Состояние фазы,"505-2.4.1.1.4.",ГРО14 пк33+5-пк49+5,4369
147938,Диспетчерский контроль,Состояние фазы,"505-2.4.1.1.5.",ГРО15 пк15+5-пк33+5,4369
147939,Диспетчерский контроль,Состояние фазы,"505-2.4.1.1.6.",ГРО16 пк0-пк15+5,4369
147812,Диспетчерский контроль,Состояние фазы,"505-2.4.1.1.26.",ФАНС1 ПК34 Э/щ 3,4369
147160,Диспетчерский контроль,Состояние фазы,"505-2.4.1.1.22.",ФАО1 ПК34 Э/щ 3,4369
147161,Диспетчерский контроль,Состояние фазы,"505-2.4.1.1.23.",ФАО2 ПК34 Э/щ 3,4369
147162,Диспетчерский контроль,Состояние фазы,"505-2.4.1.1.24.",ФВ1 ПК34 Э/щ 3,4369
147163,Диспетчерский контроль,Состояние фазы,"505-2.4.1.1.25.",ФВ2 ПК34 Э/щ 3,4369
147158,Диспетчерский контроль,Состояние фазы,"505-2.4.1.1.20.",ФРО1 ПК34 Э/щ 3,4369
147159,Диспетчерский контроль,Состояние фазы,"505-2.4.1.1.21.",ФРО2 ПК34 Э/щ 3,4369
147165,Диспетчерский контроль,Переключатель,"505-2.4.2.2.",Управление В10 пк67,4369
147167,Диспетчерский контроль,Переключатель,"505-2.4.2.4.",Управление В12 пк34,4369
147168,Диспетчерский контроль,Переключатель,"505-2.4.2.5.",Управление В13 пк34,4369
147169,Диспетчерский контроль,Переключатель,"505-2.4.2.6.",Управление В14 пк16,4369
147164,Диспетчерский контроль,Переключатель,"505-2.4.2.1.",Управление В9 пк83,4369
147174,Диспетчерский контроль,Переключатель,"505-2.4.2.11.",Управление ФАНС1 пк34 Э/Щ 3,4369
147172,Диспетчерский контроль,Переключатель,"505-2.4.2.9.",Управление ФАО1 пк34 Э/Щ 3,4369
147173,Диспетчерский контроль,Переключатель,"505-2.4.2.10.",Управление ФАО2 пк34 Э/Щ 3,4369
147175,Диспетчерский контроль,Переключатель,"505-2.4.2.12.",Управление ФВ1 пк34 Э/Щ 3,4369
147176,Диспетчерский контроль,Переключатель,"505-2.4.2.13.",Управление ФВ2 пк34 Э/Щ 3,4369
147170,Диспетчерский контроль,Переключатель,"505-2.4.2.7.",Управление ФРО1 пк34 Э/Щ 3,4369
147171,Диспетчерский контроль,Переключатель,"505-2.4.2.8.",Управление ФРО2 пк34 Э/Щ 3,4369
51678,Диспетчерский контроль,Состояние фазы,"163-2.4.1.2.2.",ФАО Э/щ ДП ПС Никулино (26БК),4369
51680,Диспетчерский контроль,Состояние фазы,"163-2.4.1.2.4.",ФРО Э/щ ДП ПС Никулино (26БК),4369
51684,Диспетчерский контроль,Состояние фазы,"163-2.4.1.2.8.",ФВ Э/щ ДП ПС Никулино (26БК),4369
51688,Газовая охрана,Газовый датчик,"163-2.4.1.2.28.",ГАЗ Д1-12 (26БК),4369
51697,Диспетчерский контроль,Переключатель,"163-2.4.2.14.",ФАО Э/щ ДП ПС Никулино (26БК),4369
51699,Диспетчерский контроль,Переключатель,"163-2.4.2.16.",ФРО Э/щ ДП ПС Никулино (26БК),4369
51703,Диспетчерский контроль,Переключатель,"163-2.4.2.20.",ФВ Э/щ ДП ПС Никулино (26БК),4369
147136,Диспетчерский контроль,Состояние вентилятора,"505-2.3.1.1.21.",В11 ПК148,4369
147126,Диспетчерский контроль,Состояние вентилятора,"505-2.3.1.1.11.",В15 ПК195,4369
51667,Диспетчерский контроль,Состояние вентилятора,"163-2.4.1.1.18.",В1 ПК24,4369
51668,Диспетчерский контроль,Состояние вентилятора,"163-2.4.1.1.19.",В2 ПК42,4369
51673,Диспетчерский контроль,Состояние вентилятора,"163-2.4.1.1.24.",В3 ПК53 Гал.АТС.ПК 9,4369
51669,Диспетчерский контроль,Состояние вентилятора,"163-2.4.1.1.20.",В4 ПК63,4369
51670,Диспетчерский контроль,Состояние вентилятора,"163-2.4.1.1.21.",В5 ПК83,4369
51671,Диспетчерский контроль,Состояние вентилятора,"163-2.4.1.1.22.",В6 ПК104,4369
51672,Диспетчерский контроль,Состояние вентилятора,"163-2.4.1.1.23.",В7 ПК112,4369
51148,Диспетчерский контроль,Переключатель,"163-2.4.2.5.",В1 ПК24 (26БК),4369
51690,Диспетчерский контроль,Переключатель,"163-2.4.2.6.",В2 ПК42 (26БК),4369
51695,Диспетчерский контроль,Переключатель,"163-2.4.2.11.",В3 ПК53 Г.АТС ПК9 (26БК),4369
51691,Диспетчерский контроль,Переключатель,"163-2.4.2.7.",В4 ПК63 (26БК),4369
51692,Диспетчерский контроль,Переключатель,"163-2.4.2.8.",В5 ПК83 (26БК),4369
51693,Диспетчерский контроль,Переключатель,"163-2.4.2.9.",В6 ПК104 (26БК),4369
51694,Диспетчерский контроль,Переключатель,"163-2.4.2.10.",В7 ПК112 (26БК),4369
51139,Диспетчерский контроль,Состояние фазы,"163-2.4.1.1.6.",ГРО1 Гал.ДП ПК0-16,4369
51140,Диспетчерский контроль,Состояние фазы,"163-2.4.1.1.7.",ГРО2 ПК24-0,4369
51141,Диспетчерский контроль,Состояние фазы,"163-2.4.1.1.8.",ГРО3 ПК24-42 Гал.ПК41ПК0-3,4369
51663,Диспетчерский контроль,Состояние фазы,"163-2.4.1.1.9.",ГРО4 ПК42-63,4369
51142,Диспетчерский контроль,Состояние фазы,"163-2.4.1.1.10.",ГРО5 ПК53 Гал.АТС.ПК11-0,4369
51664,Диспетчерский контроль,Состояние фазы,"163-2.4.1.1.11.",ГРО6 ПК63-84,4369
51143,Диспетчерский контроль,Состояние фазы,"163-2.4.1.1.12.",ГРО7 ПК84-112,4369
51675,Диспетчерский контроль,Состояние насоса,"163-2.4.1.1.29.",АНС Н1 ПК109 (26БК),4369
51676,Диспетчерский контроль,Состояние насоса,"163-2.4.1.1.31.",АНС Н2 ПК109 (26БК),4369
147030,Пожарная охрана,Состояние УИР-Р,"505-1.1.91.4095.",УИР-Р 3 этаж ПК43 Гал.172,4370
143669,Охранная подсистема,Датчик движения,"505-1.1.50.2.",ОД АВ2 3 этаж ПК43 Гал.172,4370
143508,Охранная подсистема,КД Дверь,"505-1.1.2.4.",КД дверь 3 этаж ПК43 Гал.172,4370
157287,Охранная подсистема,КД Дверь,"505-1.1.8.7.",КД дверь2 3 этаж ПК172,4370
157286,Охранная подсистема,КД Дверь,"505-1.1.8.6.",КД дверь1 3 этаж ПК172,4370
147000,Диспетчерский контроль,Состояние охраны,"505-1.1.4096.4.",[Охранная зона]Коллектор,4370
147013,Пожарная охрана,Датчик дыма,"505-1.1.31.1.",ДЫМ ПК0,4370
157325,Пожарная охрана,Состояние УИР-Р,"505-1.1.121.4095.",УИР-Р 1 этаж ПК0,4370
157326,Пожарная охрана,Состояние УИР-Р,"505-1.1.122.4095.",УИР-Р 3 этаж ПК0,4370
157309,Пожарная охрана,Датчик дыма,"505-1.1.31.2.",ДЫМ ПК0-ПК8,4370
143649,Пожарная охрана,Датчик дыма,"505-1.1.29.2.",ДЫМ ПК16-ПК9,4370
143620,Пожарная охрана,Датчик дыма,"505-1.1.24.1.",ДЫМ ПК50-ПК58,4370
143715,Охранная подсистема,Датчик движения,"505-1.1.73.2.",ОД АВ1 4 этаж ПК50,4370
143717,Охранная подсистема,Датчик движения,"505-1.1.74.2.",ОД АВ2 4 этаж ПК50,4370
143624,Охранная подсистема,КД Дверь,"505-1.1.24.5.",КД дверь 2 этаж ПК50,4370
143623,Охранная подсистема,КД Дверь,"505-1.1.24.4.",КД дверь 1 этаж ПК50,4370
143627,Охранная подсистема,КД Дверь,"505-1.1.25.2.",КД дверь 4 этаж ПК50,4370
143630,Охранная подсистема,КД Дверь,"505-1.1.25.5.",КД дверь 3 этаж ПК50,4370
143622,Пожарная охрана,Датчик дыма,"505-1.1.24.3.",ДЫМ ПК50,4370
143626,Охранная подсистема,КД АВ,"505-1.1.25.1.",КД АВ1 4 этаж ПК50,4370
143615,Пожарная охрана,Датчик дыма,"505-1.1.23.2.",ДЫМ ПК68-ПК59,4370
143711,Охранная подсистема,Датчик движения,"505-1.1.71.2.",ОД ВШ 4 этаж ПК83,4370
143713,Охранная подсистема,Датчик движения,"505-1.1.72.2.",ОД АВ 4 этаж ПК83,4370
143610,Температурная подсистема,Датчик температуры,"505-1.1.21.255.",ТЕМП. ПК88,4370
157303,Охранная подсистема,КД Дверь,"505-1.1.22.3.",КД дверь 4 этаж ПК83,4370
157306,Охранная подсистема,КД Дверь,"505-1.1.22.6.",КД дверь 3 этаж ПК83,4370
157308,Охранная подсистема,КД Дверь,"505-1.1.22.8.",КД дверь 1 этаж ПК83,4370
157305,Охранная подсистема,КД АВ,"505-1.1.22.5.",КД АВ 4 этаж ПК83,4370
143520,Пожарная охрана,Датчик дыма,"505-1.1.5.1.",ДЫМ ПК19-ПК28 Гал.172,4370
143511,Охранная подсистема,КД Дверь,"505-1.1.2.7.",КД дверь 1 этаж ПК43 Гал.172,4370
143510,Охранная подсистема,КД Дверь,"505-1.1.2.6.",КД дверь 2 этаж ПК43 Гал.172,4370
143506,Охранная подсистема,КД АВ,"505-1.1.2.2.",КД АВ2 3 этаж ПК43 Гал.172,4370
147029,Пожарная охрана,Состояние УИР-Р,"505-1.1.90.4095.",УИР-Р 1 этаж ПК43 Гал.172,4370
143505,Пожарная охрана,Датчик дыма,"505-1.1.2.1.",ДЫМ ПК43 Гал.172,4370
143512,Температурная подсистема,Датчик температуры,"505-1.1.2.255.",ТЕМП. ПК43 Гал.172,4370
143671,Охранная подсистема,Датчик движения,"505-1.1.51.2.",ОД ВШ 3 этаж ПК43 Гал.172,4370
143695,Охранная подсистема,Датчик движения,"505-1.1.63.2.",ОД АВ1 3 этаж ПК230,4370
147052,Пожарная охрана,Состояние УИР-Р,"505-1.1.113.4095.",УИР-Р 1 этаж ПК110,4370
147036,Пожарная охрана,Состояние УИР-Р,"505-1.1.97.4095.",УИР-Р 2 этаж ПК172,4370
143653,Температурная подсистема,Датчик температуры,"505-1.1.29.255.",ТЕМП. 1 этаж ПК16,4370
143650,Пожарная охрана,Датчик дыма,"505-1.1.29.3.",ДЫМ ПК16,4370
147043,Пожарная охрана,Состояние УИР-Р,"505-1.1.104.4095.",УИР-Р 3 этаж ПК230,4370
147032,Пожарная охрана,Состояние УИР-Р,"505-1.1.93.4095.",УИР-Р 3 этаж ПК172,4370
147044,Пожарная охрана,Состояние УИР-Р,"505-1.1.105.4095.",УИР-Р 1 этаж ПК148,4370
147046,Пожарная охрана,Состояние УИР-Р,"505-1.1.107.4095.",УИР-Р 4 этаж ПК148,4370
147045,Пожарная охрана,Состояние УИР-Р,"505-1.1.106.4095.",УИР-Р 5 этаж ПК148,4370
147027,Пожарная охрана,Состояние УИР-Р,"505-1.1.88.4095.",УИР-Р 1 этаж ПК61 Гал.172,4370
147024,Пожарная охрана,Состояние УИР-Р,"505-1.1.85.4095.",УИР-Р ПК73+5 Гал.172,4370
147025,Пожарная охрана,Состояние УИР-Р,"505-1.1.86.4095.",УИР-Р ПК70+6 3 этаж Гал.172,4370
147026,Пожарная охрана,Состояние УИР-Р,"505-1.1.87.4095.",УИР-Р ПК70+6 1 эт. Гал.172,4370
147047,Пожарная охрана,Состояние УИР-Р,"505-1.1.108.4095.",УИР-Р 1 этаж ПК124,4370
147048,Пожарная охрана,Состояние УИР-Р,"505-1.1.109.4095.",УИР-Р 4 этаж ПК124,4370
147049,Пожарная охрана,Состояние УИР-Р,"505-1.1.110.4095.",УИР-Р 4 этаж ПК110,4370
143638,Охранная подсистема,КД АВ,"505-1.1.27.3.",КД АВ 2 этаж ПК34,4370
147055,Пожарная охрана,Состояние УИР-Р,"505-1.1.116.4095.",УИР-Р 1 этаж ПК34,4370
143636,Пожарная охрана,Датчик дыма,"505-1.1.27.1.",ДЫМ ПК34,4370
143634,Охранная подсистема,КД Дверь,"505-1.1.26.3.",КД дверь 1 этаж ПК34,4370
143637,Охранная подсистема,КД Дверь,"505-1.1.27.2.",КД дверь 2 этаж ПК34,4370
147010,Охранная подсистема,КД АВ,"505-1.1.30.4.",КД АВ2 4 этаж ПК16,4370
157324,Пожарная охрана,Состояние УИР-Р,"505-1.1.120.4095.",УИР-Р 4 этаж ПК16,4370
157323,Пожарная охрана,Состояние УИР-Р,"505-1.1.119.4095.",УИР-Р 1 этаж ПК16,4370
157311,Охранная подсистема,КД Дверь,"505-1.1.31.4.",КД дверь в 26 Бак. Ком ПК0,4370
157310,Охранная подсистема,КД АВ,"505-1.1.31.3.",КД АВ1 3 этаж ПК0,4370
147035,Пожарная охрана,Состояние УИР-Р,"505-1.1.96.4095.",УИР-Р 1 этаж ПК172,4370
143594,Пожарная охрана,Датчик дыма,"505-1.1.19.1.",ДЫМ ПК110-ПК117,4370
157297,Охранная подсистема,КД Дверь,"505-1.1.18.6.",КД дверь 3 этаж ПК124,4370
143587,Температурная подсистема,Датчик температуры,"505-1.1.17.255.",ТЕМП. ПК128,4370
143580,Пожарная охрана,Датчик дыма,"505-1.1.17.1.",ДЫМ ПК128-ПК137,4370
143571,Пожарная охрана,Датчик дыма,"505-1.1.15.2.",ДЫМ ПК148-ПК138,4370
147008,Охранная подсистема,КД Дверь,"505-1.1.30.2.",КД дверь 4 этаж ПК16,4370
147011,Охранная подсистема,КД Дверь,"505-1.1.30.5.",КД дверь 3 этаж ПК16,4370
143651,Охранная подсистема,КД Дверь,"505-1.1.29.4.",КД дверь 1 этаж ПК16,4370
143652,Охранная подсистема,КД Дверь,"505-1.1.29.5.",КД дверь 2 этаж ПК16,4370
143648,Пожарная охрана,Датчик дыма,"505-1.1.29.1.",ДЫМ ПК16-ПК25,4370
143633,Пожарная охрана,Датчик дыма,"505-1.1.26.2.",ДЫМ ПК34-ПК26,4370
143632,Пожарная охрана,Датчик дыма,"505-1.1.26.1.",ДЫМ ПК34-ПК42,4370
147053,Пожарная охрана,Состояние УИР-Р,"505-1.1.114.4095.",УИР-Р 1 этаж ПК50,4370
147054,Пожарная охрана,Состояние УИР-Р,"505-1.1.115.4095.",УИР-Р 4 этаж ПК50,4370
147050,Пожарная охрана,Состояние УИР-Р,"505-1.1.111.4095.",УИР-Р 1 этаж ПК83,4370
147051,Пожарная охрана,Состояние УИР-Р,"505-1.1.112.4095.",УИР-Р 4 этаж ПК83,4370
147033,Пожарная охрана,Состояние УИР-Р,"505-1.1.94.4095.",УИР-Р 1 этаж ПК18 Гал.172,4370
147034,Пожарная охрана,Состояние УИР-Р,"505-1.1.95.4095.",УИР-Р 3 этаж ПК18 Гал.172,4370
143531,Пожарная охрана,Датчик дыма,"505-1.1.7.2.",ДЫМ ПК172-ПК183,4370
147038,Пожарная охрана,Состояние УИР-Р,"505-1.1.99.4095.",УИР-Р 3 этаж ПК195,4370
147037,Пожарная охрана,Состояние УИР-Р,"505-1.1.98.4095.",УИР-Р 1 этаж ПК195,4370
147041,Пожарная охрана,Состояние УИР-Р,"505-1.1.102.4095.",УИР-Р 2 этаж ПК211,4370
143534,Охранная подсистема,КД Дверь,"505-1.1.7.5.",КД дверь 1 этаж ПК172,4370
143503,Охранная подсистема,КД Дверь,"505-1.1.1.7.",КД дверь 1 этаж ПК61 Гал.172,4370
143548,Охранная подсистема,КД АВ,"505-1.1.10.1.",КД АВ2 3 этаж ПК195,4370
157289,Охранная подсистема,КД Дверь,"505-1.1.10.5.",КД дверь 2 этаж пк195,4370
143545,Пожарная охрана,Датчик дыма,"505-1.1.9.3.",ДЫМ ПК192 ,4370
143541,Охранная подсистема,КД АВ,"505-1.1.8.4.",КД АВ2 3 этаж ПК172,4370
143539,Охранная подсистема,КД АВ,"505-1.1.8.2.",КД АВ1 3 этаж ПК172,4370
157285,Охранная подсистема,КД АВ,"505-1.1.8.5.",КД АВ3 3 этаж ПК172,4370
143537,Температурная подсистема,Датчик температуры,"505-1.1.7.255.",ТЕМП. 2 этаж ПК172,4370
143533,Охранная подсистема,КД Дверь,"505-1.1.7.4.",КД дверь1 2 этаж ПК172,4370
143538,Пожарная охрана,Датчик дыма,"505-1.1.8.1.",ДЫМ ПК172 1-3 эт. (16шт),4370
143570,Пожарная охрана,Датчик дыма,"505-1.1.15.1.",ДЫМ ПК148-ПК161 (14шт),4370
143577,Пожарная охрана,Датчик дыма,"505-1.1.16.1.",ДЫМ ПК148 1-5эт. (14шт) ,4370
157294,Охранная подсистема,КД АВ,"505-1.1.16.4.",КД АВ2 5 этаж ПК148,4370
143603,Пожарная охрана,Датчик дыма,"505-1.1.21.2.",ДЫМ ПК88-ПК77,4370
157295,Охранная подсистема,КД Дверь,"505-1.1.16.5.",КД дверь 4 этаж ПК148,4370
143518,Пожарная охрана,Датчик дыма,"505-1.1.4.2.",ДЫМ ПК40-ПК29 Гал.172,4370
143499,Охранная подсистема,КД АВ,"505-1.1.1.3.",КД АВ2 2 этаж ПК61 Гал.172,4370
143497,Пожарная охрана,Датчик дыма,"505-1.1.1.1.",ДЫМ ПК61 Гал.172,4370
157299,Охранная подсистема,КД Дверь,"505-1.1.18.8.",КД дверь 1 этаж ПК124,4370
143592,Охранная подсистема,КД АВ,"505-1.1.18.5.",КД АВ2 4 этаж ПК124,4370
157298,Охранная подсистема,КД Дверь,"505-1.1.18.7.",КД дверь 2 этаж ПК124,4370
143590,Охранная подсистема,КД Дверь,"505-1.1.18.3.",КД дверь 4 этаж ПК124,4370
143588,Пожарная охрана,Датчик дыма,"505-1.1.18.1.",ДЫМ ПК124,4370
143599,Охранная подсистема,КД АВ,"505-1.1.20.1.",КД АВ1 4 этаж ПК110,4370
157300,Пожарная охрана,Датчик дыма,"505-1.1.19.3.",ДЫМ ПК110,4370
143596,Охранная подсистема,КД Дверь,"505-1.1.19.4.",КД дверь 1 этаж ПК110,4370
143597,Охранная подсистема,КД Дверь,"505-1.1.19.5.",КД дверь 2 этаж ПК110,4370
157302,Охранная подсистема,КД Дверь,"505-1.1.20.5.",КД дверь 3 этаж ПК110,4370
143600,Охранная подсистема,КД Дверь,"505-1.1.20.2.",КД дверь 4 этаж ПК110,4370
143613,Температурная подсистема,Датчик температуры,"505-1.1.22.255.",ТЕМП. ПК83,4370
157307,Охранная подсистема,КД Дверь,"505-1.1.22.7.",КД дверь 2 этаж ПК83,4370
143611,Пожарная охрана,Датчик дыма,"505-1.1.22.1.",ДЫМ ПК83,4370
143602,Пожарная охрана,Датчик дыма,"505-1.1.21.1.",ДЫМ ПК88-ПК96,4370
143595,Пожарная охрана,Датчик дыма,"505-1.1.19.2.",ДЫМ ПК110-ПК97,4370
143528,Охранная подсистема,КД Дверь,"505-1.1.6.6.",КД дверь 2 этаж ПК18 Гал.172,4370
157284,Охранная подсистема,КД Дверь,"505-1.1.6.7.",КД дверь 1 этаж ПК18 Гал.172,4370
143527,Охранная подсистема,КД Дверь,"505-1.1.6.5.",КД дверь 3 этаж ПК18 Гал.172,4370
143526,Охранная подсистема,КД АВ,"505-1.1.6.4.",КД АВ1 3 этаж ПК18 Гал.172,4370
143517,Пожарная охрана,Датчик дыма,"505-1.1.4.1.",ДЫМ ПК40-ПК50+5 Гал.172,4370
143498,Пожарная охрана,Датчик дыма,"505-1.1.1.2.",ДЫМ ПК61-ПК51+5 Гал.172,4370
143494,Охранная подсистема,КД АВ,"505-1.1.4095.4.",КД АВ ПК73 Гал.172,4370
143492,Пожарная охрана,Датчик дыма,"505-1.1.4095.2.",ДЫМ ПК70+5 Гал.172,4370
143491,Пожарная охрана,Датчик дыма,"505-1.1.4095.1.",ДЫМ ПК73-ПК70+5 Гал.172,4370
143543,Пожарная охрана,Датчик дыма,"505-1.1.9.1.",ДЫМ ПК192-ПК184,4370
143544,Пожарная охрана,Датчик дыма,"505-1.1.9.2.",ДЫМ ПК192-ПК201+5,4370
143614,Пожарная охрана,Датчик дыма,"505-1.1.23.1.",ДЫМ ПК68-ПК76,4370
143521,Пожарная охрана,Датчик дыма,"505-1.1.5.2.",ДЫМ ПК19-ПК9 Гал.172,4370
143593,Температурная подсистема,Датчик температуры,"505-1.1.18.255.",ТЕМП. ПК124,4370
143557,Пожарная охрана,Датчик дыма,"505-1.1.12.2.",ДЫМ ПК211-ПК202+5,4370
157320,Охранная подсистема,Датчик движения,"505-1.1.81.2.",ОД 3 этаж ПК0,4370
143567,Пожарная охрана,Датчик дыма,"505-1.1.14.1.",ДЫМ ПК230,4370
143683,Охранная подсистема,Датчик движения,"505-1.1.57.2.",ОД АВ3 3 этаж ПК172,4370
143681,Охранная подсистема,Датчик движения,"505-1.1.56.2.",ОД АВ2 3 этаж ПК172,4370
143679,Охранная подсистема,Датчик движения,"505-1.1.55.2.",ОД АВ1 3 этаж ПК172,4370
143701,Охранная подсистема,Датчик движения,"505-1.1.66.2.",ОД АВ2 5 этаж ПК148,4370
143699,Охранная подсистема,Датчик движения,"505-1.1.65.2.",ОД АВ1 5 этаж ПК148,4370
143703,Охранная подсистема,Датчик движения,"505-1.1.67.2.",ОД АВ1 4 этаж ПК124,4370
143705,Охранная подсистема,Датчик движения,"505-1.1.68.2.",ОД АВ2 4 этаж ПК124,4370
143721,Охранная подсистема,Датчик движения,"505-1.1.76.2.",ОД ВШ 2 этаж ПК34,4370
157316,Охранная подсистема,Датчик движения,"505-1.1.79.2.",ОД АВ2 4 этаж ПК16,4370
147019,Охранная подсистема,Датчик движения,"505-1.1.78.2.",ОД АВ1 4 этаж ПК16,4370
143621,Пожарная охрана,Датчик дыма,"505-1.1.24.2.",ДЫМ ПК50-ПК43,4370
143625,Температурная подсистема,Датчик температуры,"505-1.1.24.255.",ТЕМП. 1 этаж ПК50,4370
143707,Охранная подсистема,Датчик движения,"505-1.1.69.2.",ОД АВ1 4 этаж ПК110,4370
143709,Охранная подсистема,Датчик движения,"505-1.1.70.2.",ОД АВ2 4 этаж ПК110,4370
143675,Охранная подсистема,Датчик движения,"505-1.1.53.2.",ОД АВ2 3 этаж ПК18 Гал.172,4370
143677,Охранная подсистема,Датчик движения,"505-1.1.54.2.",ОД АВ1 3 этаж ПК18 Гал.172,4370
143661,Охранная подсистема,Датчик движения,"505-1.1.46.2.",ОД АВ ПК73 Гал.172,4370
143663,Охранная подсистема,Датчик движения,"505-1.1.47.2.",ОД 2 этаж ПК73 Гал.172,4370
143665,Охранная подсистема,Датчик движения,"505-1.1.48.2.",ОД АВ2 2 этаж ПК61 Гал.172,4370
143685,Охранная подсистема,Датчик движения,"505-1.1.58.2.",ОД АВ2 3 этаж ПК195,4370
143687,Охранная подсистема,Датчик движения,"505-1.1.59.2.",ОД АВ1 3 этаж ПК195,4370
157288,Охранная подсистема,КД Дверь,"505-1.1.10.4.",КД дверь 3 этаж ПК195,4370
157290,Охранная подсистема,КД Дверь,"505-1.1.13.5.",КД дверь 2 этаж ПК211,4370
143558,Охранная подсистема,КД Дверь,"505-1.1.12.3.",КД дверь 1 этаж ПК211,4370
143693,Охранная подсистема,Датчик движения,"505-1.1.62.2.",ОД АВ1 2 этаж ПК211,4370
143691,Охранная подсистема,Датчик движения,"505-1.1.61.2.",ОД АВ2 2 этаж ПК211,4370
143565,Пожарная охрана,Датчик дыма,"505-1.1.13.4.",ДЫМ ПК211,4370
143564,Охранная подсистема,КД АВ,"505-1.1.13.3.",КД АВ1 2 этаж ПК211,4370
143556,Пожарная охрана,Датчик дыма,"505-1.1.12.1.",ДЫМ ПК211-ПК219+5,4370
143568,Пожарная охрана,Датчик дыма,"505-1.1.14.2.",ДЫМ ПК230-ПК220+5,4370
143696,Температурная подсистема,Датчик температуры,"505-1.1.63.1.",ТЕМП. ОД этаж ПК230,4370
143667,Охранная подсистема,Датчик движения,"505-1.1.49.2.",ОД АВ1 2 этаж ПК61 Гал.172,4370
157292,Охранная подсистема,КД АВ,"505-1.1.14.4.",КД АВ1 3 этаж ПК230,4370
147042,Пожарная охрана,Состояние УИР-Р,"505-1.1.103.4095.",УИР-Р 1 этаж ПК230,4370
143535,Охранная подсистема,КД Дверь,"505-1.1.7.6.",КД дверь2 2 этаж ПК172,4370
147028,Пожарная охрана,Состояние УИР-Р,"505-1.1.89.4095.",УИР-Р 2 этаж ПК61 Гал.172,4370
143493,Пожарная охрана,Датчик дыма,"505-1.1.4095.3.",ДЫМ ПК70+5-ПК62 Гал.172,4370
143719,Охранная подсистема,Датчик движения,"505-1.1.75.2.",ОД АВ 2 этаж ПК34,4370
147040,Пожарная охрана,Состояние УИР-Р,"505-1.1.101.4095.",УИР-Р 1 этаж ПК211,4370
147056,Пожарная охрана,Состояние УИР-Р,"505-1.1.117.4095.",УИР-Р 2 этаж ПК34,4370
143635,Температурная подсистема,Датчик температуры,"505-1.1.26.255.",ТЕМП. 1 этаж ПК34,4370
143546,Охранная подсистема,КД Дверь,"505-1.1.9.4.",КД дверь 1 этаж ПК195,4370
143523,Пожарная охрана,Датчик дыма,"505-1.1.6.1.",ДЫМ ПК18 Гал.172,4370
143532,Пожарная охрана,Датчик дыма,"505-1.1.7.3.",ДЫМ ПК0-ПК8 Гал.172,4370
143530,Пожарная охрана,Датчик дыма,"505-1.1.7.1.",ДЫМ ПК172-ПК162 (10шт),4370
143616,Охранная подсистема,КД Дверь,"505-1.1.23.3.",КД дв. отс. ПК66,4370
157293,Охранная подсистема,КД Дверь,"505-1.1.16.3.",КД дверь 5 этаж ПК148,4370
143513,Пожарная охрана,Датчик дыма,"505-1.1.3.1.",ДЫМ Э/щ 1 ПК43 Гал.172,4370
143514,Охранная подсистема,КД АВ,"505-1.1.3.2.",КД наземная Э/щ 1 ПК43 Гал.172,4370
143673,Охранная подсистема,Датчик движения,"505-1.1.52.2.",ОД Э/щ 1 ПК43 Гал.172 ,4370
143674,Температурная подсистема,Датчик температуры,"505-1.1.52.1.",ТЕМП. ОД Э/щ 1 ПК43 Гал.172,4370
147031,Пожарная охрана,Состояние УИР-Р,"505-1.1.92.4095.",УИР-Р ПК43 Э/щ 1,4370
143552,Пожарная охрана,Датчик дыма,"505-1.1.11.1.",ДЫМ Э/щ 2 ПК192,4370
143553,Охранная подсистема,КД АВ,"505-1.1.11.2.",КД наземная Э/щ 2 ПК192,4370
143555,Температурная подсистема,Датчик температуры,"505-1.1.11.255.",ТЕМП. Э/щ 2 ПК192,4370
143689,Охранная подсистема,Датчик движения,"505-1.1.60.2.",ОД Э/щ 2 ПК192,4370
143690,Температурная подсистема,Датчик температуры,"505-1.1.60.1.",ТЕМП. ОД Э/щ 2 ПК192,4370
147039,Пожарная охрана,Состояние УИР-Р,"505-1.1.100.4095.",УИР-Р ПК192 Э/щ 2,4370
143642,Пожарная охрана,Датчик дыма,"505-1.1.28.1.",ДЫМ Э/щ 3 ПК34,4370
143643,Охранная подсистема,КД АВ,"505-1.1.28.2.",КД наземная Э/щ 3 ПК34,4370
143647,Температурная подсистема,Датчик температуры,"505-1.1.28.255.",ТЕМП. Э/щ 3 ПК34,4370
147017,Охранная подсистема,Датчик движения,"505-1.1.77.2.",ОД Э/щ 3 ПК34,4370
147018,Температурная подсистема,Датчик температуры,"505-1.1.77.1.",ТЕМП. ОД Э/щ 3 ПК34,4370
157322,Пожарная охрана,Состояние УИР-Р,"505-1.1.118.4095.",УИР-Р ПК34 Э/щ 3,4370
262813,Охранная подсистема,КД АВ,"508-1.1.48.3.",КД АВ ПК192,4391
144833,Охранная подсистема,КД АВ,"508-1.1.46.1.",КД АВ ПК162,4391
144834,Охранная подсистема,КД Дверь,"508-1.1.46.2.",КД дверь отс. ПК162,4391
144835,Температурная подсистема,Датчик температуры,"508-1.1.46.255.",Темп. ПК161,4391
144828,Охранная подсистема,КД Дверь,"508-1.1.44.2.",КД дверь отс. ПК110,4391
144837,Охранная подсистема,КД АВ,"508-1.1.47.2.",КД АВ ПК173,4391
144836,Охранная подсистема,КД Дверь,"508-1.1.47.1.",КД дверь отс. ПК173,4391
144839,Охранная подсистема,КД Люк,"508-1.1.48.1.",КД люк ПК186,4391
144841,Температурная подсистема,Датчик температуры,"508-1.1.48.255.",Темп. ПК186,4391
144840,Охранная подсистема,КД Дверь,"508-1.1.48.2.",КД дверь отс. ПК192,4391
144816,Охранная подсистема,КД Дверь,"508-1.1.40.1.",КД дверь в ДП ПК20,4391
144817,Температурная подсистема,Датчик температуры,"508-1.1.40.255.",Темп. тех.коридор ПК20,4391
144845,Охранная подсистема,КД Люк,"508-1.1.50.1.",КД люк ПК205,4391
144846,Охранная подсистема,КД АВ,"508-1.1.50.2.",КД АВ ПК210,4391
144847,Охранная подсистема,КД Дверь,"508-1.1.50.3.",КД дверь отс. ПК210,4391
144848,Температурная подсистема,Датчик температуры,"508-1.1.50.255.",Темп. ПК210,4391
144850,Охранная подсистема,КД АВ,"508-1.1.51.2.",КД АВ ПК230,4391
144849,Охранная подсистема,КД Дверь,"508-1.1.51.1.",КД дверь отс. ПК230,4391
144851,Температурная подсистема,Датчик температуры,"508-1.1.51.255.",Темп. ПК230,4391
144853,Охранная подсистема,КД АВ,"508-1.1.52.2.",КД АВ ПК247,4391
144852,Охранная подсистема,КД Дверь,"508-1.1.52.1.",КД дверь отс. ПК247,4391
144854,Температурная подсистема,Датчик температуры,"508-1.1.52.255.",Темп. ПК247,4391
144856,Охранная подсистема,КД АВ,"508-1.1.53.2.",КД дверь в Беляево ПК265,4391
144855,Охранная подсистема,КД Люк,"508-1.1.53.1.",КД люк ПК265,4391
144857,Охранная подсистема,КД Дверь,"508-1.1.53.3.",КД дверь отс. ПК268,4391
144861,Температурная подсистема,Датчик температуры,"508-1.1.54.255.",Темп. ПК282,4391
144859,Охранная подсистема,КД АВ,"508-1.1.54.1.",КД АВ ПК285,4391
144860,Охранная подсистема,КД Дверь,"508-1.1.54.2.",КД дверь отс. ПК285,4391
144818,Охранная подсистема,КД Дверь,"508-1.1.41.1.",КД дверь отс. ПК29,4391
144862,Охранная подсистема,КД АВ,"508-1.1.55.1.",КД АВ ПК294 Г2 ПК5,4391
144866,Охранная подсистема,КД АВ,"508-1.1.56.3.",КД АВ ПК300,4391
144865,Охранная подсистема,КД Дверь,"508-1.1.56.2.",КД дверь в щитовую ПК300,4391
144869,Температурная подсистема,Датчик температуры,"508-1.1.56.255.",Темп. щитовая ПК300,4391
144820,Охранная подсистема,КД Люк,"508-1.1.42.1.",КД люк ПК47,4391
144822,Охранная подсистема,КД АВ,"508-1.1.42.3.",КД АВ ПК57,4391
144821,Охранная подсистема,КД Дверь,"508-1.1.42.2.",КД дверь отс. ПК57,4391
144823,Температурная подсистема,Датчик температуры,"508-1.1.42.255.",Темп. ПК57,4391
144825,Охранная подсистема,КД АВ,"508-1.1.43.2.",КД АВ ПК85,4391
144824,Охранная подсистема,КД Дверь,"508-1.1.43.1.",КД дверь отс. ПК85,4391
144826,Температурная подсистема,Датчик температуры,"508-1.1.43.255.",Темп. ПК85,4391
144735,Охранная подсистема,Датчик движения,"508-1.1.4095.2.",ОД ПК0 ,4391
144736,Температурная подсистема,Датчик температуры,"508-1.1.4095.1.",Темп. ПК0 ,4391
144765,Охранная подсистема,Датчик движения,"508-1.1.15.2.",ОД АВ ПК161,4391
144766,Температурная подсистема,Датчик температуры,"508-1.1.15.1.",Темп. АВ ПК161,4391
144767,Охранная подсистема,Датчик движения,"508-1.1.16.2.",ОД ВШ ПК162,4391
144768,Температурная подсистема,Датчик температуры,"508-1.1.16.1.",Темп. ВШ ПК162,4391
144769,Охранная подсистема,Датчик движения,"508-1.1.17.2.",ОД ВШ ПК173,4391
144771,Охранная подсистема,Датчик движения,"508-1.1.18.2.","ОД АВ ПК173,5",4391
144773,Охранная подсистема,Датчик движения,"508-1.1.19.2.",ОД люк ПК186,4391
144774,Температурная подсистема,Датчик температуры,"508-1.1.19.1.",Темп. люк ПК186,4391
144775,Охранная подсистема,Датчик движения,"508-1.1.20.2.",ОД ВШ ПК192,4391
144776,Температурная подсистема,Датчик температуры,"508-1.1.20.1.",Темп. ВШ ПК192,4391
144777,Охранная подсистема,Датчик движения,"508-1.1.21.2.","ОД ВШ ПК192,5",4391
144758,Температурная подсистема,Датчик температуры,"508-1.1.11.1.",Темп. ВШ ПК109,4391
144760,Температурная подсистема,Датчик температуры,"508-1.1.12.1.",Темп. ВШ ПК110,4391
144763,Охранная подсистема,Датчик движения,"508-1.1.14.2.","ОД ВШ ПК121,5",4391
144764,Температурная подсистема,Датчик температуры,"508-1.1.14.1.","Темп. ВШ ПК121,5",4391
144739,Охранная подсистема,Датчик движения,"508-1.1.2.2.",ОД вход в ДП ПК20,4391
144740,Температурная подсистема,Датчик температуры,"508-1.1.2.1.",Темп. вход в ДП ПК20,4391
144779,Охранная подсистема,Датчик движения,"508-1.1.22.2.",ОД ПК200 Г1 ПК12,4391
144781,Охранная подсистема,Датчик движения,"508-1.1.23.2.",ОД развилка в Г1 ПК200,4391
144782,Температурная подсистема,Датчик температуры,"508-1.1.23.1.",Темп. развилка в Г1 ПК200,4391
144783,Охранная подсистема,Датчик движения,"508-1.1.24.2.",ОД люк ПК205,4391
144784,Температурная подсистема,Датчик температуры,"508-1.1.24.1.",Темп. люк ПК205,4391
144785,Охранная подсистема,Датчик движения,"508-1.1.25.2.",ОД АВ ПК210,4391
144786,Температурная подсистема,Датчик температуры,"508-1.1.25.1.",Темп. АВ ПК210,4391
144787,Охранная подсистема,Датчик движения,"508-1.1.26.2.","ОД ВШ ПК210,5",4391
144789,Охранная подсистема,Датчик движения,"508-1.1.27.2.",ОД ВШ ПК230,4391
144791,Охранная подсистема,Датчик движения,"508-1.1.28.2.","ОД АВ ПК230,5",4391
144793,Охранная подсистема,Датчик движения,"508-1.1.29.2.",ОД ВШ ПК247,4391
144795,Охранная подсистема,Датчик движения,"508-1.1.30.2.","ОД АВ ПК247,5",4391
144797,Охранная подсистема,Датчик движения,"508-1.1.31.2.",ОД решетка в Беляево ПК265,4391
144798,Температурная подсистема,Датчик температуры,"508-1.1.31.1.",Темп. решетка в Беляево ПК265,4391
144799,Охранная подсистема,Датчик движения,"508-1.1.32.2.",ОД ВШ ПК268,4391
144800,Температурная подсистема,Датчик температуры,"508-1.1.32.1.",Темп. ВШ ПК268,4391
144802,Температурная подсистема,Датчик температуры,"508-1.1.33.1.","Темп. ВШ ПК268,5",4391
144801,Охранная подсистема,Датчик движения,"508-1.1.33.2.","ОД ВШ ПК268,5",4391
144803,Охранная подсистема,Датчик движения,"508-1.1.34.2.",ОД АВ ПК285,4391
144805,Охранная подсистема,Датчик движения,"508-1.1.35.2.","ОД ВШ ПК285,5",4391
144807,Охранная подсистема,Датчик движения,"508-1.1.36.2.",ОД ПК293,4391
144809,Охранная подсистема,Датчик движения,"508-1.1.37.2.",ОД АВ ПК294 Г2 ПК5,4391
144810,Температурная подсистема,Датчик температуры,"508-1.1.37.1.",Темп. АВ ПК294 Г2 ПК5,4391
144811,Охранная подсистема,Датчик движения,"508-1.1.38.2.",ОД АВ ПК300,4391
144812,Температурная подсистема,Датчик температуры,"508-1.1.38.1.",Темп. АВ ПК300,4391
144737,Охранная подсистема,Датчик движения,"508-1.1.1.2.",ОД АВ ПК3,4391
144741,Охранная подсистема,Датчик движения,"508-1.1.3.2.","ОД ВШ ПК28,5",4391
144742,Температурная подсистема,Датчик температуры,"508-1.1.3.1.","Темп. ВШ ПК28,5",4391
144743,Охранная подсистема,Датчик движения,"508-1.1.4.2.",ОД ВШ ПК29,4391
144744,Температурная подсистема,Датчик температуры,"508-1.1.4.1.",Темп. ВШ ПК29,4391
144745,Охранная подсистема,Датчик движения,"508-1.1.5.2.",ОД люк ПК47,4391
144749,Охранная подсистема,Датчик движения,"508-1.1.7.2.",ОД АВ ПК57,4391
144747,Охранная подсистема,Датчик движения,"508-1.1.6.2.",ОД ВШ ПК57,4391
144753,Охранная подсистема,Датчик движения,"508-1.1.9.2.",ОД АВ ПК 85,4391
144751,Охранная подсистема,Датчик движения,"508-1.1.8.2.",ОД ВШ ПК85,4391
144752,Температурная подсистема,Датчик температуры,"508-1.1.8.1.",Темп. ВШ ПК85,4391
144876,Пожарная охрана,Состояние УИР-Р,"508-1.1.67.4095.",УИР-Р АВ ПК3,4391
144877,Пожарная охрана,Состояние УИР-Р,"508-1.1.68.4095.",УИР-Р ДП ПК20,4391
144878,Пожарная охрана,Состояние УИР-Р,"508-1.1.69.4095.",УИР-Р ПК47,4391
144879,Пожарная охрана,Состояние УИР-Р,"508-1.1.70.4095.",УИР-Р ПК57,4391
144880,Пожарная охрана,Состояние УИР-Р,"508-1.1.71.4095.",УИР-Р ПК85,4391
144882,Пожарная охрана,Состояние УИР-Р,"508-1.1.73.4095.",УИР-Р ПК161,4391
144883,Пожарная охрана,Состояние УИР-Р,"508-1.1.74.4095.",УИР-Р ПК173,4391
144884,Пожарная охрана,Состояние УИР-Р,"508-1.1.75.4095.",УИР-Р ПК186,4391
144885,Пожарная охрана,Состояние УИР-Р,"508-1.1.76.4095.",УИР-Р ПК205,4391
144886,Пожарная охрана,Состояние УИР-Р,"508-1.1.77.4095.",УИР-Р ПК210,4391
144887,Пожарная охрана,Состояние УИР-Р,"508-1.1.78.4095.",УИР-Р ПК230,4391
144888,Пожарная охрана,Состояние УИР-Р,"508-1.1.79.4095.",УИР-Р ПК247,4391
144889,Пожарная охрана,Состояние УИР-Р,"508-1.1.80.4095.",УИР-Р ПК282,4391
144890,Пожарная охрана,Состояние УИР-Р,"508-1.1.81.4095.",УИР-Р ПК294 Г2 ПК5,4391
144891,Пожарная охрана,Состояние УИР-Р,"508-1.1.82.4095.",УИР-Р ПК300,4391
144733,Диспетчерский контроль,Состояние охраны,"508-1.1.4096.4095.",[Охранная зона]0: Коллектор,4391
144814,Охранная подсистема,КД АВ,"508-1.1.39.2.",КД АВ ПК3,4391
144813,Охранная подсистема,КД Дверь,"508-1.1.39.1.",КД дверь отс. ПК3,4391
144755,Охранная подсистема,Датчик движения,"508-1.1.10.2.",ОД люк ПК104,4391
144756,Температурная подсистема,Датчик температуры,"508-1.1.10.1.",Темп. люк ПК104,4391
144757,Охранная подсистема,Датчик движения,"508-1.1.11.2.",ОД ВШ ПК109,4391
144829,Температурная подсистема,Датчик температуры,"508-1.1.44.255.",Темп. ПК110,4391
144759,Охранная подсистема,Датчик движения,"508-1.1.12.2.",ОД ВШ ПК110,4391
144830,Охранная подсистема,КД АВ,"508-1.1.45.1.",КД АВ ПК121,4391
144831,Охранная подсистема,КД Дверь,"508-1.1.45.2.",КД дверь отс. ПК121,4391
144761,Охранная подсистема,Датчик движения,"508-1.1.13.2.",ОД АВ ПК121,4391
144762,Температурная подсистема,Датчик температуры,"508-1.1.13.1.",Темп. АВ ПК121,4391
144881,Пожарная охрана,Состояние УИР-Р,"508-1.1.72.4095.",УИР-Р ПК121,4391
232197,Охранная подсистема,КД Дверь,"508-1.1.39.3.",КД дверь ВК ПК3,4391
232199,Охранная подсистема,КД Дверь,"508-1.1.50.4.",КД дверь ВК ПК210,4391
232198,Охранная подсистема,КД Дверь,"508-1.1.47.3.",КД дверь ВК ПК173,4391
232200,Охранная подсистема,КД Дверь,"508-1.1.54.3.",КД дверь в ВК ПК283,4391
236719,Охранная подсистема,КД Дверь,"508-1.1.45.3.",КД дв. в ВК ПК121,4391
144734,Диспетчерский контроль,Состояние охраны,"508-1.1.4096.1.",[Охранная зона]1: Диспетчерская,4392
144873,Температурная подсистема,Датчик температуры,"508-1.1.57.255.",Темп. щитовая ПК20,4392
144902,Температурная подсистема,Датчик температуры,"508-1.1.85.255.",Темп. Шкаф ОПС ДП,4392
263349,Охранная подсистема,КД Дверь,"508-1.1.173.5.",КД вход в ДП,4392
263350,Охранная подсистема,КД Дверь,"508-1.1.173.6.",КД ворота,4392
263348,Охранная подсистема,Датчик движения,"508-1.1.173.4.",ОД вход в ДП,4392
263369,Охранная подсистема,КД Дверь,"508-1.1.176.3.",КД Окно комната 4,4392
263372,Охранная подсистема,Датчик движения,"508-1.1.176.6.",ОД комната 4,4392
263373,Охранная подсистема,Стекло,"508-1.1.176.7.",Стекло комната 4,4392
263361,Охранная подсистема,КД Дверь,"508-1.1.175.1.",КД окно комната 1,4392
263365,Охранная подсистема,Стекло,"508-1.1.175.5.",Стекло комната 1,4392
263364,Охранная подсистема,Датчик движения,"508-1.1.175.4.",ОД комната 1,4392
263352,Охранная подсистема,КД Дверь,"508-1.1.174.1.",КД окно комната 2,4392
263357,Охранная подсистема,Стекло,"508-1.1.174.6.",Стекло комната 2,4392
263356,Охранная подсистема,Датчик движения,"508-1.1.174.5.",ОД комната 2,4392
263358,Охранная подсистема,Датчик движения,"508-1.1.174.7.",ОД комната 3,4392
263359,Охранная подсистема,Стекло,"508-1.1.174.8.",Стекло комната 3,4392
263353,Охранная подсистема,КД Дверь,"508-1.1.174.2.",КД окно комната 3,4392
263405,Охранная подсистема,КД Дверь,"508-1.1.175.6.",КД окно комната техника,4392
263406,Охранная подсистема,КД Дверь,"508-1.1.175.7.",Стекло комната техника,4392
263407,Охранная подсистема,Датчик движения,"508-1.1.175.8.",ОД комната техника,4392
263362,Пожарная охрана,Датчик дыма,"508-1.1.175.2.",ДД потолок комната 1,4392
263363,Пожарная охрана,Датчик дыма,"508-1.1.175.3.",ДД за потолком комната 1,4392
263354,Пожарная охрана,Датчик дыма,"508-1.1.174.3.",ДД потолок комната 2,4392
263355,Пожарная охрана,Датчик дыма,"508-1.1.174.4.",ДД за потолком комната 2,4392
263404,Пожарная охрана,Датчик дыма,"508-1.1.173.7.",ДД подвал,4392
263345,Пожарная охрана,Ручной извещатель,"508-1.1.173.1.",ИПР выход,4392
263346,Пожарная охрана,Датчик дыма,"508-1.1.173.2.",ДД потолок коридор+тех,4392
263347,Пожарная охрана,Датчик дыма,"508-1.1.173.3.",ДД за потолком коридор+тех,4392
263368,Пожарная охрана,Датчик дыма,"508-1.1.176.2.",ДД за потолком комната 3,4392
263367,Пожарная охрана,Датчик дыма,"508-1.1.176.1.",ДД Потолок комната 3,4392
263370,Пожарная охрана,Датчик дыма,"508-1.1.176.4.",ДД потолок комната 4,4392
263371,Пожарная охрана,Датчик дыма,"508-1.1.176.5.",ДД за потолком комната 4,4392
262847,Диагностическая подсистема,ИБП,"477-1.1.28.1.",ББП ДП шкаф ОПС,4541
135227,Охранная подсистема,КД Дверь,"477-1.1.13.1.",ДП КД Шкаф ОПС,4541
158891,Диагностическая подсистема,ИБП,"618-1.1.1.3.",АКБ ДП шкаф АКМ,4541
158890,Охранная подсистема,КД Дверь,"618-1.1.1.2.",КД шкаф АКМ ДП ,4541
158981,Диагностическая подсистема,ИБП,"619-1.1.1.3.",АКБ ДП шкаф ДУ ,4541
158980,Охранная подсистема,КД Дверь,"619-1.1.1.2.",КД шкаф ДУ ДП,4541
158919,Газовая охрана,Газовый датчик,"618-1.1.7.2.",ГАЗ Д6 ПК21,4543
158999,Диспетчерский контроль,Переключатель,"619-1.1.4.8.",Управление ФАНС1 ПК0 э/щ ДП,4543
158924,Газовая охрана,Газовый датчик,"618-1.1.8.2.",ГАЗ Д7 ПК28,4543
159000,Диспетчерский контроль,Переключатель,"619-1.1.4.9.",Управление ФВ1 ПК0 э/щ ДП,4543
158929,Газовая охрана,Газовый датчик,"618-1.1.9.2.",ГАЗ Д8 ПК35,4543
158995,Диспетчерский контроль,Состояние фазы,"619-1.1.4.3.",ФАНС1 ПК0 э/щ ДП,4543
158934,Газовая охрана,Газовый датчик,"618-1.1.10.2.",ГАЗ Д9 ПК37,4543
158997,Диспетчерский контроль,Состояние фазы,"619-1.1.4.5.",ФВ1 ПК0 э/щ ДП,4543
158992,Диспетчерский контроль,Переключатель,"619-1.1.3.8.",Управление ФАО1 ПК0 э/щ ДП,4543
158991,Диспетчерский контроль,Состояние фазы,"619-1.1.3.3.",ФАО1 ПК0 э/щ ДП,4543
158986,Диспетчерский контроль,Состояние фазы,"619-1.1.2.4.",ЩАП 23 Ввод1 ПК0 э/щ ДП,4543
159006,Диспетчерский контроль,Состояние насоса,"619-1.1.6.2.",Н1 ПК20,4543
158987,Диспетчерский контроль,Состояние фазы,"619-1.1.2.5.",ЩАП 23 Ввод2 ПК0 э/щ ДП,4543
159007,Диспетчерский контроль,Состояние насоса,"619-1.1.6.5.",Н2 ПК20,4543
159009,Диспетчерский контроль,Состояние вентилятора,"619-1.1.7.3.",В2 ПК20,4543
158988,Диспетчерский контроль,Переключатель,"619-1.1.2.8.",Управление ФРО1 ПК0 э/щ ДП,4543
159010,Диспетчерский контроль,Переключатель,"619-1.1.7.8.",Управление В2 ПК20,4543
158985,Диспетчерский контроль,Состояние фазы,"619-1.1.2.3.",ФРО1 ПК0 э/ щ ДП,4543
158894,Газовая охрана,Газовый датчик,"618-1.1.2.2.",ГАЗ Д1 ПК2,4543
159002,Диспетчерский контроль,Состояние вентилятора,"619-1.1.5.3.",В1 ПК20,4543
158939,Газовая охрана,Газовый датчик,"618-1.1.11.2.",ГАЗ Д10 ПК44,4543
159004,Диспетчерский контроль,Переключатель,"619-1.1.5.8.",Управление В1 ПК20,4543
158944,Газовая охрана,Газовый датчик,"618-1.1.12.2.",ГАЗ Д11 ПК50,4543
159003,Диспетчерский контроль,Состояние фазы,"619-1.1.5.4.",ГРО2 (ПК20-36),4543
158949,Газовая охрана,Газовый датчик,"618-1.1.13.2.",ГАЗ Д12 ПК52,4543
159013,Диспетчерский контроль,Состояние фазы,"619-1.1.8.4.",ГРО3 (ПК36-51),4543
158954,Газовая охрана,Газовый датчик,"618-1.1.14.2.",ГАЗ Д13 ПК61,4543
159012,Диспетчерский контроль,Состояние вентилятора,"619-1.1.8.3.",В3 ПК36,4543
158959,Газовая охрана,Газовый датчик,"618-1.1.15.2.",ГАЗ Д14 ПК71,4543
159014,Диспетчерский контроль,Переключатель,"619-1.1.8.8.",Управление В3 ПК36,4543
158964,Газовая охрана,Газовый датчик,"618-1.1.16.2.",ГАЗ Д15 ПК73,4543
159017,Диспетчерский контроль,Состояние фазы,"619-1.1.9.4.",ГРО4 (ПК51-72),4543
158969,Газовая охрана,Газовый датчик,"618-1.1.17.2.",ГАЗ Д16 ПК82,4543
159016,Диспетчерский контроль,Состояние вентилятора,"619-1.1.9.3.",В4 ПК51,4543
158974,Газовая охрана,Газовый датчик,"618-1.1.18.2.",ГАЗ Д17 ПК92,4543
159018,Диспетчерский контроль,Переключатель,"619-1.1.9.8.",Управление В4 ПК51,4543
158899,Газовая охрана,Газовый датчик,"618-1.1.3.2.",ГАЗ Д2 ПК4Гал.1ПК3,4543
159021,Диспетчерский контроль,Состояние фазы,"619-1.1.10.4.",ГРО5 (ПК72-92),4543
158904,Газовая охрана,Газовый датчик,"618-1.1.4.2.",ГАЗ Д3 ПК4Гал.1ПК0,4543
159020,Диспетчерский контроль,Состояние вентилятора,"619-1.1.10.3.",В5 ПК72,4543
158909,Газовая охрана,Газовый датчик,"618-1.1.5.2.",ГАЗ Д4 ПК10,4543
159022,Диспетчерский контроль,Переключатель,"619-1.1.10.8.",Управление В5 ПК72,4543
158914,Газовая охрана,Газовый датчик,"618-1.1.6.2.",ГАЗ Д5 ПК19,4543
158998,Диспетчерский контроль,Состояние фазы,"619-1.1.4.6.","ГРО1 (ПК0-20, ПК4 Гал.ПК0-4)",4543
147932,Диагностическая подсистема,ИБП,"505-1.1.38.1.",ББП шкаф ОПС Э/щ 2 ПК192,4569
147933,Диагностическая подсистема,ИБП,"505-1.1.39.1.",ББП шкаф ОПС Э/щ 3 ПК34,4569
143515,Охранная подсистема,КД Дверь,"505-1.1.3.3.",КД шкаф ОПС Э/щ 1 ПК43 Гал.172,4569
143554,Охранная подсистема,КД Дверь,"505-1.1.11.3.",КД шкаф ОПС Э/щ 2 ПК192,4569
143644,Охранная подсистема,КД Дверь,"505-1.1.28.3.",КД шкаф ОПС Э/щ 3 ПК34,4569
147001,Диспетчерский контроль,Состояние охраны,"505-1.1.4096.5.",[Охранная зона]Шкаф ОПС,4569
147016,Диагностическая подсистема,ИБП,"505-1.1.37.1.",ББП шкаф ОПС Э/щ 1 ПК43 Гал.172,4569
224391,Охранная подсистема,КД Дверь,"505-1.1.32.2.",КД шкаф ОПС ДП Никулино,4569
50973,Диагностическая подсистема,ИБП,"163-1.1.136.1.",ББП ДП Никулино (26БК),4569
314387,Диагностическая подсистема,ИБП,"505-1.1.32.5.",ББП ДП Никулино Работа от батареи шкаф ОПС,4569
154110,Охранная подсистема,КД Дверь,"553-1.1.1.4.","КД вход, щитовая",4574
154125,Охранная подсистема,Стекло,"553-1.1.4.2.",Разбитие лев.сторона,4574
154126,Охранная подсистема,Датчик движения,"553-1.1.4.3.",ОД лев.сторона,4574
154123,Пожарная охрана,Датчик дыма,"553-1.1.4.7.","ДД  предбанник,лев.сторона",4574
154124,Охранная подсистема,КД Дверь,"553-1.1.4.1.","КД окна коридор, лев.сторона",4574
154106,Пожарная охрана,Датчик дыма,"553-1.1.1.7.",ДД щит. и прав. сторона,4574
154112,Температурная подсистема,Датчик температуры,"553-1.1.1.255.",Темп. Запасной выход,4574
154109,Охранная подсистема,Датчик движения,"553-1.1.1.3.",ОД Прав. стор. ЭЩ ДП,4574
154111,Пожарная охрана,Ручной извещатель,"553-1.1.1.5.","ИПР  коридор, вход в ДП",4574
154107,Охранная подсистема,КД Дверь,"553-1.1.1.1.",КД Оконо ком. тех. ,4574
154108,Охранная подсистема,Стекло,"553-1.1.1.2.",Разбитие ком. тех.,4574
154113,Пожарная охрана,Датчик дыма,"553-1.1.2.7.","ДД лестница,лев.подвал,коридор",4574
154118,Температурная подсистема,Датчик температуры,"553-1.1.2.255.",Темп. Подвал коридор 1,4574
154115,Охранная подсистема,Датчик движения,"553-1.1.2.2.","ОД лев..подвал,коридор",4574
154114,Охранная подсистема,Стекло,"553-1.1.2.1.","Разбитие стекла лев.подвал, коридор",4574
154117,Пожарная охрана,Ручной извещатель,"553-1.1.2.4.",ИПР вход в подвал,4574
154116,Охранная подсистема,КД Дверь,"553-1.1.2.3.",КД дверь в подвал и коллектор,4574
154119,Пожарная охрана,Датчик дыма,"553-1.1.3.7.",ДД подвал пр.сторона,4574
154122,Температурная подсистема,Датчик температуры,"553-1.1.3.255.",Темп. Подвал коридор 1,4574
154121,Охранная подсистема,Датчик движения,"553-1.1.3.2.",ОД подвал пр.сторона,4574
154120,Охранная подсистема,Стекло,"553-1.1.3.1.",Разбитие подвал пр.сторона,4574
154100,Диспетчерский контроль,Состояние охраны,"553-1.1.4096.4095.",[Охранная зона]Зона №0 ДП Коньково,4574
154127,Охранная подсистема,КД Дверь,"553-1.1.4.4.",КД вход в ДП (Зап.),4574
214903,Охранная подсистема,КД Дверь,"553-1.1.4095.3.",КД вход в ДП,4574
154103,Охранная подсистема,КД Дверь,"553-1.1.4095.1.",КД Шкаф ОПС ДП,4577
162889,Диагностическая подсистема,ИБП,"645-1.1.35.3.",АКБ ПК168+30 ДП Щитовая,4577
162835,Диагностическая подсистема,ИБП,"645-1.1.21.4.",АКБ ПК305 э/щ,4577
162771,Диагностическая подсистема,ИБП,"645-1.1.5.4.",АКБ ПК55 э/щ,4577
162867,Диагностическая подсистема,ИБП,"645-1.1.29.4.",АКБ ПК440 э/щ,4577
154129,Диагностическая подсистема,ИБП,"553-1.1.6.1.",ББП шкаф ОПС ДП,4577
154102,Диспетчерский контроль,Состояние охраны,"553-1.1.4096.2.",Охранная зона Шкаф ОПС,4577
162769,Охранная подсистема,КД Дверь,"645-1.1.5.2.",КД шкаф ОПС ПК55 э/щ,4577
162833,Охранная подсистема,КД Дверь,"645-1.1.21.2.",КД шкаф ОПС ПК305 э/щ,4577
162865,Охранная подсистема,КД Дверь,"645-1.1.29.2.",КД шкаф ОПС ПК440 э/щ,4577
212875,Диспетчерский контроль,Состояние фазы,"813-1.1.90.4.",ЩАП-23 ввод1 ПК385,4610
212876,Диспетчерский контроль,Состояние фазы,"813-1.1.90.5.",ЩАП-23 ввод2 ПК385,4610
213434,Диспетчерский контроль,Состояние вентилятора,"813-1.1.87.5.",В16 ПК326,4610
213435,Диспетчерский контроль,Переключатель,"813-1.1.87.9.",Управление В16 ПК326,4610
212926,Диспетчерский контроль,Состояние вентилятора,"813-1.1.104.3.",В17 ПК385,4610
212943,Диспетчерский контроль,Состояние фазы,"813-1.1.107.3.",ФВ1 ПК385 щитовая ,4610
212944,Диспетчерский контроль,Состояние фазы,"813-1.1.107.5.",ФВ2 ПК385 щитовая,4610
212933,Диспетчерский контроль,Состояние фазы,"813-1.1.105.3.",ФАО1 ПК385 щитовая,4610
212934,Диспетчерский контроль,Состояние фазы,"813-1.1.105.5.",ФАО2 ПК385 щитовая ,4610
212930,Диспетчерский контроль,Переключатель,"813-1.1.104.8.",Управление В17 ПК385,4610
212935,Диспетчерский контроль,Переключатель,"813-1.1.105.8.",Управление ФАО1 ПК385 щитовая,4610
212936,Диспетчерский контроль,Переключатель,"813-1.1.105.9.",Управление ФАО2 ПК385 щитовая ,4610
212931,Диспетчерский контроль,Переключатель,"813-1.1.104.9.",Управление В18 ПК385,4610
212868,Диспетчерский контроль,Переключатель,"813-1.1.87.8.",Управление В15 ПК326,4610
212945,Диспетчерский контроль,Переключатель,"813-1.1.107.8.",Управление ФВ1 ПК385 щитовая,4610
212946,Диспетчерский контроль,Переключатель,"813-1.1.107.9.",Управление ФВ2 ПК385 щитовая ,4610
212927,Диспетчерский контроль,Состояние вентилятора,"813-1.1.104.5.",В18 ПК385,4610
212939,Диспетчерский контроль,Состояние фазы,"813-1.1.106.5.",ФАНС ПК385 щитовая ,4610
212872,Диспетчерский контроль,Состояние вентилятора,"813-1.1.89.3.",ВЩ3 ПК385,4610
212938,Диспетчерский контроль,Состояние фазы,"813-1.1.106.3.",ФРО1 ПК385 щитовая,4610
212941,Диспетчерский контроль,Переключатель,"813-1.1.106.9.",Управление ФАНС ПК385 щитовая,4610
212873,Диспетчерский контроль,Переключатель,"813-1.1.89.8.",Управление ВЩ3 ПК385,4610
212940,Диспетчерский контроль,Переключатель,"813-1.1.106.8.",Управление ФРО1 ПК385 щитовая,4610
212951,Диспетчерский контроль,Состояние вентилятора,"813-1.1.109.3.",В в тех.коридоре ПК396,4610
212948,Диспетчерский контроль,Состояние фазы,"813-1.1.108.3.",ФВ3 ПК385 щитовая ,4610
212952,Диспетчерский контроль,Переключатель,"813-1.1.109.8.",Управление В в тех.коридоре ПК396,4610
213794,Газовая охрана,Газовый датчик,"813-3.1.18.",Д18 ПК122+4,4610
213786,Газовая охрана,Газовый датчик,"813-3.1.10.",Д10 ПК70,4610
213810,Газовая охрана,Газовый датчик,"813-4.1.12.",Д12 ПК270,4610
213802,Газовая охрана,Газовый датчик,"813-4.1.4.",Д4 ПК335+7,4610
213440,Диспетчерский контроль,Состояние фазы,"813-1.1.93.5.",ГРО22 ПК466 (ПК476-ПК498),4610
212949,Диспетчерский контроль,Переключатель,"813-1.1.108.8.",Управление ФВ3 ПК385 щитовая,4610
213436,Диспетчерский контроль,Состояние вентилятора,"813-1.1.92.4.",В19 ПК441,4610
213437,Диспетчерский контроль,Состояние вентилятора,"813-1.1.92.6.",В20 ПК441,4610
213438,Диспетчерский контроль,Переключатель,"813-1.1.92.8.",Управление В19 ПК441,4610
212838,Диспетчерский контроль,Состояние фазы,"813-1.1.77.2.",ГРО2 ПК39 (ПК21-ПК39),4610
213439,Диспетчерский контроль,Переключатель,"813-1.1.92.9.",Управление В20 ПК441,4610
212883,Диспетчерский контроль,Состояние вентилятора,"813-1.1.93.4.",В21 ПК467,4610
212884,Диспетчерский контроль,Переключатель,"813-1.1.93.8.",Управление В21 ПК467,4610
212958,Диспетчерский контроль,Состояние вентилятора,"813-1.1.111.6.",В22 ПК476,4610
212959,Диспетчерский контроль,Переключатель,"813-1.1.111.8.",Управление В22 ПК476,4610
213361,Газовая охрана,Газовый датчик,"813-2.1.10.",Д10 ПК442+4,4610
213362,Газовая охрана,Газовый датчик,"813-2.1.11.",Д11 ПК453,4610
213363,Газовая охрана,Газовый датчик,"813-2.1.12.",Д12 ПК464,4610
213364,Газовая охрана,Газовый датчик,"813-2.1.13.",Д13 ПК466+4,4610
213365,Газовая охрана,Газовый датчик,"813-2.1.14.",Д14 ПК469,4610
213366,Газовая охрана,Газовый датчик,"813-2.1.15.",Д15 ПК473+7,4610
213772,Газовая охрана,Газовый датчик,"813-2.1.16.",Д16 ПК477+5,4610
212954,Диспетчерский контроль,Состояние насоса,"813-1.1.110.2.",АНС1 Н1 ПК476,4610
212962,Диспетчерский контроль,Состояние вентилятора,"813-1.1.112.4.",В23 ПК498,4610
212955,Диспетчерский контроль,Состояние насоса,"813-1.1.110.5.",АНС1 Н2 ПК476,4610
212963,Диспетчерский контроль,Переключатель,"813-1.1.112.8.",Управление В23 ПК498,4610
213773,Газовая охрана,Газовый датчик,"813-2.1.17.",Д17 ПК497,4610
213774,Газовая охрана,Газовый датчик,"813-2.1.18.",Д18 ПК500,4610
212957,Диспетчерский контроль,Состояние насоса,"813-1.1.111.2.",АНС1 Н3 ПК476,4610
213775,Газовая охрана,Газовый датчик,"813-2.1.19.",Д19 ПК512,4610
213353,Газовая охрана,Газовый датчик,"813-2.1.2.",Д2 ПК0+7,4610
213776,Газовая охрана,Газовый датчик,"813-2.1.20.",Д20 ПК518+9,4610
213354,Газовая охрана,Газовый датчик,"813-2.1.3.",Д3 ПК396+6,4610
212840,Диспетчерский контроль,Состояние фазы,"813-1.1.78.2.",ГРО3 ПК50 (ПК39-ПК50),4610
213355,Газовая охрана,Газовый датчик,"813-2.1.4.",Д4 ПК405,4610
212842,Диспетчерский контроль,Состояние фазы,"813-1.1.79.2.",ГРО4 ПК72 (ПК50-ПК72),4610
212889,Диспетчерский контроль,Состояние фазы,"813-1.1.95.2.",ГРО5 ПК72-ПК86,4610
213356,Газовая охрана,Газовый датчик,"813-2.1.5.",Д5 ПК413,4610
213357,Газовая охрана,Газовый датчик,"813-2.1.6.",Д6 ПК415+3,4610
213463,Диспетчерский контроль,Переключатель,"813-1.1.90.9.",Управление ФРО2 ПК385,4610
213462,Диспетчерский контроль,Состояние фазы,"813-1.1.90.7.",ФРО2 ПК385 (ПК326-385),4610
213358,Газовая охрана,Газовый датчик,"813-2.1.7.",Д7 ПК425,4610
213359,Газовая охрана,Газовый датчик,"813-2.1.8.",Д8 ПК433,4610
213360,Газовая охрана,Газовый датчик,"813-2.1.9.",Д9 ПК440+2,4610
213352,Газовая охрана,Газовый датчик,"813-2.1.1.",Д1 ПК387+9 ,4610
213795,Газовая охрана,Газовый датчик,"813-3.1.19.",Д19 ПК131+7,4610
213787,Газовая охрана,Газовый датчик,"813-3.1.11.",Д11 ПК74+4,4610
213809,Газовая охрана,Газовый датчик,"813-4.1.11.",Д11 ПК274+3,4610
213801,Газовая охрана,Газовый датчик,"813-4.1.3.",Д3 ПК351,4610
212961,Диспетчерский контроль,Состояние фазы,"813-1.1.112.2.",ГРО23 ПК498-ПК519,4610
212895,Диспетчерский контроль,Состояние фазы,"813-1.1.96.5.",ФВ2 ПК106,4610
212890,Диспетчерский контроль,Состояние вентилятора,"813-1.1.95.4.",В5 ПК86,4610
212891,Диспетчерский контроль,Переключатель,"813-1.1.95.8.",Управление В5 ПК86,4610
213424,Диспетчерский контроль,Состояние вентилятора,"813-1.1.78.4.",В4 ПК50,4610
212897,Диспетчерский контроль,Переключатель,"813-1.1.96.9.",Управление ФВ2 ПК106 щитовая,4610
212896,Диспетчерский контроль,Переключатель,"813-1.1.96.8.",Управление ФВ1 ПК106 щитовая,4610
213425,Диспетчерский контроль,Переключатель,"813-1.1.78.8.",Управление В4 ПК50,4610
212893,Диспетчерский контроль,Состояние фазы,"813-1.1.96.3.",ФВ1 ПК106,4610
213422,Диспетчерский контроль,Состояние вентилятора,"813-1.1.77.4.",В3 ПК39,4610
213423,Диспетчерский контроль,Переключатель,"813-1.1.77.8.",Управление В3 ПК39,4610
212899,Диспетчерский контроль,Состояние фазы,"813-1.1.97.3.",ФРО2 ПК106 ПК86-156,4610
213420,Диспетчерский контроль,Состояние вентилятора,"813-1.1.76.4.",В2 ПК21,4610
212853,Диспетчерский контроль,Состояние фазы,"813-1.1.82.4.",ГРО7 ПК106 (ПК108-ПК133),4610
212900,Диспетчерский контроль,Переключатель,"813-1.1.97.8.",Управление ФРО2 ПК106,4610
213426,Диспетчерский контроль,Состояние фазы,"813-1.1.80.6.",ГРО6 ПК106 ЭЩ (ПК86-ПК108),4610
213421,Диспетчерский контроль,Переключатель,"813-1.1.76.8.",УВ2 ПК21,4610
212905,Диспетчерский контроль,Состояние фазы,"813-1.1.99.2.",ГРО8 ПК133 (ПК133-ПК156),4610
213796,Газовая охрана,Газовый датчик,"813-3.1.20.",Д20 ПК135+8 ,4610
213788,Газовая охрана,Газовый датчик,"813-3.1.12.",Д12 ПК83+4,4610
213808,Газовая охрана,Газовый датчик,"813-4.1.10.",Д10 ПК294+8,4610
213800,Газовая охрана,Газовый датчик,"813-4.1.2.",Д2 ПК367+5,4610
212844,Диспетчерский контроль,Состояние фазы,"813-1.1.80.3.",ФРО1 ПК106 (ПК0-86),4610
212886,Диспетчерский контроль,Состояние вентилятора,"813-1.1.94.3.",В1 ПК2,4610
212914,Диспетчерский контроль,Состояние фазы,"813-1.1.101.4.",ГРО9 ПК249 (ПК231-ПК249),4610
212845,Диспетчерский контроль,Переключатель,"813-1.1.80.8.",Управление ФРО1 ПК106,4610
212887,Диспетчерский контроль,Переключатель,"813-1.1.94.8.",Управление В1 ПК2,4610
212915,Диспетчерский контроль,Состояние фазы,"813-1.1.101.5.",ГРО10 ПК249-ПК272,4610
213797,Газовая охрана,Газовый датчик,"813-3.1.21.",Д21 ПК154+7,4610
213789,Газовая охрана,Газовый датчик,"813-3.1.13.",Д13 ПК91+5,4610
213807,Газовая охрана,Газовый датчик,"813-4.1.9.",Д9 ПК299+5,4610
213799,Газовая охрана,Газовый датчик,"813-4.1.1.",Д1 ПК385,4610
212910,Диспетчерский контроль,Состояние вентилятора,"813-1.1.100.3.",В8 ПК156,4610
212918,Диспетчерский контроль,Состояние фазы,"813-1.1.102.2.",ГРО11 ПК272-ПК296,4610
212854,Диспетчерский контроль,Переключатель,"813-1.1.82.8.",Управление ФАО1 ПК106,4610
212911,Диспетчерский контроль,Переключатель,"813-1.1.100.8.",Управление В8 ПК156 ,4610
212922,Диспетчерский контроль,Состояние фазы,"813-1.1.103.2.",ГРО12 ПК296-ПК305,4610
213429,Диспетчерский контроль,Переключатель,"813-1.1.82.9.",Управление ФАО2 ПК106,4610
212906,Диспетчерский контроль,Состояние вентилятора,"813-1.1.99.4.",В7 ПК133,4610
212852,Диспетчерский контроль,Состояние фазы,"813-1.1.82.3.",ФАО1 ПК106 ПК0-106,4610
212907,Диспетчерский контроль,Переключатель,"813-1.1.99.8.",Управление В7 ПК133,4610
213798,Газовая охрана,Газовый датчик,"813-3.1.22.",Д22 ПК156+3,4610
213790,Газовая охрана,Газовый датчик,"813-3.1.14.",Д14 ПК95+5,4610
213806,Газовая охрана,Газовый датчик,"813-4.1.8.",Д8 ПК304+5,4610
213428,Диспетчерский контроль,Состояние фазы,"813-1.1.82.6.",ФАО2 ПК106 ПК106-156,4610
212902,Диспетчерский контроль,Состояние вентилятора,"813-1.1.98.3.",В6 ПК108,4610
213778,Газовая охрана,Газовый датчик,"813-3.1.2.",Д2 ПК19+2,4610
213815,Газовая охрана,Газовый датчик,"813-4.1.17.",Д17 ПК305 Гал.ПК14+7,4610
212903,Диспетчерский контроль,Переключатель,"813-1.1.98.8.",Управление В6 ПК108,4610
212836,Диспетчерский контроль,Состояние фазы,"813-1.1.76.2.",ГРО1 ПК21 (ПК0-ПК21),4610
212850,Диспетчерский контроль,Переключатель,"813-1.1.81.8.",Управление ВЩ1 ПК106 (Щитовая),4610
213779,Газовая охрана,Газовый датчик,"813-3.1.3.",Д3 ПК23,4610
213816,Газовая охрана,Газовый датчик,"813-4.1.18.",Д18 ПК305 Гал.ПК25+2,4610
212865,Диспетчерский контроль,Состояние фазы,"813-1.1.86.2.",ГРО15 ПК307 (ПК305-ПК326),4610
212847,Диспетчерский контроль,Состояние вентилятора,"813-1.1.81.3.",ВЩ1 ПК106 (Щитовая),4610
213780,Газовая охрана,Газовый датчик,"813-3.1.4.",Д4 ПК26+5,4610
213817,Газовая охрана,Газовый датчик,"813-4.1.19.",Д19 ПК305 Гал.ПК29+2,4610
212870,Диспетчерский контроль,Состояние фазы,"813-1.1.88.2.",ГРО16 ПК358 (ПК326-ПК358),4610
212913,Диспетчерский контроль,Состояние вентилятора,"813-1.1.101.3.",В9 ПК249,4610
213781,Газовая охрана,Газовый датчик,"813-3.1.5.",Д5 ПК26 Гал.ПК3+2,4610
213442,Диспетчерский контроль,Состояние фазы,"813-1.1.211.3.",ФАНС2 ПК249,4610
212916,Диспетчерский контроль,Переключатель,"813-1.1.101.8.",Управление В9 ПК249,4610
213444,Диспетчерский контроль,Переключатель,"813-1.1.211.8.",Управление ФАНС ПК249 щитовая,4610
212856,Диспетчерский контроль,Состояние вентилятора,"813-1.1.83.3.",ВЩ2 ПК249 (Щитовая),4610
213443,Диспетчерский контроль,Состояние фазы,"813-1.1.211.5.",ФРО ПК249,4610
212859,Диспетчерский контроль,Переключатель,"813-1.1.83.8.",Управление ВЩ2 ПК249 (Щитовая),4610
213445,Диспетчерский контроль,Переключатель,"813-1.1.211.9.",Управление ФРО ПК249 щитовая,4610
212919,Диспетчерский контроль,Состояние вентилятора,"813-1.1.102.4.",В10 ПК272,4610
213430,Диспетчерский контроль,Состояние фазы,"813-1.1.84.3.","ФАО ПК249 ПК231-326,Г",4610
212920,Диспетчерский контроль,Переключатель,"813-1.1.102.8.",Управление В10 ПК272,4610
213782,Газовая охрана,Газовый датчик,"813-3.1.6.",Д6 ПК37+4,4610
213818,Газовая охрана,Газовый датчик,"813-4.1.20.",Д20 ПК305 Гал.ПК33+7 ,4610
212928,Диспетчерский контроль,Состояние фазы,"813-1.1.104.6.",ГРО17 ПК358-ПК385,4610
213431,Диспетчерский контроль,Переключатель,"813-1.1.84.8.",Управление ФАО ПК249,4610
212923,Диспетчерский контроль,Состояние вентилятора,"813-1.1.103.4.",В11 ПК296,4610
212924,Диспетчерский контроль,Переключатель,"813-1.1.103.8.",Управление В11 ПК296,4610
212862,Диспетчерский контроль,Состояние вентилятора,"813-1.1.85.3.",В12 ПК305Гал.ПК2,4610
213777,Газовая охрана,Газовый датчик,"813-3.1.1.",Д1 ПК4+3,4610
213814,Газовая охрана,Газовый датчик,"813-4.1.16.",Д16 ПК305 Гал.ПК5,4610
212929,Диспетчерский контроль,Состояние фазы,"813-1.1.104.7.",ГРО18 ПК385-ПК415,4610
212863,Диспетчерский контроль,Переключатель,"813-1.1.85.8.",Управление В12 ПК305Гал.ПК2,4610
212848,Диспетчерский контроль,Состояние фазы,"813-1.1.81.6.",ЩАП 23 ввод1 ПК106,4610
213483,Диспетчерский контроль,Состояние фазы,"813-1.1.101.7.","ФВ1 ПК249 (В9-В13,В15)",4610
213791,Газовая охрана,Газовый датчик,"813-3.1.15.",Д15 ПК106+7,4610
213783,Газовая охрана,Газовый датчик,"813-3.1.7.",Д7 ПК41+3,4610
213813,Газовая охрана,Газовый датчик,"813-4.1.15.",Д15 ПК232,4610
213805,Газовая охрана,Газовый датчик,"813-4.1.7.",Д7 ПК308+5,4610
212878,Диспетчерский контроль,Состояние фазы,"813-1.1.91.2.",ГРО19 ПК414 (ПК415-ПК441),4610
213452,Диспетчерский контроль,Состояние фазы,"813-1.1.214.4.",ГРО14 ПК305 Гал. ПК22-ПК38,4610
213451,Диспетчерский контроль,Состояние вентилятора,"813-1.1.214.3.",В13 ПК305Гал.ПК22,4610
212849,Диспетчерский контроль,Состояние фазы,"813-1.1.81.7.",ЩАП 23 ввод2 ПК106,4610
213484,Диспетчерский контроль,Переключатель,"813-1.1.101.9.",Управление ФВ1 ПК249 щитовая,4610
213792,Газовая охрана,Газовый датчик,"813-3.1.16.",Д16 ПК111+7,4610
213784,Газовая охрана,Газовый датчик,"813-3.1.8.",Д8 ПК48+1,4610
213812,Газовая охрана,Газовый датчик,"813-4.1.14.",Д14 ПК247,4610
213804,Газовая охрана,Газовый датчик,"813-4.1.6.",Д6 ПК324,4610
212880,Диспетчерский контроль,Состояние фазы,"813-1.1.92.2.",ГРО20 ПК441 (ПК441-ПК467),4610
214023,Диспетчерский контроль,Состояние фазы,"813-1.1.213.5.",ГРО13 ПК305 Гал. ПК0-ПК22,4610
213449,Диспетчерский контроль,Состояние насоса,"813-1.1.213.2.",АНС2 Н2 ПК305Гал.ПК2,4610
213454,Диспетчерский контроль,Переключатель,"813-1.1.214.8.",Управление В13 ПК305Гал.ПК22,4610
212857,Диспетчерский контроль,Состояние фазы,"813-1.1.83.6.",ЩАП-23 ввод1 ПК249,4610
213447,Диспетчерский контроль,Состояние насоса,"813-1.1.212.2.",АНС2 Н1 ПК305Гал.ПК2,4610
212858,Диспетчерский контроль,Состояние фазы,"813-1.1.83.7.",ЩАП-23 ввод2 ПК249,4610
213793,Газовая охрана,Газовый датчик,"813-3.1.17.",Д17 ПК117+1,4610
213785,Газовая охрана,Газовый датчик,"813-3.1.9.",Д9 ПК52+3,4610
213811,Газовая охрана,Газовый датчик,"813-4.1.13.",Д13 ПК251,4610
213803,Газовая охрана,Газовый датчик,"813-4.1.5.",Д5 ПК331+9,4610
212882,Диспетчерский контроль,Состояние фазы,"813-1.1.93.2.",ГРО21 ПК467 (ПК467-ПК476),4610
212867,Диспетчерский контроль,Состояние вентилятора,"813-1.1.87.3.",В15 ПК326,4610
245476,Диспетчерский контроль,Состояние вентилятора,"813-1.1.188.3.",В14 ПК305Г ПК34 кам1,4610
245477,Диспетчерский контроль,Переключатель,"813-1.1.188.8.",Управление В14 ПК305Г ПК34 кам1,4610
284691,Пожарная охрана,Датчик дыма,"645-1.1.9.9.",ДД ПК116 (2шт.),4648
284690,Пожарная охрана,Датчик дыма,"645-1.1.9.6.",ДД ПК116 (2шт.),4648
162899,Диспетчерский контроль,Состояние охраны,"645-g1.",Коньково ОС ,4648
162765,Охранная подсистема,КД АВ,"645-1.1.4.2.",КД АВ ПК55,4648
162766,Охранная подсистема,КД АВ,"645-1.1.4.3.",КД АВ ПК55+5,4648
162770,Охранная подсистема,КД АВ,"645-1.1.5.3.",КД вход в э/щ ПК55 Наземная,4648
162778,Охранная подсистема,КД АВ,"645-1.1.7.2.",КД АВ ПК93,4648
162779,Охранная подсистема,КД АВ,"645-1.1.7.3.",КД АВ ПК93+2,4648
162782,Охранная подсистема,КД АВ,"645-1.1.8.2.",КД АВ ПК103,4648
162783,Охранная подсистема,КД АВ,"645-1.1.8.3.",КД АВ ПК103+2,4648
162795,Охранная подсистема,КД АВ,"645-1.1.11.3.",КД АВ ПК154,4648
162798,Охранная подсистема,КД АВ,"645-1.1.12.2.",КД АВ ПК168,4648
162885,Охранная подсистема,КД АВ,"645-1.1.34.2.",КД АВ ПК168+30ГПК3,4648
162813,Охранная подсистема,КД АВ,"645-1.1.16.2.",КД АВ ПК248,4648
162825,Охранная подсистема,КД АВ,"645-1.1.19.2.",КД АВ ПК291,4648
162854,Охранная подсистема,КД Дверь,"645-1.1.26.2.",КД отс.дв. ПК400 ур.4,4648
162866,Охранная подсистема,КД Дверь,"645-1.1.29.3.",КД вход в э/щ ПК440,4648
162874,Охранная подсистема,КД АВ,"645-1.1.31.2.",КД АВ ПК481,4648
162882,Охранная подсистема,КД АВ,"645-1.1.33.2.",КД АВ ПК522,4648
162911,Охранная подсистема,КД Дверь,"645-1.1.34.3.",КД вход в коллектор ПК168+30ГПК3,4648
162757,Охранная подсистема,КД АВ,"645-1.1.2.2.",КД АВ ПК15,4648
162761,Охранная подсистема,КД АВ,"645-1.1.3.2.",КД АВ ПК34,4648
162775,Охранная подсистема,КД АВ,"645-1.1.6.3.",КД АВ ПК74+5,4648
162805,Охранная подсистема,КД АВ,"645-1.1.14.2.",КД АВ ПК213,4648
162809,Охранная подсистема,КД АВ,"645-1.1.15.2.",КД АВ ПК227,4648
162834,Охранная подсистема,КД АВ,"645-1.1.21.3.",КД вход в э/щ ПК305 Наземная,4648
162829,Охранная подсистема,КД АВ,"645-1.1.20.2.",КД АВ ПК305,4648
162843,Охранная подсистема,КД АВ,"645-1.1.23.3.",КД АВ ПК341+2,4648
162847,Охранная подсистема,КД АВ,"645-1.1.24.3.",КД АВ ПК359+2,4648
162850,Охранная подсистема,КД АВ,"645-1.1.25.2.",КД АВ ПК373,4648
162858,Охранная подсистема,КД АВ,"645-1.1.27.2.",КД АВ ПК423,4648
162861,Охранная подсистема,КД АВ,"645-1.1.28.2.",КД АВ ПК440,4648
162786,Охранная подсистема,КД АВ,"645-1.1.9.2.",КД АВ ПК116,4648
162818,Охранная подсистема,КД АВ,"645-1.1.17.3.",КД АВ ПК262+2,4648
162822,Охранная подсистема,КД АВ,"645-1.1.18.3.",КД АВ ПК276+2,4648
162846,Охранная подсистема,КД АВ,"645-1.1.24.2.",КД АВ ПК359,4648
162826,Охранная подсистема,КД Дверь,"645-1.1.19.3.",КД отс.дв. ПК291 ур.1,4648
162787,Охранная подсистема,КД Дверь,"645-1.1.9.3.",КД отс. дверь ПК116,4648
162870,Охранная подсистема,КД АВ,"645-1.1.30.2.",КД АВ ПК464,4648
162879,Охранная подсистема,КД АВ,"645-1.1.32.3.",КД АВ ПК502+2,4648
162878,Охранная подсистема,КД Дверь,"645-1.1.32.2.",КД отс.дв. ПК502 ур.2,4648
162801,Охранная подсистема,КД АВ,"645-1.1.13.2.",КД АВ ПК185,4648
162754,Охранная подсистема,КД АВ,"645-1.1.1.2.",КД АВ ПК0,4648
230758,Охранная подсистема,Датчик движения,"645-1.1.1.3.",ОД АВ ПК0,4648
230759,Охранная подсистема,КД Дверь,"645-1.1.2.4.",КД отс.дв. ПК15 ур.1,4648
230760,Охранная подсистема,КД Дверь,"645-1.1.2.5.",КД отс.дв. ПК15 ур.2 лев.,4648
230761,Охранная подсистема,КД Дверь,"645-1.1.2.6.",КД отс.дв. ПК15 ур.2 пр.,4648
230763,Охранная подсистема,Датчик движения,"645-1.1.2.8.",ОД АВ ПК 15,4648
230762,Охранная подсистема,Датчик движения,"645-1.1.2.7.",ОД АВ ПК 15+2,4648
230767,Охранная подсистема,Датчик движения,"645-1.1.4.7.",ОД АВ ПК55,4648
230768,Охранная подсистема,Датчик движения,"645-1.1.4.8.",ОД АВ ПК55+5,4648
230766,Охранная подсистема,КД Дверь,"645-1.1.4.6.",КД отс. дв.  ПК54 ур.1,4648
230764,Охранная подсистема,КД Дверь,"645-1.1.4.4.",КД отс. дв. ПК55,4648
230765,Охранная подсистема,КД Дверь,"645-1.1.4.5.",КД отс. дв. ПК55+5,4648
230769,Охранная подсистема,Датчик движения,"645-1.1.5.6.",ОД вх. в э/щ ПК55,4648
230770,Охранная подсистема,КД Дверь,"645-1.1.6.4.",КД отс.дв. ПК75,4648
162774,Охранная подсистема,КД Дверь,"645-1.1.6.2.",КД отс.дв. ПК74+5 ур.1,4648
230774,Охранная подсистема,Датчик движения,"645-1.1.6.8.",ОД ПК75,4648
230773,Охранная подсистема,Датчик движения,"645-1.1.6.7.",ОД АВ ПК74+5,4648
230772,Охранная подсистема,Датчик движения,"645-1.1.6.6.",ОД ВШ ПК74,4648
230775,Охранная подсистема,КД Дверь,"645-1.1.7.4.",КД отс.дв. ПК93 ур.1,4648
230776,Охранная подсистема,КД Дверь,"645-1.1.7.5.",КД отс.дв. ПК93 ур.2 лев.,4648
230777,Охранная подсистема,КД Дверь,"645-1.1.7.6.",КД отс.дв. ПК93 ур.2 пр.,4648
230779,Охранная подсистема,Датчик движения,"645-1.1.7.8.",ОД АВ ПК93,4648
230778,Охранная подсистема,Датчик движения,"645-1.1.7.7.",ОД АВ ПК93+2,4648
230783,Охранная подсистема,Датчик движения,"645-1.1.8.7.",ОД АВ ПК103,4648
230784,Охранная подсистема,Датчик движения,"645-1.1.8.8.",ОД АВ ПК103+2,4648
230780,Охранная подсистема,КД Дверь,"645-1.1.8.4.",КД отс.дв. ПК103 ур.1,4648
230781,Охранная подсистема,КД Дверь,"645-1.1.8.5.",КД отс.дв. ПК103 ур.2,4648
230782,Охранная подсистема,КД Дверь,"645-1.1.8.6.",КД отс.дв. ПК103 ур.3,4648
230786,Охранная подсистема,Датчик движения,"645-1.1.9.5.",ОД АВ ПК116,4648
230785,Охранная подсистема,Датчик движения,"645-1.1.9.4.",ОД ВШ ПК116,4648
230789,Охранная подсистема,Датчик движения,"645-1.1.10.6.",ОД АВ ПК136,4648
230790,Охранная подсистема,Датчик движения,"645-1.1.10.7.",ОД АВ ПК136+2,4648
230788,Охранная подсистема,КД Дверь,"645-1.1.10.5.",КД отс.дв. ПК136 ур.1,4648
230787,Охранная подсистема,КД Дверь,"645-1.1.10.4.",КД отс.дв. ПК136 ур.2,4648
168535,Охранная подсистема,КД АВ,"645-1.1.11.4.",КД АВ ПК154+2,4648
230791,Охранная подсистема,Датчик движения,"645-1.1.11.6.",ОД АВ ПК154,4648
230794,Охранная подсистема,Датчик движения,"645-1.1.11.9.",ОД АВ ПК154+2,4648
230793,Охранная подсистема,КД Дверь,"645-1.1.11.8.",КД отс.дв. ПК154 ур.1,4648
230792,Охранная подсистема,КД Дверь,"645-1.1.11.7.",КД отс.дв. ПК154 ур.2,4648
230795,Охранная подсистема,Датчик движения,"645-1.1.11.10.",ОД ПК154 ур.2,4648
230879,Охранная подсистема,Датчик движения,"645-1.1.34.4.",ОД АВ ПК168+30ГПК3,4648
230798,Охранная подсистема,Датчик движения,"645-1.1.14.6.",ОД АВ ПК213,4648
230799,Охранная подсистема,Датчик движения,"645-1.1.14.7.",ОД АВ ПК213+2,4648
230796,Охранная подсистема,КД Дверь,"645-1.1.14.4.",КД отс.дв. ПК213 ур.1,4648
230797,Охранная подсистема,КД Дверь,"645-1.1.14.5.",КД отс.дв. ПК213 ур.2,4648
230804,Охранная подсистема,Датчик движения,"645-1.1.15.8.",ОД АВ ПК227,4648
230805,Охранная подсистема,Датчик движения,"645-1.1.15.9.",ОД АВ ПК227+2,4648
230800,Охранная подсистема,КД Дверь,"645-1.1.15.4.",КД отс.дв. ПК227,4648
230803,Охранная подсистема,КД Дверь,"645-1.1.15.7.",КД отс.дв. ПК227+5 ур.1,4648
230802,Охранная подсистема,КД Дверь,"645-1.1.15.6.",КД отс.дв. ПК227+5 ур.2,4648
230801,Охранная подсистема,КД Дверь,"645-1.1.15.5.",КД отс.дв. ПК227+5 ур.3,4648
230809,Охранная подсистема,Датчик движения,"645-1.1.16.8.",ОД АВ ПК248,4648
230806,Охранная подсистема,КД Дверь,"645-1.1.16.5.",КД отс.дв. ПК248 ур.1,4648
230807,Охранная подсистема,КД Дверь,"645-1.1.16.6.",КД отс.дв. ПК248 ур.2,4648
230808,Охранная подсистема,Датчик движения,"645-1.1.16.7.",ОД ВШ ПК248,4648
230812,Охранная подсистема,Датчик движения,"645-1.1.17.6.",ОД АВ ПК262,4648
230813,Охранная подсистема,Датчик движения,"645-1.1.17.7.",ОД АВ ПК262+2,4648
230810,Охранная подсистема,КД Дверь,"645-1.1.17.4.",КД отс.дв. ПК262 ур.3,4648
230811,Охранная подсистема,КД Дверь,"645-1.1.17.5.",КД отс.дв. ПК262 ур.4,4648
230817,Охранная подсистема,Датчик движения,"645-1.1.18.7.",ОД АВ ПК276,4648
230816,Охранная подсистема,Датчик движения,"645-1.1.18.6.",ОД АВ ПК276+2,4648
230815,Охранная подсистема,КД Дверь,"645-1.1.18.5.",КД отс.дв. ПК276 ур.3,4648
230814,Охранная подсистема,КД Дверь,"645-1.1.18.4.",КД отс.дв. ПК276 ур.4,4648
230818,Охранная подсистема,КД Дверь,"645-1.1.19.4.",КД отс.дв. ПК291 ур.2,4648
230819,Охранная подсистема,КД Дверь,"645-1.1.19.5.",КД отс.дв. ПК291 ур.3,4648
230820,Охранная подсистема,Датчик движения,"645-1.1.19.6.",ОД АВ ПК291,4648
230821,Охранная подсистема,Датчик движения,"645-1.1.19.7.",ОД ВШ ПК291,4648
230824,Охранная подсистема,Датчик движения,"645-1.1.20.6.",ОД АВ ПК305,4648
230825,Охранная подсистема,Датчик движения,"645-1.1.20.7.",ОД АВ ПК305+2,4648
230822,Охранная подсистема,КД Дверь,"645-1.1.20.4.",КД отс.дв. ПК305 ур.1,4648
230823,Охранная подсистема,КД Дверь,"645-1.1.20.5.",КД отс.дв. ПК305 ур.2,4648
230826,Охранная подсистема,Датчик движения,"645-1.1.21.6.",ОД Э/Щ ПК305,4648
162838,Охранная подсистема,КД АВ,"645-1.1.22.2.",КД АВ ПК324,4648
230827,Охранная подсистема,КД Дверь,"645-1.1.22.4.",КД отс.дв. ПК324 ур.1,4648
230828,Охранная подсистема,Датчик движения,"645-1.1.22.5.",ОД АВ ПК324,4648
230829,Охранная подсистема,Датчик движения,"645-1.1.22.8.",ОД ВШ ПК324,4648
230834,Охранная подсистема,Датчик движения,"645-1.1.23.8.",ОД АВ ПК341,4648
230833,Охранная подсистема,Датчик движения,"645-1.1.23.7.",ОД АВ ПК341+2,4648
230831,Охранная подсистема,КД Дверь,"645-1.1.23.5.",КД отс.дв. ПК341 ур.1,4648
230832,Охранная подсистема,КД Дверь,"645-1.1.23.6.",КД отс.дв. ПК341 ур.2,4648
230830,Охранная подсистема,КД Дверь,"645-1.1.23.4.",КД отс.дв. ПК341 ур.4,4648
230840,Охранная подсистема,Датчик движения,"645-1.1.24.9.",ОД АВ ПК359,4648
230839,Охранная подсистема,Датчик движения,"645-1.1.24.8.",ОД АВ ПК359+2,4648
230835,Охранная подсистема,КД Дверь,"645-1.1.24.4.",КД отс.дв. ПК359 ур.1,4648
230836,Охранная подсистема,КД Дверь,"645-1.1.24.5.",КД отс.дв. ПК359 ур.2,4648
230837,Охранная подсистема,КД Дверь,"645-1.1.24.6.",КД отс.дв. ПК359 ур.3,4648
230838,Охранная подсистема,КД Дверь,"645-1.1.24.7.",КД отс.дв. ПК359 ур.4,4648
230841,Охранная подсистема,Датчик движения,"645-1.1.25.4.",ОД АВ ПК373,4648
230842,Охранная подсистема,Датчик движения,"645-1.1.25.5.",ОД ВШ ПК373+2,4648
230843,Охранная подсистема,КД Дверь,"645-1.1.25.6.",КД отс.дв. ПК373 ур.1,4648
230844,Охранная подсистема,КД Дверь,"645-1.1.25.7.",КД отс.дв. ПК373 ур.2,4648
230845,Охранная подсистема,КД Дверь,"645-1.1.25.8.",КД отс.дв. ПК373 ур.3,4648
230851,Охранная подсистема,Датчик движения,"645-1.1.26.8.",ОД АВ ПК400+2,4648
230850,Охранная подсистема,Датчик движения,"645-1.1.26.7.",ОД ВШ ПК400,4648
230847,Охранная подсистема,КД Дверь,"645-1.1.26.4.",КД отс.дв. ПК400 ур.1,4648
230848,Охранная подсистема,КД Дверь,"645-1.1.26.5.",КД отс.дв. ПК400 ур.2,4648
230849,Охранная подсистема,КД Дверь,"645-1.1.26.6.",КД отс.дв. ПК400 ур.3,4648
230855,Охранная подсистема,Датчик движения,"645-1.1.27.7.",ОД АВ ПК423,4648
230856,Охранная подсистема,Датчик движения,"645-1.1.27.8.",ОД ВШ ПК423+2,4648
230854,Охранная подсистема,КД Дверь,"645-1.1.27.6.",КД отс.дв. ПК423 ур.1,4648
230852,Охранная подсистема,КД Дверь,"645-1.1.27.4.",КД отс.дв. ПК423 ур.2,4648
230853,Охранная подсистема,КД Дверь,"645-1.1.27.5.",КД отс.дв. ПК423 ур.3,4648
230859,Охранная подсистема,Датчик движения,"645-1.1.28.6.",ОД АВ ПК440,4648
230860,Охранная подсистема,Датчик движения,"645-1.1.28.7.",ОД АВ ПК440+2,4648
230857,Охранная подсистема,КД Дверь,"645-1.1.28.4.",КД отс.дв. ПК440 ур.1,4648
230858,Охранная подсистема,КД Дверь,"645-1.1.28.5.",КД отс.дв. ПК440 ур.3,4648
230865,Охранная подсистема,Датчик движения,"645-1.1.30.8.",ОД АВ ПК464,4648
230866,Охранная подсистема,Датчик движения,"645-1.1.30.9.",ОД АВ ПК464+2,4648
230861,Охранная подсистема,КД Дверь,"645-1.1.30.4.",КД отс.дв. ПК464 ур.1,4648
230862,Охранная подсистема,КД Дверь,"645-1.1.30.5.",КД отс.дв. ПК464 ур.2,4648
230863,Охранная подсистема,КД Дверь,"645-1.1.30.6.",КД отс.дв. ПК464 ур.3,4648
230864,Охранная подсистема,КД Дверь,"645-1.1.30.7.",КД отс.дв. ПК464 ур.4,4648
230872,Охранная подсистема,Датчик движения,"645-1.1.31.9.",ОД АВ ПК481,4648
230871,Охранная подсистема,Датчик движения,"645-1.1.31.8.",ОД АВ ПК481+2,4648
230867,Охранная подсистема,КД Дверь,"645-1.1.31.4.",КД отс.дв. ПК481 ур.1,4648
230868,Охранная подсистема,КД Дверь,"645-1.1.31.5.",КД отс.дв. ПК481 ур.2,4648
230869,Охранная подсистема,КД Дверь,"645-1.1.31.6.",КД отс.дв. ПК481 ур.3,4648
230870,Охранная подсистема,КД Дверь,"645-1.1.31.7.",КД отс.дв. ПК481 ур.4,4648
230875,Охранная подсистема,Датчик движения,"645-1.1.32.6.",ОД АВ ПК 502 ,4648
230876,Охранная подсистема,Датчик движения,"645-1.1.32.7.",ОД ВШ ПК502 ,4648
230873,Охранная подсистема,КД Дверь,"645-1.1.32.4.",КД отс.дв. ПК502 ур.1,4648
230874,Охранная подсистема,КД Дверь,"645-1.1.32.5.",КД отс.дв. ПК502 ур.3,4648
230877,Охранная подсистема,Датчик движения,"645-1.1.33.3.",ОД АВ ПК522,4648
230878,Охранная подсистема,КД Дверь,"645-1.1.33.4.",КД отс.дв. ПК522 ур.1,4648
230894,Охранная подсистема,Датчик движения,"645-1.1.118.5.",ОД АВ ПК34+5,4648
230893,Охранная подсистема,Датчик движения,"645-1.1.118.4.",ОД АВ ПК35,4648
227250,Охранная подсистема,КД Дверь,"645-1.1.118.2.",КД отс. дв. ПК35 ур.1,4648
230892,Охранная подсистема,КД Дверь,"645-1.1.118.3.",КД отс. дв. ПК35 ур.3,4648
230890,Охранная подсистема,Датчик движения,"645-1.1.117.4.",ОД АВ ПК185,4648
230891,Охранная подсистема,Датчик движения,"645-1.1.117.5.",ОД АВ 185+5,4648
227245,Охранная подсистема,КД Дверь,"645-1.1.117.2.",КД отс.дв. ПК185 ур.1,4648
227246,Охранная подсистема,КД Дверь,"645-1.1.117.3.",КД отс.дв. ПК185 ур.2,4648
227253,Охранная подсистема,КД Дверь,"645-1.1.119.2.",КД отс.дв. ПК197+5,4648
227256,Охранная подсистема,КД Дверь,"645-1.1.120.2.",КД отс.дв. ПК389,4648
230771,Охранная подсистема,КД Дверь,"645-1.1.6.5.",КД дв. в ВШ,4648
162791,Охранная подсистема,КД АВ,"645-1.1.10.3.",КД АВ ПК136,4648
162830,Охранная подсистема,КД АВ,"645-1.1.20.3.",КД АВ ПК305+2,4648
162839,Охранная подсистема,КД Дверь,"645-1.1.22.3.",КД отс.дв. ПК324 ур.2,4648
255332,Охранная подсистема,КД Дверь,"645-1.1.12.3.",КД отс. дв. ПК168,4648
255334,Охранная подсистема,КД Дверь,"645-1.1.12.5.",КД отс. дв. ПК168 эт.2,4648
255333,Охранная подсистема,КД Дверь,"645-1.1.12.4.",КД отс. дв. ПК168Г ПК3,4648
255335,Охранная подсистема,Датчик движения,"645-1.1.12.6.",ОД АВ ПК168,4648
297165,Пожарная охрана,Датчик дыма,"645-1.1.33.11.",ДД ПК522 (3шт) 1-2эт.,4648
297164,Пожарная охрана,Датчик дыма,"645-1.1.33.10.",ДД ПК522 (3шт) 1-2эт.,4648
284682,Пожарная охрана,Датчик дыма,"645-1.1.1.8.",ДД ПК0 лев. и прав.(2шт.),4648
284681,Пожарная охрана,Датчик дыма,"645-1.1.1.7.",ДД ПК0 прав. и лев.(2шт.),4648
284846,Пожарная охрана,Датчик дыма,"645-1.1.158.2.",ДД ПК15 (4 шт.)1-2 эт.,4648
284847,Пожарная охрана,Датчик дыма,"645-1.1.158.3.",ДД ПК15 (4 шт.)1-2 эт.,4648
284848,Пожарная охрана,Тепловой датчик,"645-1.1.158.4.",ТД ПК15-22(16ШТ),4648
284850,Пожарная охрана,Тепловой датчик,"645-1.1.158.6.",ТД ПК22-27(14 ШТ),4648
284849,Пожарная охрана,Тепловой датчик,"645-1.1.158.5.",ТД ПК22-27(14 ШТ),4648
255329,Пожарная охрана,Тепловой датчик,"645-1.1.1.4.","ТД ПК1-7,5(17шт)",4648
284683,Пожарная охрана,Датчик дыма,"645-1.1.3.4.",ДД ПК34 (5шт.)1-3 эт.,4648
284684,Пожарная охрана,Датчик дыма,"645-1.1.3.5.",ДД ПК34 (5шт.)1-3эт.,4648
284853,Пожарная охрана,Датчик дыма,"645-1.1.159.2.",ДД ПК55 (4 шт.),4648
284854,Пожарная охрана,Датчик дыма,"645-1.1.159.3.",ДД ПК55 (4 шт.),4648
284856,Пожарная охрана,Тепловой датчик,"645-1.1.159.5.",ТД ПК42-ПК48 (12 шт.),4648
284855,Пожарная охрана,Тепловой датчик,"645-1.1.159.4.",ТД ПК48+5-ПК55 (16 шт.),4648
284857,Пожарная охрана,Тепловой датчик,"645-1.1.159.6.",ТД ПК48-55(17 ШТ),4648
284858,Пожарная охрана,Тепловой датчик,"645-1.1.159.7.",ТД ПК60+5-ПК67 (16 шт.),4648
284862,Пожарная охрана,Датчик дыма,"645-1.1.160.3.",ДД ПК74 (2 шт.)1-2 эт.,4648
284861,Пожарная охрана,Датчик дыма,"645-1.1.160.2.",ДД ПК74 (3шт.)1-2 эт.,4648
284863,Пожарная охрана,Тепловой датчик,"645-1.1.160.4.",ТД ПК67-ПК74 (16 шт.),4648
284864,Пожарная охрана,Тепловой датчик,"645-1.1.160.5.",ТД ПК74-ПК80 (16 шт.),4648
284865,Пожарная охрана,Тепловой датчик,"645-1.1.160.6.",ТД ПК80-ПК86 (16 шт.),4648
284868,Пожарная охрана,Датчик дыма,"645-1.1.161.2.",ДД ПК93 (3 шт.)1-2 эт.,4648
284869,Пожарная охрана,Датчик дыма,"645-1.1.161.3.",ДД ПК93 (3 шт.)1-3 эт.,4648
284870,Пожарная охрана,Тепловой датчик,"645-1.1.161.4.",ТД ПК86-ПК93 (16 шт.),4648
284871,Пожарная охрана,Тепловой датчик,"645-1.1.161.5.",ТД ПК93-ПК98 (15 шт.),4648
284874,Пожарная охрана,Датчик дыма,"645-1.1.162.2.",ДД ПК103 (5 шт.)1-3 эт.,4648
284875,Пожарная охрана,Датчик дыма,"645-1.1.162.3.",ДД ПК103 (4 шт.)1-3 эт.,4648
284878,Пожарная охрана,Тепловой датчик,"645-1.1.162.6.",ТД ПК98+5-ПК103 (12 шт.),4648
284876,Пожарная охрана,Тепловой датчик,"645-1.1.162.4.",ТД ПК105+5-ПК110+5 (12 шт.),4648
284877,Пожарная охрана,Тепловой датчик,"645-1.1.162.5.",ТД ПК103-ПК105+5 (10 шт.),4648
284882,Пожарная охрана,Датчик дыма,"645-1.1.163.3.",ДД ПК 136(3шт.)1-3 эт.,4648
284881,Пожарная охрана,Датчик дыма,"645-1.1.163.2.",ДД ПК136(3шт.)1-3 эт.,4648
284883,Пожарная охрана,Тепловой датчик,"645-1.1.163.4.",ТД ПК130+5-ПК136 (16 шт.),4648
284884,Пожарная охрана,Тепловой датчик,"645-1.1.163.5.",ТД ПК136-ПК141 (15 шт.),4648
284885,Пожарная охрана,Тепловой датчик,"645-1.1.163.6.",ТД ПК141-ПК164+5 (16 шт.),4648
284888,Пожарная охрана,Датчик дыма,"645-1.1.164.2.",ДД ПК154(3шт.)1-3 эт.,4648
284889,Пожарная охрана,Датчик дыма,"645-1.1.164.3.",ДД ПК154(3шт.)1-3 эт.,4648
284890,Пожарная охрана,Тепловой датчик,"645-1.1.164.4.",ТД ПК146+5-ПК154 (15 шт.),4648
284891,Пожарная охрана,Тепловой датчик,"645-1.1.164.5.",ТД ПК154-ПК160 (16 шт.),4648
284692,Пожарная охрана,Датчик дыма,"645-1.1.12.7.",ДД ПК168(3шт.) 1-3 эт.,4648
284695,Пожарная охрана,Датчик дыма,"645-1.1.12.11.",ДД ПК168(3шт.)1-3 эт.,4648
284694,Пожарная охрана,Тепловой датчик,"645-1.1.12.10.",ТД ПК162-168(16шт.),4648
284693,Пожарная охрана,Тепловой датчик,"645-1.1.12.9.",ТД ПК 168-177(18шт.),4648
284697,Пожарная охрана,Датчик дыма,"645-1.1.13.5.",ДД ПК185(2шт)1-2эт.,4648
284696,Пожарная охрана,Датчик дыма,"645-1.1.13.4.",ДД ПК185(2шт)1-2эт.,4648
284698,Пожарная охрана,Тепловой датчик,"645-1.1.13.6.",ТД ПК177-ПК185 (18 шт.),4648
284699,Пожарная охрана,Тепловой датчик,"645-1.1.13.7.",ТД ПК185-ПК191 (13 шт.),4648
284705,Пожарная охрана,Датчик дыма,"645-1.1.14.9.",ДД ПК213(2шт)1-2эт.,4648
284704,Пожарная охрана,Датчик дыма,"645-1.1.14.8.",ДД ПК213(2шт)1-2эт.,4648
284706,Пожарная охрана,Тепловой датчик,"645-1.1.14.10.",ТД ПК205-213 (17 шт.),4648
284707,Пожарная охрана,Тепловой датчик,"645-1.1.14.11.",ТД ПК213-220 (15 шт.),4648
284894,Пожарная охрана,Датчик дыма,"645-1.1.165.2.",ДД ПК227(4шт)1-3 эт.,4648
284895,Пожарная охрана,Датчик дыма,"645-1.1.165.3.",ДД ПК227(4шт)1-3эт.,4648
284896,Пожарная охрана,Тепловой датчик,"645-1.1.165.4.",ТД ПК220-ПК227 (16 шт.),4648
284897,Пожарная охрана,Тепловой датчик,"645-1.1.165.5.",ТД ПК228-ПК234 (15 шт.),4648
284898,Пожарная охрана,Тепловой датчик,"645-1.1.165.6.",ТД ПК235-ПК241 (16 шт.),4648
284901,Пожарная охрана,Датчик дыма,"645-1.1.166.2.",ДД ПК249,4648
284902,Пожарная охрана,Датчик дыма,"645-1.1.166.3.",ДД ПК249,4648
284903,Пожарная охрана,Тепловой датчик,"645-1.1.166.4.",ТД ПК242-ПК248 (13 шт.),4648
284904,Пожарная охрана,Тепловой датчик,"645-1.1.166.5.",ТД ПК249-ПК255 (14 шт.),4648
284908,Пожарная охрана,Датчик дыма,"645-1.1.167.3.",ДД ПК124 (2шт.) 1-2эт.,4648
284907,Пожарная охрана,Датчик дыма,"645-1.1.167.2.",ДД ПК124 (2шт.)1-2 эт.,4648
284709,Пожарная охрана,Датчик дыма,"645-1.1.17.9.",ДД ПК262 (8 шт.),4648
284708,Пожарная охрана,Датчик дыма,"645-1.1.17.8.",ДД ПК262 (8 шт.),4648
284711,Пожарная охрана,Тепловой датчик,"645-1.1.17.11.",ТД ПК255+6-ПК262 (13 шт.),4648
284710,Пожарная охрана,Тепловой датчик,"645-1.1.17.10.",ТД ПК262-ПК267 (10 шт.),4648
284713,Пожарная охрана,Датчик дыма,"645-1.1.18.9.",ДД ПК276 (4 шт.)1-4 эт.,4648
284712,Пожарная охрана,Датчик дыма,"645-1.1.18.8.",ДД ПК276 (4 шт.)1-4 эт.,4648
284715,Пожарная охрана,Тепловой датчик,"645-1.1.18.11.",ТД ПК267+5-ПК276,4648
284714,Пожарная охрана,Тепловой датчик,"645-1.1.18.10.",ТД ПК276-ПК283+5 (16 шт.),4648
284717,Пожарная охрана,Датчик дыма,"645-1.1.19.9.",ДД ПК291 (4 шт.)1-3 эт.,4648
284716,Пожарная охрана,Датчик дыма,"645-1.1.19.8.",ДД ПК291 (4 шт.)1-3 эт.,4648
284719,Пожарная охрана,Тепловой датчик,"645-1.1.19.11.",ТД ПК284-ПК292 (15 шт.),4648
284718,Пожарная охрана,Тепловой датчик,"645-1.1.19.10.",ТД ПК292-301,4648
284721,Пожарная охрана,Датчик дыма,"645-1.1.20.9.",ДД ПК305 (3 шт.)1-2эт.,4648
284720,Пожарная охрана,Датчик дыма,"645-1.1.20.8.",ДД ПК305 (3 шт.)1-2эт.,4648
284722,Пожарная охрана,Датчик дыма,"645-1.1.22.6.",ДД ПК324 (3 шт.)1-2 эт.,4648
284723,Пожарная охрана,Датчик дыма,"645-1.1.22.7.",ДД ПК324 (3 шт.)1-2 эт.,4648
284724,Пожарная охрана,Тепловой датчик,"645-1.1.22.9.",ТД ПК317-ПК324,4648
284725,Пожарная охрана,Тепловой датчик,"645-1.1.22.10.",ТД ПК324-ПК332,4648
284727,Пожарная охрана,Датчик дыма,"645-1.1.23.10.",ДД ПК341 (5 шт.)1-4 эт.,4648
284726,Пожарная охрана,Датчик дыма,"645-1.1.23.9.",ДД ПК341 (5 шт.)1-4 эт.,4648
284728,Пожарная охрана,Тепловой датчик,"645-1.1.23.11.",ТД ПК341-ПК333 (18 шт.),4648
256087,Пожарная охрана,Тепловой датчик,"645-1.1.155.4.",ТД ПК298-305 (10 шт.),4648
256086,Пожарная охрана,Тепловой датчик,"645-1.1.155.3.",ТД ПК305-ПК311 (12 шт.),4648
256085,Пожарная охрана,Тепловой датчик,"645-1.1.155.2.",ТД ПК311-ПК317 (13 шт.),4648
256119,Пожарная охрана,Датчик дыма,"645-1.1.157.2.",ДД ПК359 (6 шт.)1-4 эт.,4648
256120,Пожарная охрана,Датчик дыма,"645-1.1.157.3.",ДД ПК359 (6 шт.)1-4 эт.,4648
256121,Пожарная охрана,Тепловой датчик,"645-1.1.157.4.",ТД ПК359-ПК366,4648
256122,Пожарная охрана,Тепловой датчик,"645-1.1.157.5.",ТД ПК350+5-ПК358,4648
284729,Пожарная охрана,Датчик дыма,"645-1.1.25.10.",ДД ПК373(5шт)1-3эт.,4648
230846,Пожарная охрана,Датчик дыма,"645-1.1.25.9.",ДД ПК373(5шт)1-3эт.,4648
256104,Пожарная охрана,Тепловой датчик,"645-1.1.156.4.",ТД ПК392-ПК400,4648
256105,Пожарная охрана,Тепловой датчик,"645-1.1.156.5.",ТД ПК401-ПК408,4648
256106,Пожарная охрана,Тепловой датчик,"645-1.1.156.6.",ТД ПК408-ПК415,4648
284731,Пожарная охрана,Тепловой датчик,"645-1.1.28.9.",ТД ПК 440-449(18 ШТ),4648
284730,Пожарная охрана,Тепловой датчик,"645-1.1.28.8.",ТД ПК440-443(14 ШТ),4648
284912,Пожарная охрана,Тепловой датчик,"645-1.1.168.4.",ТД ПК449-ПК456 (15шт.),4648
284913,Пожарная охрана,Тепловой датчик,"645-1.1.168.5.",ТД ПК456-ПК464 (15шт.),4648
284914,Пожарная охрана,Тепловой датчик,"645-1.1.168.6.",ТД ПК464-ПК472 (17шт.),4648
284917,Пожарная охрана,Тепловой датчик,"645-1.1.169.4.",ТД ПК472-ПК481 (18шт.),4648
284918,Пожарная охрана,Тепловой датчик,"645-1.1.169.5.",ТД ПК481-ПК488 (14шт.),4648
284921,Пожарная охрана,Тепловой датчик,"645-1.1.170.4.",ТД ПК489-ПК495 (11шт.),4648
284922,Пожарная охрана,Тепловой датчик,"645-1.1.170.5.",ТД ПК496-ПК502 (14шт.),4648
284923,Пожарная охрана,Тепловой датчик,"645-1.1.170.6.",ТД ПК503-ПК512 (19шт.),4648
284732,Пожарная охрана,Тепловой датчик,"645-1.1.33.6.",ТД ПК512-522(18 ШТ),4648
284927,Пожарная охрана,Тепловой датчик,"645-1.1.171.4.",ТД ПК415-ПК423 (16шт.),4648
284928,Пожарная охрана,Тепловой датчик,"645-1.1.171.5.",ТД ПК424-ПК432 (15шт.),4648
255337,Пожарная охрана,Состояние УИР-Р,"645-1.1.122.2.",УСРСБ ПК0 АВ,4648
255339,Пожарная охрана,Состояние УИР-Р,"645-1.1.123.2.",УСРСБ ПК15 АВ,4648
255341,Пожарная охрана,Состояние УИР-Р,"645-1.1.124.2.",УСРСБ ПК34 АВ,4648
255343,Пожарная охрана,Состояние УИР-Р,"645-1.1.125.2.",УСРСБ ПК55 АВ,4648
255345,Пожарная охрана,Состояние УИР-Р,"645-1.1.126.2.",УСРСБ ПК74+5 АВ,4648
255347,Пожарная охрана,Состояние УИР-Р,"645-1.1.127.2.",УСРСБ ПК93 АВ,4648
255349,Пожарная охрана,Состояние УИР-Р,"645-1.1.128.2.",УСРСБ ПК103,4648
255351,Пожарная охрана,Состояние УИР-Р,"645-1.1.129.2.",УСРСБ ПК116,4648
255353,Пожарная охрана,Состояние УИР-Р,"645-1.1.130.2.",УСРСБ ПК136 АВ,4648
255355,Пожарная охрана,Состояние УИР-Р,"645-1.1.131.2.",УСРСБ ПК154,4648
255357,Пожарная охрана,Состояние УИР-Р,"645-1.1.132.2.",УСРСБ ПК168 АВ,4648
255359,Пожарная охрана,Состояние УИР-Р,"645-1.1.133.2.",УСРСБ ПК185 АВ,4648
255361,Пожарная охрана,Состояние УИР-Р,"645-1.1.134.2.",УСРСБ ПК213 АВ,4648
255363,Пожарная охрана,Состояние УИР-Р,"645-1.1.135.2.",УСРСБ ПК227 АВ,4648
255365,Пожарная охрана,Состояние УИР-Р,"645-1.1.136.2.",УСРСБ ПК248 АВ,4648
255367,Пожарная охрана,Состояние УИР-Р,"645-1.1.137.2.",УСРСБ ПК262 АВ,4648
255369,Пожарная охрана,Состояние УИР-Р,"645-1.1.138.2.",УСРСБ ПК276 АВ,4648
255371,Пожарная охрана,Состояние УИР-Р,"645-1.1.139.2.",УСРСБ ПК291 АВ,4648
255373,Пожарная охрана,Состояние УИР-Р,"645-1.1.140.2.",УСРСБ ПК305 АВ,4648
255375,Пожарная охрана,Состояние УИР-Р,"645-1.1.141.2.",УСРСБ ПК324 АВ,4648
255377,Пожарная охрана,Состояние УИР-Р,"645-1.1.142.2.",УСРСБ ПК341 АВ,4648
255379,Пожарная охрана,Состояние УИР-Р,"645-1.1.143.2.",УСРСБ ПК359 АВ,4648
255381,Пожарная охрана,Состояние УИР-Р,"645-1.1.144.2.",УСРСБ ПК373 АВ,4648
255383,Пожарная охрана,Состояние УИР-Р,"645-1.1.145.2.",УСРСБ ПК400 АВ,4648
255385,Пожарная охрана,Состояние УИР-Р,"645-1.1.146.2.",УСРСБ ПК423 АВ,4648
255387,Пожарная охрана,Состояние УИР-Р,"645-1.1.147.2.",УСРСБ ПК440 АВ,4648
255389,Пожарная охрана,Состояние УИР-Р,"645-1.1.148.2.",УСРСБ ПК464 АВ,4648
255391,Пожарная охрана,Состояние УИР-Р,"645-1.1.149.2.",УСРСБ ПК481 АВ,4648
255393,Пожарная охрана,Состояние УИР-Р,"645-1.1.150.2.",УСРСБ ПК502 АВ,4648
255395,Пожарная охрана,Состояние УИР-Р,"645-1.1.151.2.",УСРСБ ПК522 АВ,4648
162855,Охранная подсистема,КД АВ,"645-1.1.26.3.",КД АВ ПК400+2,4648
256108,Пожарная охрана,Датчик дыма,"645-1.1.156.8.",ДД ПК400(4шт)1-4эт.,4648
256109,Пожарная охрана,Датчик дыма,"645-1.1.156.9.",ДД ПК400(4шт)1-4эт.,4648
302194,Пожарная охрана,Датчик дыма,"645-1.1.168.9.",ДД ПК464 (4шт)1-4эт.,4648
302193,Пожарная охрана,Датчик дыма,"645-1.1.168.8.",ДД ПК464 (4шт)1-4эт.,4648
302195,Пожарная охрана,Датчик дыма,"645-1.1.169.8.",ДД ПК482 (4шт)1-4эт.,4648
302196,Пожарная охрана,Датчик дыма,"645-1.1.169.9.",ДД ПК482(4шт) 1-4эт.,4648
302198,Пожарная охрана,Датчик дыма,"645-1.1.170.9.",ДД ПК502(4шт)1-4эт.,4648
302197,Пожарная охрана,Датчик дыма,"645-1.1.170.8.",ДД ПК502(4шт)1-4эт.,4648
302199,Пожарная охрана,Датчик дыма,"645-1.1.171.8.",ДД ПК423(4шт)1-3эт.,4648
302200,Пожарная охрана,Датчик дыма,"645-1.1.171.9.",ДД ПК423(4шт)1-3эт.,4648
302189,Пожарная охрана,Датчик дыма,"645-1.1.28.10.",ДД ПК440(3шт) 1-3 эт.,4648
302190,Пожарная охрана,Датчик дыма,"645-1.1.28.11.",ДД ПК440(3шт) 1-3эт.,4648
302191,Пожарная охрана,Датчик дыма,"645-1.1.29.8.",ДД ПК440 э/щ,4648
302192,Пожарная охрана,Датчик дыма,"645-1.1.29.9.",ДД ПК440 э/щ,4648
302187,Пожарная охрана,Датчик дыма,"645-1.1.21.8.",ДД ПК305 э.щ.,4648
302188,Пожарная охрана,Датчик дыма,"645-1.1.21.9.",ДД ПК305 э.щ.,4648
302185,Пожарная охрана,Датчик дыма,"645-1.1.5.8.",ДД ПК55 э/щ,4648
302186,Пожарная охрана,Датчик дыма,"645-1.1.5.9.",ДД ПК55 э/щ,4648
144901,Охранная подсистема,КД Дверь,"508-1.1.85.5.",КД шкаф оптика ДП,4763
144872,Охранная подсистема,КД Дверь,"508-1.1.57.3.",КД Г ДП ПК5 шкаф ДУ и АКМ ДП,4763
144871,Охранная подсистема,КД Дверь,"508-1.1.57.2.",КД Г ДП ПК5 шкаф ОПС ДП,4763
144868,Охранная подсистема,КД Дверь,"508-1.1.56.5.",КД шкаф ДУ и АКМ ПК300,4763
144864,Охранная подсистема,КД Дверь,"508-1.1.56.1.",КД шкаф ОПС ПК300,4763
178331,Диспетчерский контроль,Состояние охраны,"508-1.1.4096.3.",Охранная зона Шкаф ОПС,4763
210314,Охранная подсистема,КД Дверь,"508-1.1.140.1.",КД шкаф ОПС ПК180,4763
263408,Охранная подсистема,КД Дверь,"508-1.1.176.8.",КД шкаф ОПС,4763
222047,Диагностическая подсистема,ИБП,"508-1.1.172.1.",ББП ПК300 щит.,4763
144874,Диагностическая подсистема,ИБП,"508-1.1.60.1.",ББП Г ДП ПК5,4763
144875,Диагностическая подсистема,ИБП,"508-1.1.61.1.",ББП ПК180 щит. Гариб.,4763
316174,Диагностическая подсистема,ИБП,"15-11.1.220.1.",ББП Гаг.Тон.Шкаф ОПС ДП,4765
120273,Охранная подсистема,КД Дверь,"15-10.1.60.4.",Д/П ШКАФ ОПС,4765
120271,Охранная подсистема,КД Дверь,"15-10.1.60.2.",Д/П Шкаф оптика,4765
120624,Охранная подсистема,КД Дверь,"15-11.1.149.1.",КД Шкаф ОПС щит.ПК28,4765
157261,Диагностическая подсистема,ИБП,"15-11.1.207.1.",ББП щит. ПК28 Донской,4765
120283,Диагностическая подсистема,ИБП,"15-10.1.63.1.",ББП ДП,4765
120118,Диспетчерский контроль,Состояние охраны,"15-10.1.4096.2.",[Охранная зона]2: ДП Шкаф ОПС,4765
3070,Охранная подсистема,КД Дверь,"16-1.1.100.1.",КД шкаф ОПС ДП,4767
3060,Охранная подсистема,КД Дверь,"16-1.1.93.6.",КД шкаф ОПС ПК254,4767
3043,Охранная подсистема,КД Дверь,"16-1.1.85.3.",КД шкаф ОПС ПК321,4767
171363,Охранная подсистема,КД Дверь,"16-1.1.100.4.",КД шкаф оптический ДП,4767
3018,Охранная подсистема,КД Дверь,"16-1.1.76.1.",КД шкаф ОПС щит. ПК24 Ломонос.,4767
9328,Диспетчерский контроль,Состояние охраны,"16-1.1.4096.4.",Охранная зона Шкаф ОПС,4767
236727,Охранная подсистема,КД Дверь,"854-1.1.1.2.",КД шкаф ДУ №1 ПК451 ДП,4767
236731,Охранная подсистема,КД Дверь,"854-1.1.2.2.",КД шкаф ОПС ДУ №2 ПК254 щит.,4767
3126,Диагностическая подсистема,ИБП,"16-1.1.138.1.",ББП ПК24 Ломонос.,4767
3129,Диагностическая подсистема,ИБП,"16-1.1.141.1.",ББП ПК254,4767
3128,Диагностическая подсистема,ИБП,"16-1.1.140.1.",ББП ПК321,4767
236728,Диагностическая подсистема,ИБП,"854-1.1.1.3.",АКБ шкаф ДУ №1 ПК451 ДП,4767
3127,Диагностическая подсистема,ИБП,"16-1.1.139.1.",ББП ОПС ДП,4767
331967,Диагностическая подсистема,ИБП,"414-1.1.8.3.",ББП ДП Работа от батареи,4768
114003,Охранная подсистема,КД Дверь,"414-1.1.6.3.",КД шкаф1 ОПС ДП,4768
178332,Диспетчерский контроль,Состояние охраны,"414-1.1.4096.5.",Охранная зона Шкаф ОПС,4768
217386,Охранная подсистема,КД Дверь,"414-1.1.7.3.",КД шкаф2 ОПС ДП,4768
196824,Диспетчерский контроль,Состояние охраны,"798-1.1.4096.6.",[Охранная зона]4: 4: Шкаф ОПС,4770
197031,Диагностическая подсистема,ИБП,"798-1.1.104.0.",ББП ДП ,4770
197001,Охранная подсистема,КД Дверь,"798-1.1.79.1.",КД шкаф ОПС ДП,4770
227490,Диспетчерский контроль,Состояние фазы,"645-1.1.60.2.",ФРО1 ПК168+30 щит.,5003
227491,Диспетчерский контроль,Состояние фазы,"645-1.1.60.3.",ФРО2 ПК168+30 щит.,5003
227492,Диспетчерский контроль,Переключатель,"645-1.1.60.8.",Управление ФРО1 ПК168+30 щит.,5003
227493,Диспетчерский контроль,Переключатель,"645-1.1.60.9.",Управление ФРО2 ПК168+30 щит.,5003
227494,Диспетчерский контроль,Состояние фазы,"645-1.1.61.2.",ФАО1 ПК168+30 щит.,5003
227495,Диспетчерский контроль,Состояние фазы,"645-1.1.61.3.",ФАО2 ПК168+30 щит.,5003
227496,Диспетчерский контроль,Переключатель,"645-1.1.61.8.",Управление ФАО1 ПК168+30 щит.,5003
227497,Диспетчерский контроль,Переключатель,"645-1.1.61.9.",Управление ФАО2 ПК168+30 щит.,5003
227498,Диспетчерский контроль,Состояние фазы,"645-1.1.62.2.",ФАНС1 ПК168+30 щит.,5003
227501,Диспетчерский контроль,Переключатель,"645-1.1.62.8.",Управление ФАНС1 ПК168+30 щит.,5003
227499,Диспетчерский контроль,Состояние фазы,"645-1.1.62.3.",ЩАП-23 ПК168 ДП щит Ввод1,5003
227500,Диспетчерский контроль,Состояние фазы,"645-1.1.62.4.",ЩАП-23 ПК168 ДП щит Ввод2,5003
227482,Диспетчерский контроль,Состояние фазы,"645-1.1.58.2.",ФВ3 ПК168+30 щит.,5003
227483,Диспетчерский контроль,Состояние фазы,"645-1.1.58.3.",ФВ4 ПК168+30 щит.,5003
227484,Диспетчерский контроль,Переключатель,"645-1.1.58.8.",Управление ФВ3 ПК168+30 щит.,5003
227485,Диспетчерский контроль,Переключатель,"645-1.1.58.9.",Управление ФВ4 ПК168+30 щит.,5003
227487,Диспетчерский контроль,Состояние фазы,"645-1.1.59.3.",ФВ5 ПК168+30 щит.,5003
227489,Диспетчерский контроль,Переключатель,"645-1.1.59.9.",Управление ФВ5 ПК168+30 щит.,5003
227192,Диспетчерский контроль,Состояние фазы,"645-1.1.64.2.",ФВ7 ПК305 щит,5003
227193,Диспетчерский контроль,Состояние фазы,"645-1.1.64.3.",ФВ8 ПК305 щит,5003
227194,Диспетчерский контроль,Переключатель,"645-1.1.64.8.",Управление ФВ7 ПК305 щит,5003
227195,Диспетчерский контроль,Переключатель,"645-1.1.64.9.",Управление ФВ8 ПК305 щит,5003
227204,Диспетчерский контроль,Состояние фазы,"645-1.1.67.2.",ФАНС1 ПК305 щит,5003
227205,Диспетчерский контроль,Состояние фазы,"645-1.1.67.3.",ФАНС2 ПК305 щит,5003
227206,Диспетчерский контроль,Переключатель,"645-1.1.67.8.",Управление ФАНС1 ПК305 щит,5003
227207,Диспетчерский контроль,Переключатель,"645-1.1.67.9.",Управление ФАНС2 ПК305 щит,5003
227208,Диспетчерский контроль,Состояние фазы,"645-1.1.68.2.",ФАО1 ПК305 щит,5003
227209,Диспетчерский контроль,Состояние фазы,"645-1.1.68.3.",ФАО2 ПК305 щит,5003
227210,Диспетчерский контроль,Переключатель,"645-1.1.68.8.",Управление ФАО1 ПК305 щит,5003
227211,Диспетчерский контроль,Переключатель,"645-1.1.68.9.",Управление ФАО2 ПК305 щит,5003
227196,Диспетчерский контроль,Состояние фазы,"645-1.1.65.2.",ФВ5 ПК305 щит  ,5003
227197,Диспетчерский контроль,Состояние фазы,"645-1.1.65.3.",ФВ6 ПК305 щит,5003
227198,Диспетчерский контроль,Переключатель,"645-1.1.65.8.",Управление ФВ5 ПК305 щит,5003
227199,Диспетчерский контроль,Переключатель,"645-1.1.65.9.",Управление ФВ6 ПК305 щит,5003
227200,Диспетчерский контроль,Состояние фазы,"645-1.1.66.2.",ФВ1 ПК305 щит,5003
227201,Диспетчерский контроль,Состояние фазы,"645-1.1.66.3.",ФВ3 ПК305 щит,5003
227202,Диспетчерский контроль,Переключатель,"645-1.1.66.8.",Управление ФВ1 ПК305 щит,5003
227203,Диспетчерский контроль,Переключатель,"645-1.1.66.9.",Управление ФВ3 ПК305 щит,5003
227188,Диспетчерский контроль,Состояние фазы,"645-1.1.63.2.",ФВ2 ПК305 щит,5003
227189,Диспетчерский контроль,Состояние фазы,"645-1.1.63.3.",ФВ4 ПК305 щит,5003
227190,Диспетчерский контроль,Переключатель,"645-1.1.63.8.",Управление ФВ2 ПК305 щит,5003
227191,Диспетчерский контроль,Переключатель,"645-1.1.63.9.",Управление ФВ4 ПК305 щит,5003
227503,Диспетчерский контроль,Состояние фазы,"645-1.1.69.3.",ЩАП-23 ПК305 щит Ввод1,5003
227504,Диспетчерский контроль,Состояние фазы,"645-1.1.69.4.",ЩАП-23 ПК305 щит Ввод2,5003
227212,Диспетчерский контроль,Состояние фазы,"645-1.1.69.2.",ФРО1 ПК305 щит,5003
227213,Диспетчерский контроль,Переключатель,"645-1.1.69.8.",Управление ФРО1 ПК305 щит ,5003
227215,Диспетчерский контроль,Состояние фазы,"645-1.1.70.2.",ФВ5 ПК440 щит,5003
227216,Диспетчерский контроль,Состояние фазы,"645-1.1.70.3.",ФВ6 ПК440 щит,5003
227217,Диспетчерский контроль,Переключатель,"645-1.1.70.8.",Управление ФВ5 ПК440 щит,5003
227218,Диспетчерский контроль,Переключатель,"645-1.1.70.9.",Управление ФВ6 ПК440 щит,5003
227232,Диспетчерский контроль,Состояние фазы,"645-1.1.74.3.",ФАО2 ПК440 щит,5003
227234,Диспетчерский контроль,Переключатель,"645-1.1.74.9.",Управление ФАО2 ПК440 щит,5003
227231,Диспетчерский контроль,Состояние фазы,"645-1.1.74.2.",ФВ2 ПК440 щит,5003
227233,Диспетчерский контроль,Переключатель,"645-1.1.74.8.",Управление ФВ2 ПК440 щит,5003
227219,Диспетчерский контроль,Состояние фазы,"645-1.1.71.2.",ФВ4 ПК440 щит,5003
227220,Диспетчерский контроль,Состояние фазы,"645-1.1.71.3.",ФВ7 ПК440 щит,5003
227221,Диспетчерский контроль,Переключатель,"645-1.1.71.8.",Управление ФВ4 ПК440 щит,5003
227222,Диспетчерский контроль,Переключатель,"645-1.1.71.9.",Управление ФВ7 ПК440 щит,5003
227223,Диспетчерский контроль,Состояние фазы,"645-1.1.72.2.",ФРО1 ПК440 щит,5003
227224,Диспетчерский контроль,Состояние фазы,"645-1.1.72.3.",ФРО2 ПК440 щит,5003
227225,Диспетчерский контроль,Переключатель,"645-1.1.72.8.",Управление ФРО1 ПК440 щит,5003
227226,Диспетчерский контроль,Переключатель,"645-1.1.72.9.",Управление ФРО2 ПК440 щит,5003
227235,Диспетчерский контроль,Состояние фазы,"645-1.1.75.2.",ФВ8 ПК440 щит,5003
227238,Диспетчерский контроль,Переключатель,"645-1.1.75.8.",Управление ФВ8 ПК440 щит,5003
227236,Диспетчерский контроль,Состояние фазы,"645-1.1.75.3.",ЩАП-23 ПК440 щит Ввод1,5003
227237,Диспетчерский контроль,Состояние фазы,"645-1.1.75.4.",ЩАП-23 ПК440 щит Ввод2,5003
227228,Диспетчерский контроль,Состояние фазы,"645-1.1.73.3.",ФАНС1 ПК440 щит,5003
227227,Диспетчерский контроль,Состояние фазы,"645-1.1.73.2.",ФАО1 ПК440 щит,5003
227229,Диспетчерский контроль,Переключатель,"645-1.1.73.8.",Управление ФАО1 ПК440 щит,5003
227230,Диспетчерский контроль,Переключатель,"645-1.1.73.9.",Управление ФАНС1 ПК440 щит,5003
215889,Диспетчерский контроль,Переключатель,"645-1.1.108.8.",Управление В27 ПК440,5003
215887,Диспетчерский контроль,Состояние вентилятора,"645-1.1.108.4.",В27 ПК440,5003
215886,Диспетчерский контроль,Состояние фазы,"645-1.1.108.2.",ГРО27 ПК440,5003
227508,Диспетчерский контроль,Состояние фазы,"645-1.1.108.3.",ГРО28 ПК440,5003
215891,Диспетчерский контроль,Состояние насоса,"645-1.1.109.2.",Н1 ПК440 ,5003
215892,Диспетчерский контроль,Состояние насоса,"645-1.1.109.5.",Н2 ПК440,5003
215894,Диспетчерский контроль,Состояние насоса,"645-1.1.110.2.",Н3 ПК440,5003
215896,Диспетчерский контроль,Состояние вентилятора,"645-1.1.111.2.",В28 ПК464,5003
215898,Диспетчерский контроль,Переключатель,"645-1.1.111.8.",Управление В28 ПК464,5003
227509,Диспетчерский контроль,Состояние фазы,"645-1.1.111.3.",ГРО29 ПК464,5003
215905,Диспетчерский контроль,Состояние насоса,"645-1.1.113.2.",Н1 ПК481  ,5003
215900,Диспетчерский контроль,Состояние вентилятора,"645-1.1.112.2.",В29 ПК481,5003
215903,Диспетчерский контроль,Переключатель,"645-1.1.112.8.",Управление В29 ПК481,5003
227511,Диспетчерский контроль,Состояние фазы,"645-1.1.112.6.",ГРО30 ПК481,5003
227513,Диспетчерский контроль,Состояние вентилятора,"645-1.1.114.3.",В30 ПК502,5003
215910,Диспетчерский контроль,Переключатель,"645-1.1.114.8.",Управление В30 ПК502,5003
215908,Диспетчерский контроль,Состояние фазы,"645-1.1.114.2.",ГРО31 ПК502,5003
215912,Диспетчерский контроль,Состояние вентилятора,"645-1.1.115.2.",В31 ПК521,5003
215915,Диспетчерский контроль,Переключатель,"645-1.1.115.8.",Управление В31 ПК521,5003
227507,Диспетчерский контроль,Состояние вентилятора,"645-1.1.107.3.",В26 ПК423,5003
215884,Диспетчерский контроль,Переключатель,"645-1.1.107.8.",Управление В26 ПК423,5003
215882,Диспетчерский контроль,Состояние фазы,"645-1.1.107.2.",ГРО26 ПК423,5003
215880,Диспетчерский контроль,Состояние фазы,"645-1.1.106.2.",ГРО25 ПК400,5003
215873,Диспетчерский контроль,Состояние фазы,"645-1.1.104.4.",ГРО23 ПК374,5003
215875,Диспетчерский контроль,Переключатель,"645-1.1.104.8.",Управление В24 ПК373,5003
215877,Диспетчерский контроль,Состояние вентилятора,"645-1.1.105.2.",В25 ПК388,5003
215878,Диспетчерский контроль,Переключатель,"645-1.1.105.8.",Управление В25 ПК388,5003
230889,Диспетчерский контроль,Состояние фазы,"645-1.1.105.4.",ГРО24 ПК374,5003
215869,Диспетчерский контроль,Состояние вентилятора,"645-1.1.103.2.",В23 ПК359,5003
215870,Диспетчерский контроль,Переключатель,"645-1.1.103.8.",Управление В23 ПК359,5003
178264,Диспетчерский контроль,Состояние фазы,"645-1.1.52.2.",ФВ1 ПК440 щит,5003
227214,Диспетчерский контроль,Состояние фазы,"645-1.1.52.3.",ФВ3 ПК440 щит,5003
178267,Диспетчерский контроль,Переключатель,"645-1.1.52.9.",Управление ФВ1 ПК440 щит,5003
178266,Диспетчерский контроль,Переключатель,"645-1.1.52.8.",Управление ФВ3 ПК440 щит,5003
178254,Диспетчерский контроль,Состояние фазы,"645-1.1.50.2.",ФВ1 ПК168+30 щит.,5003
227481,Диспетчерский контроль,Состояние фазы,"645-1.1.50.3.",ФВ2 ПК168+30 щит.,5003
178256,Диспетчерский контроль,Переключатель,"645-1.1.50.8.",Управление ФВ1 ПК168+30 щит.,5003
178257,Диспетчерский контроль,Переключатель,"645-1.1.50.9.",Управление ФВ2 ПК168+30 щит.,5003
178259,Диспетчерский контроль,Состояние фазы,"645-1.1.51.2.",ФРО2 ПК305 щит,5003
178261,Диспетчерский контроль,Переключатель,"645-1.1.51.8.",Управление ФРО2 ПК305 щит,5003
178249,Диспетчерский контроль,Состояние фазы,"645-1.1.49.2.",ФРО1 ПК55 щит.,5003
227458,Диспетчерский контроль,Состояние фазы,"645-1.1.49.4.",ФРО2 ПК55 щит.,5003
178251,Диспетчерский контроль,Переключатель,"645-1.1.49.8.",Управление ФРО1 ПК55 щит.,5003
178252,Диспетчерский контроль,Переключатель,"645-1.1.49.9.",Управление ФРО2 ПК55 щит.,5003
227477,Диспетчерский контроль,Состояние фазы,"645-1.1.57.4.",ЩАП-23 ПК55 щит Ввод1,5003
227478,Диспетчерский контроль,Состояние фазы,"645-1.1.57.5.",ЩАП-23 ПК55 щит Ввод2,5003
227476,Диспетчерский контроль,Состояние фазы,"645-1.1.57.3.",ФАНС1 ПК55 щит.,5003
227480,Диспетчерский контроль,Переключатель,"645-1.1.57.9.",Управление ФАНС ПК55 щит.,5003
227475,Диспетчерский контроль,Состояние фазы,"645-1.1.57.2.",ФВ7 ПК55 щит.,5003
227479,Диспетчерский контроль,Переключатель,"645-1.1.57.8.",Управление ФВ7 ПК55 щит.,5003
227467,Диспетчерский контроль,Состояние фазы,"645-1.1.55.2.",ФВ1 ПК55 щит.,5003
227468,Диспетчерский контроль,Состояние фазы,"645-1.1.55.3.",ФВ5 ПК55 щит.,5003
227469,Диспетчерский контроль,Переключатель,"645-1.1.55.8.",Управление ФВ1 ПК55 щит.,5003
227470,Диспетчерский контроль,Переключатель,"645-1.1.55.9.",Управление ФВ5 ПК55 щит.,5003
227471,Диспетчерский контроль,Состояние фазы,"645-1.1.56.2.",ФАО2 ПК55 щит.,5003
227473,Диспетчерский контроль,Переключатель,"645-1.1.56.8.",Управление ФАО2 ПК55 щит.,5003
227459,Диспетчерский контроль,Состояние фазы,"645-1.1.53.2.",ФВ4 ПК55 щит.,5003
227460,Диспетчерский контроль,Состояние фазы,"645-1.1.53.4.",ФВ6 ПК55 щит.,5003
227461,Диспетчерский контроль,Переключатель,"645-1.1.53.8.",Управление ФВ4 ПК55 щит.,5003
227462,Диспетчерский контроль,Переключатель,"645-1.1.53.9.",Управление ФВ6 ПК55 щит.,5003
227464,Диспетчерский контроль,Состояние фазы,"645-1.1.54.4.",ФАО1 ПК55 щит.,5003
227466,Диспетчерский контроль,Переключатель,"645-1.1.54.9.",Управление ФАО1 ПК55 щит.,5003
230881,Диспетчерский контроль,Состояние фазы,"645-1.1.80.4.",ГРО3 ПК55,5003
230882,Диспетчерский контроль,Состояние фазы,"645-1.1.80.5.",ГРО4 ПК55,5003
215784,Диспетчерский контроль,Переключатель,"645-1.1.80.8.",Управление В4 ПК55,5003
215783,Диспетчерский контроль,Состояние вентилятора,"645-1.1.80.2.",В4 ПК55,5003
215781,Диспетчерский контроль,Состояние насоса,"645-1.1.79.2.",Н3 ПК34,5003
230880,Диспетчерский контроль,Состояние фазы,"645-1.1.79.5.",ГРО2 ПК35,5003
215773,Диспетчерский контроль,Состояние вентилятора,"645-1.1.77.2.",В2 ПК34,5003
215775,Диспетчерский контроль,Переключатель,"645-1.1.77.8.",Управление В2 ПК34,5003
215776,Диспетчерский контроль,Переключатель,"645-1.1.77.9.",Управление В3 ПК34,5003
215778,Диспетчерский контроль,Состояние насоса,"645-1.1.78.2.",Н1 ПК34,5003
215779,Диспетчерский контроль,Состояние насоса,"645-1.1.78.5.",Н2 ПК34,5003
215859,Диспетчерский контроль,Состояние вентилятора,"645-1.1.100.4.",В21 ПК341,5003
215858,Диспетчерский контроль,Состояние вентилятора,"645-1.1.100.2.",В22 ПК341,5003
215860,Диспетчерский контроль,Состояние фазы,"645-1.1.100.6.",ГРО22 ПК341,5003
215862,Диспетчерский контроль,Переключатель,"645-1.1.100.9.",Управление В21 ПК341,5003
215861,Диспетчерский контроль,Переключатель,"645-1.1.100.8.",Управление В22 ПК341,5003
215864,Диспетчерский контроль,Состояние насоса,"645-1.1.101.2.",Н1 ПК341,5003
215865,Диспетчерский контроль,Состояние насоса,"645-1.1.101.5.",Н2 ПК341,5003
215867,Диспетчерский контроль,Состояние насоса,"645-1.1.102.2.",Н3 ПК341,5003
215854,Диспетчерский контроль,Состояние вентилятора,"645-1.1.99.2.",В20 ПК324,5003
215856,Диспетчерский контроль,Переключатель,"645-1.1.99.8.",Управление В20 ПК324,5003
215851,Диспетчерский контроль,Состояние фазы,"645-1.1.98.2.",ГРО19 ПК305,5003
215852,Диспетчерский контроль,Состояние фазы,"645-1.1.98.3.",ГРО20 ПК305,5003
215847,Диспетчерский контроль,Состояние вентилятора,"645-1.1.97.2.",В19 ПК291,5003
215849,Диспетчерский контроль,Переключатель,"645-1.1.97.8.",Управление В19 ПК291,5003
215848,Диспетчерский контроль,Состояние фазы,"645-1.1.97.4.",ГРО18 ПК291,5003
215843,Диспетчерский контроль,Состояние вентилятора,"645-1.1.96.2.",В18 ПК276,5003
230888,Диспетчерский контроль,Состояние фазы,"645-1.1.96.5.",ГРО17 ПК276,5003
215845,Диспетчерский контроль,Переключатель,"645-1.1.96.8.",Управление В18 ПК276,5003
215841,Диспетчерский контроль,Состояние насоса,"645-1.1.95.2.",Н3 ПК262,5003
215838,Диспетчерский контроль,Состояние насоса,"645-1.1.94.2.",Н1 ПК262,5003
215839,Диспетчерский контроль,Состояние насоса,"645-1.1.94.5.",Н2 ПК262,5003
215833,Диспетчерский контроль,Состояние вентилятора,"645-1.1.93.4.",В16 ПК262,5003
215832,Диспетчерский контроль,Состояние вентилятора,"645-1.1.93.2.",В17 ПК262,5003
215836,Диспетчерский контроль,Переключатель,"645-1.1.93.9.",Управление В16 ПК262 ,5003
215835,Диспетчерский контроль,Переключатель,"645-1.1.93.8.",Управление В17 ПК262 ,5003
215834,Диспетчерский контроль,Состояние фазы,"645-1.1.93.6.",ГРО16 ПК262,5003
215827,Диспетчерский контроль,Состояние вентилятора,"645-1.1.92.2.",В15 ПК248,5003
215830,Диспетчерский контроль,Переключатель,"645-1.1.92.8.",Управление В15 ПК248,5003
215829,Диспетчерский контроль,Состояние фазы,"645-1.1.92.4.",ГРО15 ПК248,5003
215825,Диспетчерский контроль,Состояние фазы,"645-1.1.91.2.",ГРО14 ПК228,5003
215819,Диспетчерский контроль,Состояние вентилятора,"645-1.1.89.2.",В14 ПК213,5003
227505,Диспетчерский контроль,Переключатель,"645-1.1.89.8.",Управление В14 ПК213,5003
215823,Диспетчерский контроль,Состояние насоса,"645-1.1.90.5.",Н2 ПК213,5003
230887,Диспетчерский контроль,Состояние фазы,"645-1.1.88.3.",ГРО13 ПК197+5,5003
230885,Диспетчерский контроль,Состояние вентилятора,"645-1.1.87.5.",В13 ПК198,5003
215812,Диспетчерский контроль,Состояние вентилятора,"645-1.1.87.2.",В12 ПК185,5003
215814,Диспетчерский контроль,Переключатель,"645-1.1.87.8.",Управление В12 ПК185,5003
230886,Диспетчерский контроль,Переключатель,"645-1.1.87.9.",Управление В13 ПК198,5003
215813,Диспетчерский контроль,Состояние фазы,"645-1.1.87.4.",ГРО12 ПК185,5003
215805,Диспетчерский контроль,Состояние вентилятора,"645-1.1.86.2.",В10 ПК168,5003
215806,Диспетчерский контроль,Состояние вентилятора,"645-1.1.86.4.",В11 ПК168,5003
215809,Диспетчерский контроль,Переключатель,"645-1.1.86.8.",Управление В10 ПК168,5003
215810,Диспетчерский контроль,Переключатель,"645-1.1.86.9.",Управление В11 ПК168,5003
215807,Диспетчерский контроль,Состояние фазы,"645-1.1.86.6.",ГРО10 ПК168,5003
215808,Диспетчерский контроль,Состояние фазы,"645-1.1.86.7.",ГРО11 ПК168,5003
215801,Диспетчерский контроль,Состояние вентилятора,"645-1.1.85.2.",В9 ПК154,5003
215803,Диспетчерский контроль,Переключатель,"645-1.1.85.8.",Управление В9 ПК154,5003
215802,Диспетчерский контроль,Состояние фазы,"645-1.1.85.4.",ГРО9 ПК154,5003
215769,Диспетчерский контроль,Состояние вентилятора,"645-1.1.76.2.",В1 ПК15,5003
215771,Диспетчерский контроль,Переключатель,"645-1.1.76.8.",Управление В1 ПК15,5003
215770,Диспетчерский контроль,Состояние фазы,"645-1.1.76.4.",ГРО1 ПК15,5003
230884,Диспетчерский контроль,Состояние фазы,"645-1.1.84.4.",ГРО8 ПК136,5003
215798,Диспетчерский контроль,Состояние вентилятора,"645-1.1.84.2.",В8 ПК136,5003
215794,Диспетчерский контроль,Состояние вентилятора,"645-1.1.83.2.",В7 ПК103,5003
215795,Диспетчерский контроль,Состояние фазы,"645-1.1.83.4.",ГРО7 ПК103,5003
215796,Диспетчерский контроль,Переключатель,"645-1.1.83.8.",Управление В7 ПК103,5003
215786,Диспетчерский контроль,Состояние вентилятора,"645-1.1.81.2.",В5 ПК74,5003
215788,Диспетчерский контроль,Переключатель,"645-1.1.81.8.",Управление В5 ПК74,5003
215787,Диспетчерский контроль,Состояние фазы,"645-1.1.81.4.",ГРО5 ПК75,5003
215790,Диспетчерский контроль,Состояние вентилятора,"645-1.1.82.2.",В6 ПК93,5003
215791,Диспетчерский контроль,Состояние фазы,"645-1.1.82.4.",ГРО6 ПК93,5003
230883,Диспетчерский контроль,Переключатель,"645-1.1.82.9.",Управление В6 ПК93,5003
196139,Газовая охрана,Газовый датчик,"553-2.1.1.2.1.",Газ зона 1 Д1-10 ПК0-55,5003
196140,Газовая охрана,Газовый датчик,"553-2.1.1.2.2.",Газ зона 2 Д11-21 ПК55-115,5003
196141,Газовая охрана,Газовый датчик,"553-2.1.1.2.3.",Газ зона 3 Д22-33 ПК115-165,5003
196142,Газовая охрана,Газовый датчик,"553-2.1.1.2.4.",Газ зона 4 Д34-43 ПК168-213,5003
196143,Газовая охрана,Газовый датчик,"553-2.1.1.2.5.",Газ зона 5 Д44-63 ПК213-305,5003
196144,Газовая охрана,Газовый датчик,"553-2.1.1.2.6.",Газ зона 6 Д64-72 ПК305-358,5003
196145,Газовая охрана,Газовый датчик,"553-2.1.1.2.7.",Газ зона 7 Д73-87 ПК359-438,5003
196146,Газовая охрана,Газовый датчик,"553-2.1.1.2.8.",Газ зона 8 Д88-101 ПК440-522,5003
196205,Диспетчерский контроль,Состояние фазы,"553-2.1.1.2.16.",Наличие 12В,5003
196147,Диспетчерский контроль,Состояние фазы,"553-2.1.1.2.11.",Питание ПУИ1 в ДП,5003
196148,Диспетчерский контроль,Состояние фазы,"553-2.1.1.2.12.",Питание ПУИ2 в ДП,5003
196149,Диспетчерский контроль,Состояние фазы,"553-2.1.1.2.13.",Питание ПУИ3 в ДП,5003
196150,Диспетчерский контроль,Состояние фазы,"553-2.1.1.2.14.",Питание ПУИ4 в ДП,5003
215799,Диспетчерский контроль,Переключатель,"645-1.1.84.8.",Управление В8 ПК136,5003
215774,Диспетчерский контроль,Состояние вентилятора,"645-1.1.77.4.",В3 ПК34,5003
215872,Диспетчерский контроль,Состояние вентилятора,"645-1.1.104.2.",В24 ПК373,5003
215855,Диспетчерский контроль,Состояние фазы,"645-1.1.99.4.",ГРО21 ПК324,5003
215822,Диспетчерский контроль,Состояние насоса,"645-1.1.90.2.",Н1 ПК213,5003
215820,Диспетчерский контроль,Состояние насоса,"645-1.1.89.4.",Н3 ПК213,5003
215914,Диспетчерский контроль,Состояние насоса,"645-1.1.115.5.",Н3 ПК522 ,5003
215917,Диспетчерский контроль,Состояние насоса,"645-1.1.116.2.",Н1 ПК522,5003
215918,Диспетчерский контроль,Состояние насоса,"645-1.1.116.5.",Н2 ПК522,5003
227510,Диспетчерский контроль,Состояние насоса,"645-1.1.112.3.",Н3 ПК481,5003
215906,Диспетчерский контроль,Состояние насоса,"645-1.1.113.5.",Н2 ПК481,5003
227463,Диспетчерский контроль,Состояние фазы,"645-1.1.54.2.",ФВ2 ПК55 щит.,5003
227465,Диспетчерский контроль,Переключатель,"645-1.1.54.8.",Управление ФВ2 ПК55 щит.,5003
227474,Диспетчерский контроль,Переключатель,"645-1.1.56.9.",Управление ФВ3 ПК55 щит.,5003
227472,Диспетчерский контроль,Состояние фазы,"645-1.1.56.3.",ФВ3 ПК55 щит.,5003
225832,Охранная подсистема,КД Дверь,"257-6.1.208.1.",КД Шкаф ОПС ДП Академ.,5009
262856,Диагностическая подсистема,ИБП,"257-2.1.206.1.",ББП э/щ №2 ПК227,5009
316173,Диагностическая подсистема,ИБП,"257-2.1.207.1.",ББП э/щ №1 ПК77,5009
193228,Диагностическая подсистема,ИБП,"257-6.1.57.1.",ББП2 ДП ПС Академическая,5009
193449,Диагностическая подсистема,ИБП,"257-6.1.58.1.",ББП э/щ №4 ПК541,5009
178336,Диагностическая подсистема,ИБП,"257-2.1.205.1.",ББП1 ДП ПС Академическая (ДП Нов.Черёмушки),5009
337554,Диагностическая подсистема,ИБП,"257-1.1.153.2.",ББП ПК371 щит.,5009
179154,Диспетчерский контроль,Состояние вентилятора,"16-2.1.1.1.10.",В2 ПК24,5011
179155,Диспетчерский контроль,Состояние вентилятора,"16-2.1.1.1.11.",В3 ПК80,5011
179156,Диспетчерский контроль,Состояние вентилятора,"16-2.1.1.1.12.",В4 ПК80,5011
179157,Диспетчерский контроль,Состояние вентилятора,"16-2.1.1.1.13.",В11 ПК411,5011
179158,Диспетчерский контроль,Состояние вентилятора,"16-2.1.1.1.14.",В12 ПК411,5011
179159,Диспетчерский контроль,Состояние вентилятора,"16-2.1.1.1.15.",В13 ПК457,5011
179160,Диспетчерский контроль,Состояние вентилятора,"16-2.1.1.1.16.",В14 ПК457,5011
179149,Диспетчерский контроль,Состояние вентилятора,"16-2.1.1.1.5.",В7 ПК312,5011
179150,Диспетчерский контроль,Состояние вентилятора,"16-2.1.1.1.6.",В8 ПК312,5011
179151,Диспетчерский контроль,Состояние вентилятора,"16-2.1.1.1.7.",В9 ПК366,5011
179152,Диспетчерский контроль,Состояние вентилятора,"16-2.1.1.1.8.",В10 ПК366,5011
179153,Диспетчерский контроль,Состояние вентилятора,"16-2.1.1.1.9.",В1 ПК24,5011
179173,Диспетчерский контроль,Состояние фазы,"16-2.1.1.1.29.",ФАНС1 щитовая 3 ПК300,5011
179174,Диспетчерский контроль,Состояние фазы,"16-2.1.1.1.30.",ФАНС2 щитовая 2 ПК321,5011
179175,Диспетчерский контроль,Состояние фазы,"16-2.1.1.1.31.",ФАНС3 щитовая 5 Ломоносовский ПК24,5011
179176,Диспетчерский контроль,Состояние фазы,"16-2.1.1.1.32.",ФАНС4 щитовая 1 ПК451,5011
179170,Диспетчерский контроль,Состояние фазы,"16-2.1.1.1.26.",ФАО2 щитовая 2 ПК321,5011
179171,Диспетчерский контроль,Состояние фазы,"16-2.1.1.1.27.",ФАО3 щитовая 5 Ломоносовский ПК24,5011
179172,Диспетчерский контроль,Состояние фазы,"16-2.1.1.1.28.",ФАО4 щитовая 1 ПК451,5011
179162,Диспетчерский контроль,Состояние фазы,"16-2.1.1.1.18.",ФВ2 щитовая 2 ПК321,5011
179163,Диспетчерский контроль,Состояние фазы,"16-2.1.1.1.19.",ФВ3 щитовая 5 Ломоносовский ПК24,5011
179164,Диспетчерский контроль,Состояние фазы,"16-2.1.1.1.20.",ФВ4 щитовая 1 ПК451,5011
179166,Диспетчерский контроль,Состояние фазы,"16-2.1.1.1.22.",ФРО2 щитовая 2 ПК321,5011
179167,Диспетчерский контроль,Состояние фазы,"16-2.1.1.1.23.",ФРО3 щитовая 5 Ломоносовский ПК24 ,5011
179168,Диспетчерский контроль,Состояние фазы,"16-2.1.1.1.24.",ФРО4 щитовая 1 ПК451,5011
179209,Диспетчерский контроль,Состояние насоса,"16-2.1.1.3.3.",АНС1 Н1 ПК300 ,5011
179210,Диспетчерский контроль,Состояние насоса,"16-2.1.1.3.6.",АНС1 Н2 ПК300,5011
179211,Диспетчерский контроль,Состояние насоса,"16-2.1.1.3.9.",АНС1 Н3 ПК300,5011
179212,Диспетчерский контроль,Состояние насоса,"16-2.1.1.3.12.",АНС2 Н1 ПК366,5011
179213,Диспетчерский контроль,Состояние насоса,"16-2.1.1.3.15.",АНС2 Н2 ПК366,5011
179214,Диспетчерский контроль,Состояние насоса,"16-2.1.1.3.18.",АНС2 Н3 ПК366,5011
179218,Диспетчерский контроль,Состояние насоса,"16-2.1.1.3.30.",АНС4 Н1 ПК424 ,5011
179221,Диспетчерский контроль,Состояние насоса,"16-2.1.1.4.3.",АНС4 Н2 ПК424,5011
179222,Диспетчерский контроль,Состояние насоса,"16-2.1.1.4.6.",АНС4 Н3 ПК424,5011
179232,Диспетчерский контроль,Состояние фазы,"16-2.1.1.4.16.",ГРО10 ПК378-ПК24л,5011
179233,Диспетчерский контроль,Состояние фазы,"16-2.1.1.4.17.",ГРО11 ПК24л-ПК51л,5011
179234,Диспетчерский контроль,Состояние фазы,"16-2.1.1.4.18.",ГРО12 ПК51л-ПК80л,5011
179235,Диспетчерский контроль,Состояние фазы,"16-2.1.1.4.19.",ГРО13 ПК80л-ПК108л,5011
179236,Диспетчерский контроль,Состояние фазы,"16-2.1.1.4.20.",ГРО14 ПК378-ПК399,5011
179237,Диспетчерский контроль,Состояние фазы,"16-2.1.1.4.21.",ГРО15 ПК399 гал,5011
179238,Диспетчерский контроль,Состояние фазы,"16-2.1.1.4.22.",ГРО16 ПК399-ПК424,5011
179239,Диспетчерский контроль,Состояние фазы,"16-2.1.1.4.23.",ГРО17 ПК424 гал,5011
179240,Диспетчерский контроль,Состояние фазы,"16-2.1.1.4.24.",ГРО18 ПК424-ПК451,5011
179241,Диспетчерский контроль,Состояние фазы,"16-2.1.1.4.25.",ГРО19 ПК451 гал,5011
179242,Диспетчерский контроль,Состояние фазы,"16-2.1.1.4.26.",ГРО20 ПК451-ПК469,5011
179243,Диспетчерский контроль,Состояние фазы,"16-2.1.1.4.27.",ГРО21 ПК469-ПК484,5011
179244,Диспетчерский контроль,Состояние фазы,"16-2.1.1.4.28.",ГРО22 ПК484-ПК507,5011
179228,Диспетчерский контроль,Состояние фазы,"16-2.1.1.4.12.",ГРО6 ПК297-ПК321 ,5011
179229,Диспетчерский контроль,Состояние фазы,"16-2.1.1.4.13.",ГРО7 ПК321-ПК351,5011
179230,Диспетчерский контроль,Состояние фазы,"16-2.1.1.4.14.",ГРО8 ПК351-ПК366,5011
179231,Диспетчерский контроль,Состояние фазы,"16-2.1.1.4.15.",ГРО9 ПК366-ПК378,5011
179387,Диспетчерский контроль,Переключатель,"16-2.1.2.11.",Управление В2 ПК24,5011
179386,Диспетчерский контроль,Переключатель,"16-2.1.2.10.",Управление В3 ПК80,5011
179385,Диспетчерский контроль,Переключатель,"16-2.1.2.9.",Управление В4 ПК80,5011
179392,Диспетчерский контроль,Переключатель,"16-2.1.2.16.",Управление В11 ПК411,5011
179391,Диспетчерский контроль,Переключатель,"16-2.1.2.15.",Управление В12 ПК411,5011
179390,Диспетчерский контроль,Переключатель,"16-2.1.2.14.",Управление В13 ПК457,5011
179389,Диспетчерский контроль,Переключатель,"16-2.1.2.13.",Управление В14 ПК457,5011
179384,Диспетчерский контроль,Переключатель,"16-2.1.2.8.",Управление В7 ПК312,5011
179383,Диспетчерский контроль,Переключатель,"16-2.1.2.7.",Управление В8 ПК312,5011
179382,Диспетчерский контроль,Переключатель,"16-2.1.2.6.",Управление В9 ПК366,5011
179381,Диспетчерский контроль,Переключатель,"16-2.1.2.5.",Управление В10 ПК366,5011
179388,Диспетчерский контроль,Переключатель,"16-2.1.2.12.",Управление В1 ПК24,5011
179395,Диспетчерский контроль,Переключатель,"16-2.1.2.19.",Управление ФАНС1 щитовая 3 ПК300 ,5011
179399,Диспетчерский контроль,Переключатель,"16-2.1.2.23.",Управление ФАНС2 щитовая 2 ПК321,5011
179403,Диспетчерский контроль,Переключатель,"16-2.1.2.27.",Управление ФАНС3 щитовая 5 Ломоносовский ПК24,5011
179407,Диспетчерский контроль,Переключатель,"16-2.1.2.31.",Управление ФАНС4 щитовая 1 ПК451,5011
179397,Диспетчерский контроль,Переключатель,"16-2.1.2.21.",Управление ФАО2 щитовая 2  ПК321,5011
179401,Диспетчерский контроль,Переключатель,"16-2.1.2.25.",Управление ФАО3 щитовая 5 Ломоносовский ПК24,5011
179400,Диспетчерский контроль,Переключатель,"16-2.1.2.24.",Управление ФВ2 щитовая 2 ПК321,5011
179404,Диспетчерский контроль,Переключатель,"16-2.1.2.28.",Управление ФВ3 щитовая 5 Ломоносовский ПК24,5011
179408,Диспетчерский контроль,Переключатель,"16-2.1.2.32.",Управление ФВ4 щитовая 1 ПК451,5011
179398,Диспетчерский контроль,Переключатель,"16-2.1.2.22.",Управление ФРО2 щитовая 2 ПК321,5011
179402,Диспетчерский контроль,Переключатель,"16-2.1.2.26.",Управление ФРО3 щитовая 5 Ломоносовский ПК24,5011
179406,Диспетчерский контроль,Переключатель,"16-2.1.2.30.",Управление ФРО4 щитовая 1 ПК451,5011
179405,Диспетчерский контроль,Переключатель,"16-2.1.2.29.",Управление ФАО4 ПК451,5011
179215,Диспетчерский контроль,Состояние насоса,"16-2.1.1.3.21.",АНС3 Н1 ПК64,5011
179216,Диспетчерский контроль,Состояние насоса,"16-2.1.1.3.24.",АНС3 Н2 ПК64,5011
179217,Диспетчерский контроль,Состояние насоса,"16-2.1.1.3.27.",АНС3 Н3 ПК64,5011
179177,Газовая охрана,Газовый датчик,"16-2.1.1.2.1.",Газ Зона1 Д1-36 ПК170-311,5011
179178,Газовая охрана,Газовый датчик,"16-2.1.1.2.2.",Газ Зона2 Д37-48 ПК313-350,5011
179179,Газовая охрана,Газовый датчик,"16-2.1.1.2.3.",Газ Зона3 Д49-66 ПК354-410,5011
179180,Газовая охрана,Газовый датчик,"16-2.1.1.2.4.",Газ Зона4 Д67-95 ПК412-506,5011
179181,Газовая охрана,Газовый датчик,"16-2.1.1.2.5.",Газ Зона5 Д96-100 Ломонос. ПК1-23,5011
179182,Газовая охрана,Газовый датчик,"16-2.1.1.2.6.",Газ Зона6 Д101-117 Ломонос. ПК25-105,5011
179186,Диспетчерский контроль,Состояние фазы,"16-2.1.1.2.10.",Питание ПУИ 1,5011
179187,Диспетчерский контроль,Состояние фазы,"16-2.1.1.2.11.",Питание ПУИ 2,5011
179188,Диспетчерский контроль,Состояние фазы,"16-2.1.1.2.12.",Питание ПУИ 3,5011
197414,Диспетчерский контроль,Состояние вентилятора,"16-1.1.160.1.",В5 ПК107 Л,5011
197413,Диспетчерский контроль,Переключатель,"16-1.1.160.9.",Управление В5 ПК107 Л,5011
236788,Диспетчерский контроль,Состояние вентилятора,"854-1.1.16.3.",В1 ПК175,5011
236790,Диспетчерский контроль,Переключатель,"854-1.1.16.8.",Управление В1 ПК175,5011
236789,Диспетчерский контроль,Состояние насоса,"854-1.1.16.6.",Н1 ПК177,5011
236794,Диспетчерский контроль,Состояние насоса,"854-1.1.17.7.",Н2 ПК177,5011
236792,Диспетчерский контроль,Состояние фазы,"854-1.1.17.4.",ОК1 Закрыт ПК175,5011
236793,Диспетчерский контроль,Состояние фазы,"854-1.1.17.5.",ОК1 Открыт ПК175,5011
236795,Диспетчерский контроль,Переключатель,"854-1.1.17.8.",Управление ШУ-ОК1 ПК175,5011
236784,Диспетчерский контроль,Состояние вентилятора,"854-1.1.15.3.",В2 ПК192,5011
236785,Диспетчерский контроль,Состояние фазы,"854-1.1.15.4.",ГРО1 ПК192 (ПК169-ПК192),5011
236786,Диспетчерский контроль,Переключатель,"854-1.1.15.8.",Управление В2 ПК192,5011
236780,Диспетчерский контроль,Состояние вентилятора,"854-1.1.14.3.",В3 ПК192,5011
236781,Диспетчерский контроль,Состояние фазы,"854-1.1.14.4.",ГРО2 ПК192 (ПК192-ПК223),5011
236782,Диспетчерский контроль,Переключатель,"854-1.1.14.8.",Управление В3 ПК192,5011
236737,Диспетчерский контроль,Состояние фазы,"854-1.1.4.2.",ГРО5 ПК274 (ПК278-ПК297),5011
236734,Диспетчерский контроль,Состояние вентилятора,"854-1.1.3.3.",В6 ПК294,5011
236735,Диспетчерский контроль,Переключатель,"854-1.1.3.8.",Управление В6 ПК294,5011
236749,Диспетчерский контроль,Переключатель,"854-1.1.7.8.",Управление ФТС1 ПК254 щит.,5011
236750,Диспетчерский контроль,Переключатель,"854-1.1.7.9.",Управление ФТС2 ПК254 щит.,5011
236747,Диспетчерский контроль,Состояние фазы,"854-1.1.7.3.",ФТС1 ПК254 щит.,5011
236748,Диспетчерский контроль,Состояние фазы,"854-1.1.7.5.",ФТС2 ПК254 щит.,5011
236739,Диспетчерский контроль,Состояние вентилятора,"854-1.1.5.3.",В5 ПК254,5011
236740,Диспетчерский контроль,Состояние фазы,"854-1.1.5.4.",ГРО4 ПК254 (ПК254-ПК278),5011
236741,Диспетчерский контроль,Переключатель,"854-1.1.5.8.",Управление В5 ПК254,5011
236743,Диспетчерский контроль,Состояние вентилятора,"854-1.1.6.3.",В4 ПК254,5011
236744,Диспетчерский контроль,Состояние фазы,"854-1.1.6.4.",ГРО3 ПК254 (ПК223-ПК254),5011
236745,Диспетчерский контроль,Переключатель,"854-1.1.6.8.",Управление В4 ПК254,5011
236773,Диспетчерский контроль,Состояние фазы,"854-1.1.12.4.",Ввод1 АВР ПК254 щит.,5011
236774,Диспетчерский контроль,Состояние фазы,"854-1.1.12.5.",Ввод2 АВР ПК254 щит.,5011
236775,Диспетчерский контроль,Переключатель,"854-1.1.12.8.",Управление ФРез1 ПК254 щит.,5011
236772,Диспетчерский контроль,Состояние фазы,"854-1.1.12.3.",ФРез1 ПК254 щит .,5011
236778,Диспетчерский контроль,Переключатель,"854-1.1.13.8.",Управление ФРез2 ПК254 щит.,5011
236777,Диспетчерский контроль,Состояние фазы,"854-1.1.13.3.",ФРез2 ПК254 щит.,5011
236764,Диспетчерский контроль,Переключатель,"854-1.1.10.8.",Управление ФРО1 ПК254 щит.,5011
236765,Диспетчерский контроль,Переключатель,"854-1.1.10.9.",Управление ФРО2 ПК254 щит.,5011
236762,Диспетчерский контроль,Состояние фазы,"854-1.1.10.3.",ФРО1 ПК254 щит.,5011
236763,Диспетчерский контроль,Состояние фазы,"854-1.1.10.5.",ФРО2 ПК254 щит.,5011
236753,Диспетчерский контроль,Состояние фазы,"854-1.1.8.4.",Ввод1 ПК254 щит.ЩАП-23,5011
236754,Диспетчерский контроль,Состояние фазы,"854-1.1.8.5.",Ввод2 ПК254 щит.ЩАП-23,5011
236752,Диспетчерский контроль,Состояние вентилятора,"854-1.1.8.3.",ВЩ ПК254 щит.,5011
236755,Диспетчерский контроль,Переключатель,"854-1.1.8.8.",Управление ВЩ ПК254 щит.,5011
236759,Диспетчерский контроль,Переключатель,"854-1.1.9.8.",Управление ФАО1 ПК254 щит.,5011
236760,Диспетчерский контроль,Переключатель,"854-1.1.9.9.",Управление ФАО2 ПК254 щит.,5011
236757,Диспетчерский контроль,Состояние фазы,"854-1.1.9.3.",ФАО1 ПК254 щит.,5011
236758,Диспетчерский контроль,Состояние фазы,"854-1.1.9.5.",ФАО2 ПК254 щит.,5011
236769,Диспетчерский контроль,Переключатель,"854-1.1.11.8.",Управление ФВ1 ПК254 щит.,5011
236770,Диспетчерский контроль,Переключатель,"854-1.1.11.9.",Управление ФВ2 ПК254 щит.,5011
236767,Диспетчерский контроль,Состояние фазы,"854-1.1.11.3.",ФВ1 ПК254 щит.,5011
236768,Диспетчерский контроль,Состояние фазы,"854-1.1.11.5.",ФВ2 ПК254 щит.,5011
212589,Пожарная охрана,Датчик дыма,"813-1.1.52.2.",ДД ПК345+2-ПК347+3 (6шт),5113
212240,Пожарная охрана,Датчик дыма,"813-1.1.19.8.",ДД ПК86 (6шт),5113
212591,Пожарная охрана,Датчик дыма,"813-1.1.52.4.",ДД ПК347+7-ПК350+5 (7шт),5113
212592,Пожарная охрана,Датчик дыма,"813-1.1.52.5.",ДД ПК351-ПК353+3 (6шт),5113
212241,Пожарная охрана,Датчик дыма,"813-1.1.19.9.",ДД ПК83+8-ПК85+7 (7шт),5113
213391,Диспетчерский контроль,Состояние охраны,"813-g1.",Охрана Зюзино,5113
213187,Пожарная охрана,Состояние УИР-Р,"813-1.1.150.2.",УСРСБ ПК336 Состояние речевого устройства,5113
212247,Охранная подсистема,Датчик движения,"813-1.1.20.2.",ОД ВШ ПК87+7,5113
213193,Пожарная охрана,Состояние УИР-Р,"813-1.1.151.2.",УСРСБ ПК347 Состояние речевого устройства,5113
212248,Температурная подсистема,Датчик температуры,"813-1.1.20.3.",Темп. ПК87,5113
212559,Пожарная охрана,Датчик дыма,"813-1.1.49.4.",ДД ПК313-ПК317 (10шт),5113
212560,Пожарная охрана,Датчик дыма,"813-1.1.49.5.",ДД ПК317+5-ПК321+8 (10шт),5113
212557,Диспетчерский контроль,Датчик затопления,"813-1.1.49.2.",Затопление ПК316,5113
212251,Пожарная охрана,Датчик дыма,"813-1.1.20.6.",ДД ПК89-ПК91 (5шт),5113
213175,Пожарная охрана,Состояние УИР-Р,"813-1.1.148.2.",УСРСБ ПК317 Состояние речевого устройства,5113
212547,Охранная подсистема,КД Дверь,"813-1.1.48.4.",КД дверь отс. ПК307,5113
212250,Пожарная охрана,Датчик дыма,"813-1.1.20.5.",ДД ПК86+9-ПК88+5 (7шт),5113
213037,Пожарная охрана,Состояние УИР-Р,"813-1.1.125.2.",УСРСБ ПК86 Состояние речевого устройства,5113
212545,Охранная подсистема,КД АВ,"813-1.1.48.2.",КД АВ ПК307,5113
212228,Пожарная охрана,Датчик дыма,"813-1.1.18.2.",ДД ПК75+7-ПК79+2 (8шт),5113
212546,Охранная подсистема,Датчик движения,"813-1.1.48.3.",ОД АВ ПК307,5113
212229,Пожарная охрана,Датчик дыма,"813-1.1.18.3.",ДД ПК79+8-ПК83+2 (8шт),5113
213031,Пожарная охрана,Состояние УИР-Р,"813-1.1.124.2.",УСРСБ ПК79 Состояние речевого устройства,5113
212551,Пожарная охрана,Датчик дыма,"813-1.1.48.9.",ДД ПК305-ПК307 (6шт),5113
212219,Охранная подсистема,КД Люк,"813-1.1.17.6.",КД люк ПК74,5113
212549,Пожарная охрана,Датчик дыма,"813-1.1.48.7.",ДД ПК307+6-ПК309+9 (6шт),5113
212550,Пожарная охрана,Датчик дыма,"813-1.1.48.8.",ДД ПК310+4-ПК312+6 (6шт),5113
213169,Пожарная охрана,Состояние УИР-Р,"813-1.1.147.2.",УСРСБ ПК307 Состояние речевого устройства,5113
212217,Охранная подсистема,КД Дверь,"813-1.1.17.4.",КД дверь отс. ПК72,5113
212215,Охранная подсистема,КД АВ,"813-1.1.17.2.",КД АВ ПК72-1,5113
212216,Охранная подсистема,Датчик движения,"813-1.1.17.3.",ОД АВ ПК72-1,5113
212218,Охранная подсистема,Датчик движения,"813-1.1.17.5.",ОД ВШ ПК73,5113
212222,Пожарная охрана,Датчик дыма,"813-1.1.17.9.",ДД ПК72+9-ПК75+3 (8шт),5113
212221,Пожарная охрана,Датчик дыма,"813-1.1.17.8.",ДД ПК67+5-ПК72 (10шт),5113
213025,Пожарная охрана,Состояние УИР-Р,"813-1.1.123.2.",УСРСБ ПК72 Состояние речевого устройства,5113
212205,Охранная подсистема,КД Люк,"813-1.1.16.2.",КД люк ПК63,5113
212208,Пожарная охрана,Датчик дыма,"813-1.1.16.5.",ДД ПК60+3-ПК63 (7шт),5113
212209,Пожарная охрана,Датчик дыма,"813-1.1.16.6.",ДД ПК63+5-ПК67+1 (9шт) ,5113
212206,Пожарная охрана,Датчик дыма,"813-1.1.16.3.",ДД ПК57+1-ПК59+3 (7шт),5113
212207,Пожарная охрана,Датчик дыма,"813-1.1.16.4.",ДД  ПК54+6-ПК56+7 (6шт),5113
213019,Пожарная охрана,Состояние УИР-Р,"813-1.1.122.2.",УСРСБ ПК61 Состояние речевого устройства,5113
212194,Охранная подсистема,КД АВ,"813-1.1.15.2.",КД АВ ПК50,5113
212198,Охранная подсистема,КД Дверь,"813-1.1.15.6.",КД дверь в ВК ПК50,5113
212195,Охранная подсистема,Датчик движения,"813-1.1.15.3.",ОД АВ ПК50,5113
212196,Температурная подсистема,Датчик температуры,"813-1.1.15.4.",Темп. ПК50,5113
212197,Пожарная охрана,Датчик дыма,"813-1.1.15.5.",ДД ПК50-ПК50+1 (5шт),5113
212199,Пожарная охрана,Датчик дыма,"813-1.1.15.7.",ДД ПК50+5-ПК54+2 (10шт),5113
213013,Пожарная охрана,Состояние УИР-Р,"813-1.1.121.2.",УСРСБ ПК50 Состояние речевого устройства,5113
212187,Охранная подсистема,КД Дверь,"813-1.1.14.5.",КД дверь отс. ПК50,5113
212188,Охранная подсистема,КД Люк,"813-1.1.14.6.",КД люк 4-с ПК45,5113
212186,Охранная подсистема,КД Люк,"813-1.1.14.4.",КД люк ПК44,5113
212828,Охранная подсистема,КД АВ,"813-1.1.75.2.",КД АВ ПК519,5113
212829,Охранная подсистема,Датчик движения,"813-1.1.75.3.",ОД АВ ПК519 ,5113
212184,Охранная подсистема,Датчик движения,"813-1.1.14.2.",ОД ВШ ПК49,5113
213313,Пожарная охрана,Состояние УИР-Р,"813-1.1.171.2.",УСРСБ ПК519 Состояние речевого устройства,5113
212185,Температурная подсистема,Датчик температуры,"813-1.1.14.3.",Темп. ПК49,5113
212830,Пожарная охрана,Датчик дыма,"813-1.1.75.4.",ДД ПК517-пк518+8 (5шт),5113
212190,Пожарная охрана,Датчик дыма,"813-1.1.14.8.",ДД ПК43+2- ПК45+6 ( 4шт),5113
212820,Охранная подсистема,КД Люк,"813-1.1.74.4.",КД люк ПК514+5,5113
212189,Пожарная охрана,Датчик дыма,"813-1.1.14.7.",ДД ПК46+1-ПК49 (7шт),5113
212818,Охранная подсистема,Датчик движения,"813-1.1.74.2.",ОД люк ПК515,5113
212176,Охранная подсистема,КД Дверь,"813-1.1.13.7.",КД дверь отс. ПК39,5113
212819,Охранная подсистема,Датчик движения,"813-1.1.74.3.",ОД ВК ПК514,5113
212174,Охранная подсистема,КД Дверь,"813-1.1.13.5.",КД дверь в ВК ПК39,5113
212821,Пожарная охрана,Датчик дыма,"813-1.1.74.5.",ДД ПК512+6-пк514+9 (10шт),5113
212822,Пожарная охрана,Датчик дыма,"813-1.1.74.6.",ДД ПК515+3-пк516+6 (4шт),5113
212171,Охранная подсистема,КД АВ,"813-1.1.13.2.",КД АВ ПК39,5113
213307,Пожарная охрана,Состояние УИР-Р,"813-1.1.170.2.",УСРСБ ПК515 Состояние речевого устройства,5113
212480,Пожарная охрана,Датчик дыма,"813-1.1.42.8.",ДД ПК302+1-пк305+5 (9шт),5113
212172,Охранная подсистема,Датчик движения,"813-1.1.13.3.",ОД АВ ПК39,5113
212810,Пожарная охрана,Датчик дыма,"813-1.1.73.2.",ДД ПК506+1-пк508+8 (7шт),5113
212452,Охранная подсистема,КД АВ,"813-1.1.40.2.",КД АВ ПК296,5113
212812,Пожарная охрана,Датчик дыма,"813-1.1.73.4.",ДД ПК509+2-пк512 (6шт),5113
212811,Пожарная охрана,Датчик дыма,"813-1.1.73.3.",ДД ПК503+2-пк505+7 (6шт),5113
213301,Пожарная охрана,Состояние УИР-Р,"813-1.1.169.2.",УСРСБ ПК509 Состояние речевого устройства,5113
212453,Охранная подсистема,Датчик движения,"813-1.1.40.3.",ОД АВ ПК296,5113
212789,Охранная подсистема,КД Дверь,"813-1.1.71.2.",КД дверь отс. ПК498,5113
212790,Охранная подсистема,КД Дверь,"813-1.1.71.3.",КД дверь в ВК ПК498 2эт.,5113
212456,Охранная подсистема,КД Дверь,"813-1.1.40.6.",КД дверь в ВК ПК296,5113
212795,Охранная подсистема,КД Дверь,"813-1.1.71.8.",КД дверь в ВК ПК498 3эт.,5113
212455,Пожарная охрана,Датчик дыма,"813-1.1.40.5.",ДД ПК296 (3шт),5113
212175,Охранная подсистема,Датчик движения,"813-1.1.13.6.",ОД ВШ ПК38+3,5113
212792,Охранная подсистема,КД АВ,"813-1.1.71.5.",КД АВ ПК498 3эт.,5113
212454,Температурная подсистема,Датчик температуры,"813-1.1.40.4.",Темп. ПК295+5,5113
212793,Охранная подсистема,Датчик движения,"813-1.1.71.6.",ОД АВ ПК498 3эт.,5113
212458,Пожарная охрана,Датчик дыма,"813-1.1.40.8.",ДД ПК291+2-ПК293+5 (7шт),5113
212796,Охранная подсистема,Датчик движения,"813-1.1.71.9.",ОД ВШ ПК498 3эт.,5113
212457,Пожарная охрана,Датчик дыма,"813-1.1.40.7.",ДД ПК294-ПК296+5 (6шт),5113
212173,Пожарная охрана,Датчик дыма,"813-1.1.13.4.",ДД ПК39 (3 шт.),5113
212791,Пожарная охрана,Датчик дыма,"813-1.1.71.4.",ДД ПК498 (6шт) 2эт.,5113
212794,Пожарная охрана,Датчик дыма,"813-1.1.71.7.",ДД ПК498 (6шт) 3эт.,5113
212467,Охранная подсистема,КД Дверь,"813-1.1.41.5.",КД дверь отс. ПК297,5113
212804,Пожарная охрана,Датчик дыма,"813-1.1.72.4.",ДД ПК500+8-пк502+8 (6шт),5113
212464,Охранная подсистема,Датчик движения,"813-1.1.41.2.",ОД ВШ ПК296+7,5113
212177,Пожарная охрана,Датчик дыма,"813-1.1.13.8.",ДД ПК35+9-ПК38+7 (7шт),5113
212803,Пожарная охрана,Датчик дыма,"813-1.1.72.3.",ДД ПК498-пк500+1 (6шт),5113
212802,Пожарная охрана,Датчик дыма,"813-1.1.72.2.",ДД ПК493+9-пк497+5 (10шт),5113
213295,Пожарная охрана,Состояние УИР-Р,"813-1.1.168.2.",УСРСБ ПК498 1эт. Состояние речевого устройства,5113
212465,Температурная подсистема,Датчик температуры,"813-1.1.41.3.",Темп. ПК297,5113
212178,Пожарная охрана,Датчик дыма,"813-1.1.13.9.",ДД ПК39-ПК42+7 (10шт),5113
213289,Пожарная охрана,Состояние УИР-Р,"813-1.1.167.2.",УСРСБ ПК498 3эт. Состояние речевого устройства,5113
212466,Охранная подсистема,Датчик движения,"813-1.1.41.4.",ОД ПК298+8,5113
213007,Пожарная охрана,Состояние УИР-Р,"813-1.1.120.2.",УСРСБ ПК39 Состояние речевого устройства,5113
212468,Пожарная охрана,Датчик дыма,"813-1.1.41.6.",ДД ПК296+7-ПК299+5 (8шт),5113
212469,Пожарная охрана,Датчик дыма,"813-1.1.41.7.",ДД ПК299+7-ПК301+6 (6шт),5113
213133,Пожарная охрана,Состояние УИР-Р,"813-1.1.141.2.",УСРСБ ПК305 Состояние речевого устройства,5113
212165,Пожарная охрана,Датчик дыма,"813-1.1.12.4.",ДД ПК33+3-ПК35+3 (6шт),5113
213283,Пожарная охрана,Состояние УИР-Р,"813-1.1.166.2.",УСРСБ ПК488 Состояние речевого устройства,5113
213127,Пожарная охрана,Состояние УИР-Р,"813-1.1.140.2.",УСРСБ ПК296 Состояние речевого устройства,5113
212164,Пожарная охрана,Датчик дыма,"813-1.1.12.3.",ДД ПК26+7-ПК28+8 (6шт),5113
212781,Пожарная охрана,Датчик дыма,"813-1.1.70.3.",ДД ПК482-пк484+5 (7шт),5113
212163,Пожарная охрана,Датчик дыма,"813-1.1.12.2.",ДД ПК29+2-ПК32+6 (7шт),5113
212783,Пожарная охрана,Датчик дыма,"813-1.1.70.5.",ДД ПК490+9-пк493+4 (6шт),5113
212443,Пожарная охрана,Датчик дыма,"813-1.1.39.3.",ДД ПК281+3-ПК284+2 (8шт),5113
213001,Пожарная охрана,Состояние УИР-Р,"813-1.1.119.2.",УСРСБ ПК33 Состояние речевого устройства,5113
212782,Пожарная охрана,Датчик дыма,"813-1.1.70.4.",ДД ПК488+2-пк490+5 (6шт),5113
212445,Пожарная охрана,Датчик дыма,"813-1.1.39.5.",ДД ПК284+6-ПК287+6 (7шт),5113
212780,Пожарная охрана,Датчик дыма,"813-1.1.70.2.",ДД ПК484+9-пк487+8 (7шт),5113
212446,Пожарная охрана,Датчик дыма,"813-1.1.39.6.",ДД ПК288-ПК290+7 (7шт),5113
212154,Охранная подсистема,Датчик движения,"813-1.1.11.2.",ОД ВШ ПК26Гал.ПК3+5,5113
212773,Пожарная охрана,Датчик дыма,"813-1.1.69.8.",ДД ПК476-пк478+6 (7шт),5113
212444,Пожарная охрана,Датчик дыма,"813-1.1.39.4.",ДД ПК278+3-ПК280+8 (6шт),5113
212774,Пожарная охрана,Датчик дыма,"813-1.1.69.9.",ДД ПК479+1-пк481+5 (6шт),5113
213121,Пожарная охрана,Состояние УИР-Р,"813-1.1.139.2.",УСРСБ ПК284 Состояние речевого устройства,5113
212770,Охранная подсистема,КД Дверь,"813-1.1.69.5.",КД дверь отс. ПК476,5113
212435,Охранная подсистема,КД Дверь,"813-1.1.38.4.",КД дверь отс. ПК272,5113
212155,Температурная подсистема,Датчик температуры,"813-1.1.11.3.",Темп. ПК26Гал.ПК2+5,5113
212757,Охранная подсистема,КД Люк,"813-1.1.68.5.",КД люк ПК476,5113
212421,Охранная подсистема,КД АВ,"813-1.1.37.2.",КД АВ ПК272,5113
212771,Температурная подсистема,Датчик температуры,"813-1.1.69.6.",Темп. ПК476 АНС,5113
212760,Охранная подсистема,КД АВ,"813-1.1.68.8.",КД АВ ПК476,5113
212763,Охранная подсистема,КД Дверь,"813-1.1.68.11.",КД дверь в ВК ПК476,5113
212422,Охранная подсистема,Датчик движения,"813-1.1.37.3.",ОД АВ ПК272,5113
212769,Охранная подсистема,КД Дверь,"813-1.1.69.4.",КД дверь в ВК ПК476,5113
212768,Диспетчерский контроль,Датчик затопления,"813-1.1.69.3.",Затопление АНС ПК476,5113
212425,Охранная подсистема,КД Дверь,"813-1.1.37.6.",КД дверь в ВК ПК272,5113
212759,Охранная подсистема,КД Дверь,"813-1.1.68.7.",КД дверь АНС ПК476,5113
212423,Температурная подсистема,Датчик температуры,"813-1.1.37.4.",Темп. ПК272,5113
212156,Пожарная охрана,Датчик дыма,"813-1.1.11.4.","ДД ПК26Гал.ПК0+1,5-ПК26Гал.ПК3+3 (9шт)",5113
212767,Охранная подсистема,Датчик движения,"813-1.1.69.2.",ОД ВШ ПК476,5113
212434,Температурная подсистема,Датчик температуры,"813-1.1.38.3.",Темп. ПК272+5,5113
212433,Охранная подсистема,Датчик движения,"813-1.1.38.2.",ОД ВШ ПК272+7,5113
212157,Охранная подсистема,Датчик движения,"813-1.1.11.5.",ОД ПК26+7,5113
212762,Пожарная охрана,Датчик дыма,"813-1.1.68.10.",ДД ПК476 АВ (3шт),5113
212424,Пожарная охрана,Датчик дыма,"813-1.1.37.5.",ДД ПК272 (3 шт.),5113
212995,Пожарная охрана,Состояние УИР-Р,"813-1.1.118.2.",УСРСБ ПК26 Состояние речевого устройства,5113
212758,Пожарная охрана,Датчик дыма,"813-1.1.68.6.",ДД ПК476 (9шт),5113
213115,Пожарная охрана,Состояние УИР-Р,"813-1.1.138.2.",УСРСБ ПК272 Состояние речевого устройства,5113
212142,Охранная подсистема,КД АВ,"813-1.1.10.2.",КД АВ ПК21,5113
213277,Пожарная охрана,Состояние УИР-Р,"813-1.1.165.2.",УСРСБ ПК476 2эт. Состояние речевого устройства,5113
212426,Пожарная охрана,Датчик дыма,"813-1.1.37.7.",ДД ПК269-ПК272 (8шт),5113
212146,Охранная подсистема,КД Дверь,"813-1.1.10.6.",КД дверь в ВК ПК21,5113
213271,Пожарная охрана,Состояние УИР-Р,"813-1.1.164.2.",УСРСБ ПК476 Состояние речевого устройства,5113
212761,Охранная подсистема,Датчик движения,"813-1.1.68.9.",ОД АВ ПК476+1,5113
212427,Пожарная охрана,Датчик дыма,"813-1.1.37.8.",ДД ПК266+3-ПК268+5 (6шт),5113
212143,Охранная подсистема,Датчик движения,"813-1.1.10.3.",ОД АВ ПК21,5113
212746,Охранная подсистема,КД АВ,"813-1.1.67.5.",КД АВ ПК475,5113
212436,Пожарная охрана,Датчик дыма,"813-1.1.38.5.",ДД ПК272+6-ПК275 (7шт),5113
212145,Пожарная охрана,Датчик дыма,"813-1.1.10.5.",ДД ПК21 (3 шт.),5113
213217,Пожарная охрана,Состояние УИР-Р,"813-1.1.155.2.",УСРСБ ПК387 Состояние речевого устройства,5113
212747,Охранная подсистема,Датчик движения,"813-1.1.67.6.",ОД АВ ПК475,5113
212437,Пожарная охрана,Датчик дыма,"813-1.1.38.6.",ДД ПК275+6-ПК278 (6шт),5113
212748,Пожарная охрана,Датчик дыма,"813-1.1.67.7.",ДД ПК474-ПК475 (5шт),5113
212413,Пожарная охрана,Датчик дыма,"813-1.1.36.3.",ДД ПК255+2-ПК257+5 (6шт),5113
212745,Пожарная охрана,Датчик дыма,"813-1.1.67.3.",ДД ВШ ПК474 (3шт),5113
212749,Пожарная охрана,Датчик дыма,"813-1.1.67.8.",ДД ПК472+2-пк475+6 (10шт),5113
213265,Пожарная охрана,Состояние УИР-Р,"813-1.1.163.2.",УСРСБ ПК475 Состояние речевого устройства,5113
212412,Пожарная охрана,Датчик дыма,"813-1.1.36.2.",ДД ПК257+9-ПК260+5 (7шт),5113
212144,Температурная подсистема,Датчик температуры,"813-1.1.10.4.",Темп. ПК21,5113
212735,Охранная подсистема,Датчик движения,"813-1.1.66.4.",ОД ПК476,5113
212414,Пожарная охрана,Датчик дыма,"813-1.1.36.4.",ДД ПК261-ПК263+1 (6шт),5113
212148,Пожарная охрана,Датчик дыма,"813-1.1.10.8.",ДД ПК24+1-ПК26+5 (7шт),5113
212739,Охранная подсистема,КД Дверь,"813-1.1.66.8.",КД дверь отс. ПК466+5,5113
212733,Охранная подсистема,Датчик движения,"813-1.1.66.2.",ОД ВШ ПК464+8,5113
212734,Температурная подсистема,Датчик температуры,"813-1.1.66.3.",Темп. ПК464+5,5113
212415,Пожарная охрана,Датчик дыма,"813-1.1.36.5.",ДД ПК263+5-ПК265+8 (6шт),5113
212147,Пожарная охрана,Датчик дыма,"813-1.1.10.7.",ДД ПК21+3-ПК23+7 (7шт),5113
212738,Пожарная охрана,Датчик дыма,"813-1.1.66.7.",ДД ПК466+9-пк471+9 (10шт),5113
212403,Охранная подсистема,КД Люк,"813-1.1.35.6.",КД люк ПК252,5113
212736,Пожарная охрана,Датчик дыма,"813-1.1.66.5.",ДД ПК463+1-пк467 (7шт),5113
212737,Пожарная охрана,Датчик дыма,"813-1.1.66.6.",ДД ПК459+6-пк462+5 (7шт),5113
212401,Охранная подсистема,КД Люк,"813-1.1.35.4.",КД люк ПК253,5113
212989,Пожарная охрана,Состояние УИР-Р,"813-1.1.117.2.",УСРСБ ПК21 Состояние речевого устройства,5113
213259,Пожарная охрана,Состояние УИР-Р,"813-1.1.162.2.",УСРСБ ПК465 Состояние речевого устройства,5113
212402,Охранная подсистема,КД Дверь,"813-1.1.35.5.",КД дверь отс. ПК249,5113
212135,Охранная подсистема,КД Дверь,"813-1.1.9.4.",КД дверь отс. ПК20+5,5113
212399,Охранная подсистема,Датчик движения,"813-1.1.35.2.",ОД ВШ ПК248+8,5113
212133,Охранная подсистема,Датчик движения,"813-1.1.9.2.",ОД ВШ ПК20+5,5113
212721,Охранная подсистема,Датчик движения,"813-1.1.65.2.",ОД ПК449+2,5113
212400,Температурная подсистема,Датчик температуры,"813-1.1.35.3.",Темп. ПК249+5,5113
212134,Температурная подсистема,Датчик температуры,"813-1.1.9.3.",Темп. ПК20+5,5113
212725,Пожарная охрана,Датчик дыма,"813-1.1.65.6.",ДД ПК447+5-пк450 (6шт),5113
212404,Пожарная охрана,Датчик дыма,"813-1.1.35.7.",ДД ПК245-ПК249 (9шт),5113
212724,Пожарная охрана,Датчик дыма,"813-1.1.65.5.",ДД ПК450+4-пк452+9 (6шт),5113
212405,Пожарная охрана,Датчик дыма,"813-1.1.35.8.",ДД ПК249+4-ПК252+3 (7шт),5113
212136,Пожарная охрана,Датчик дыма,"813-1.1.9.5.",ДД ПК16+8-ПК20+5 (10шт),5113
212726,Пожарная охрана,Датчик дыма,"813-1.1.65.7.",ДД ПК453+4-пк456+1 (7шт),5113
212406,Пожарная охрана,Датчик дыма,"813-1.1.35.9.",ДД пк252+6-пк254+7 (6шт),5113
212105,Охранная подсистема,КД Дверь,"813-1.1.6.4.",КД дверь отс. ПК2,5113
212727,Пожарная охрана,Датчик дыма,"813-1.1.65.8.",ДД ПК456+5-пк459+1 (7шт),5113
212392,Охранная подсистема,КД Дверь,"813-1.1.34.9.",КД дверь в ВК ПК249,5113
212114,Охранная подсистема,КД АВ,"813-1.1.7.2.",КД АВ ПК2,5113
213253,Пожарная охрана,Состояние УИР-Р,"813-1.1.161.2.",УСРСБ ПК452 Состояние речевого устройства,5113
212388,Охранная подсистема,КД АВ,"813-1.1.34.5.",КД АВ ПК249,5113
212118,Охранная подсистема,КД Дверь,"813-1.1.7.6.",КД дверь в ВК ПК2,5113
212701,Охранная подсистема,КД Дверь,"813-1.1.63.4.",КД дверь отс. ПК441,5113
212713,Охранная подсистема,КД Дверь,"813-1.1.64.5.",КД дверь отс. в ВК ПК441,5113
212389,Охранная подсистема,Датчик движения,"813-1.1.34.6.",ОД АВ ПК249,5113
212710,Охранная подсистема,КД АВ,"813-1.1.64.2.",КД АВ ПК441,5113
212711,Охранная подсистема,Датчик движения,"813-1.1.64.3.",ОД АВ ПК441,5113
212391,Пожарная охрана,Датчик дыма,"813-1.1.34.8.","ДД ПК249 Э/Щ(3шт), ВК(3шт)",5113
212115,Охранная подсистема,Датчик движения,"813-1.1.7.3.",ОД АВ ПК1+5,5113
212714,Охранная подсистема,Датчик движения,"813-1.1.64.6.",ОД ВШ ПК441,5113
212712,Пожарная охрана,Датчик дыма,"813-1.1.64.4.",ДД ПК441 (6шт),5113
212699,Температурная подсистема,Датчик температуры,"813-1.1.63.2.",Темп. ПК440+5,5113
212390,Температурная подсистема,Датчик температуры,"813-1.1.34.7.",Темп. ПК249,5113
212700,Температурная подсистема,Датчик температуры,"813-1.1.63.3.",Темп. ПК441+5,5113
212393,Охранная подсистема,КД Дверь,"813-1.1.34.10.",КД дверь ПК249 щитовая,5113
213247,Пожарная охрана,Состояние УИР-Р,"813-1.1.160.2.",УСРСБ ПК441 Состояние речевого устройства,5113
213109,Пожарная охрана,Состояние УИР-Р,"813-1.1.137.2.",УСРСБ ПК261 Состояние речевого устройства,5113
212703,Пожарная охрана,Датчик дыма,"813-1.1.63.6.",ДД ПК441+2-пк443+9 (7шт),5113
213103,Пожарная охрана,Состояние УИР-Р,"813-1.1.136.2.",УСРСБ ПК249 Состояние речевого устройства,5113
212116,Температурная подсистема,Датчик температуры,"813-1.1.7.4.",Темп. ПК2+5,5113
212704,Пожарная охрана,Датчик дыма,"813-1.1.63.7.",ДД ПК444+4-пк446+9 (6шт),5113
212702,Пожарная охрана,Датчик дыма,"813-1.1.63.5.",ДД ПК437+9-пк440+8 (7шт),5113
212378,Пожарная охрана,Датчик дыма,"813-1.1.33.2.",ДД ПК234+2-ПК237+9 (9шт),5113
212379,Пожарная охрана,Датчик дыма,"813-1.1.33.3.",ДД ПК238+4-ПК241+3 (7шт),5113
212380,Пожарная охрана,Датчик дыма,"813-1.1.33.4.",ДД ПК241+7-ПК244+5 (7шт),5113
212117,Пожарная охрана,Датчик дыма,"813-1.1.7.5.",ДД ПК2 (3шт),5113
212693,Пожарная охрана,Датчик дыма,"813-1.1.62.6.",ДД ПК434+4-пк437+4 (8шт),5113
213097,Пожарная охрана,Состояние УИР-Р,"813-1.1.135.2.",УСРСБ ПК239 Состояние речевого устройства,5113
212103,Охранная подсистема,Датчик движения,"813-1.1.6.2.",ОД ВШ ПК2,5113
212692,Пожарная охрана,Датчик дыма,"813-1.1.62.5.",ДД ПК430-пк434 (10шт),5113
212371,Охранная подсистема,КД Дверь,"813-1.1.32.3.",КД дверь ПК231 к-р Профсоюзный?,5113
212104,Температурная подсистема,Датчик температуры,"813-1.1.6.3.",Темп. ПК1+5,5113
213241,Пожарная охрана,Состояние УИР-Р,"813-1.1.159.2.",УСРСБ ПК434 Состояние речевого устройства,5113
212370,Охранная подсистема,Датчик движения,"813-1.1.32.2.",ОД АВ ПК231,5113
212106,Диспетчерский контроль,Датчик затопления,"813-1.1.6.5.",Затопление ПК0,5113
212372,Пожарная охрана,Датчик дыма,"813-1.1.32.5.",ДД ПК231-ПК233+7 (8шт),5113
212108,Пожарная охрана,Датчик дыма,"813-1.1.6.7.",ДД ПК0-ПК1 (5шт),5113
213091,Пожарная охрана,Состояние УИР-Р,"813-1.1.134.2.",УСРСБ ПК231 Состояние речевого устройства,5113
212107,Охранная подсистема,Датчик движения,"813-1.1.6.6.",ОД ПК394,5113
212684,Охранная подсистема,Датчик движения,"813-1.1.61.7.",ОД люк ПК428,5113
212356,Охранная подсистема,КД АВ,"813-1.1.31.2.",КД АВ ПК156,5113
212119,Пожарная охрана,Датчик дыма,"813-1.1.7.7.",ДД ПК2+4-ПК5+5 (9шт),5113
212670,Охранная подсистема,КД АВ,"813-1.1.60.2.",КД АВ ПК415,5113
212357,Охранная подсистема,Датчик движения,"813-1.1.31.3.",ОД АВ ПК156,5113
212125,Пожарная охрана,Датчик дыма,"813-1.1.8.2.","ДД ПК5+9-ПК9+9,5 (10шт)",5113
212671,Охранная подсистема,Датчик движения,"813-1.1.60.3.",ОД ВШ ПК414+9,5113
212359,Охранная подсистема,КД Дверь,"813-1.1.31.5.",КД дверь в ВК ПК155,5113
212126,Пожарная охрана,Датчик дыма,"813-1.1.8.3.",ДД ПК9+8-ПК12+8 (10шт),5113
212672,Температурная подсистема,Датчик температуры,"813-1.1.60.4.",Темп. ПК414+9,5113
212673,Пожарная охрана,Датчик дыма,"813-1.1.60.6.",ДД ПК414+5-пк418+5 (10шт),5113
212680,Пожарная охрана,Датчик дыма,"813-1.1.61.3.",ДЫМ ПК418+9-пк421+4 (6шт),5113
212682,Пожарная охрана,Датчик дыма,"813-1.1.61.5.",ДЫМ ПК427+1-пк429+6 (6шт),5113
212360,Охранная подсистема,Датчик движения,"813-1.1.31.6.",ОД ПК155,5113
212127,Пожарная охрана,Датчик дыма,"813-1.1.8.4.",ДД ПК13+3-ПК16+5 (10шт),5113
212362,Температурная подсистема,Датчик температуры,"813-1.1.31.8.",Темп. ПК155 АНС,5113
212983,Пожарная охрана,Состояние УИР-Р,"813-1.1.116.2.",УСРСБ ПК11 Состояние речевого устройства,5113
212679,Пожарная охрана,Датчик дыма,"813-1.1.61.2.",ДЫМ ПК421+6-пк423+7 (6шт),5113
212361,Диспетчерский контроль,Датчик затопления,"813-1.1.31.7.",Затопление ПК155,5113
212681,Пожарная охрана,Датчик дыма,"813-1.1.61.4.",ДЫМ ПК424-пк426+6 (7шт),5113
212358,Пожарная охрана,Датчик дыма,"813-1.1.31.4.",ДД ПК156 (3шт),5113
212977,Пожарная охрана,Состояние УИР-Р,"813-1.1.115.2.",УСРСБ ПК2 Состояние речевого устройства,5113
212363,Пожарная охрана,Датчик дыма,"813-1.1.31.9.",ДД ПК153+7-ПК155 (10шт),5113
212971,Пожарная охрана,Состояние УИР-Р,"813-1.1.114.2.",УСРСБ ПК0 Состояние речевого устройства,5113
212665,Охранная подсистема,КД Дверь,"813-1.1.59.4.",КД дверь отс. ПК414,5113
212364,Пожарная охрана,Датчик дыма,"813-1.1.31.10.",ДД ПК150+5-ПК153+3 (8шт),5113
212604,Пожарная охрана,Датчик дыма,"813-1.1.53.8.",ДД ПК353+9-ПК357+9 (10шт),5113
212663,Охранная подсистема,Датчик движения,"813-1.1.59.2.",ОД АВ ПК415,5113
212664,Температурная подсистема,Датчик температуры,"813-1.1.59.3.",Темп. ПК413+7,5113
212666,Пожарная охрана,Датчик дыма,"813-1.1.59.5.",ДД ПК409+9-пк414 (10шт),5113
213085,Пожарная охрана,Состояние УИР-Р,"813-1.1.133.2.",УСРСБ ПК156 Состояние речевого устройства,5113
213229,Пожарная охрана,Состояние УИР-Р,"813-1.1.157.2.",УСРСБ ПК414 Состояние речевого устройства,5113
213235,Пожарная охрана,Состояние УИР-Р,"813-1.1.158.2.",УСРСБ ПК424 Состояние речевого устройства,5113
212654,Охранная подсистема,Датчик движения,"813-1.1.58.2.",ОД ПК402+5,5113
212657,Пожарная охрана,Датчик дыма,"813-1.1.58.5.",ДД ПК401+5-пк404+9 (10шт),5113
212350,Пожарная охрана,Датчик дыма,"813-1.1.30.7.",ДД ПК147+5-ПК150+1 (6шт),5113
212093,Охранная подсистема,КД Дверь,"813-1.1.5.2.",КД дверь в к-р Зюзино ПК396Г3ПК0,5113
212658,Пожарная охрана,Датчик дыма,"813-1.1.58.6.",ДД ПК405+4-пк409+4 (10шт),5113
212349,Пожарная охрана,Датчик дыма,"813-1.1.30.6.",ДД ПК145+2-ПК147+3 (6шт),5113
212081,Охранная подсистема,КД Дверь,"813-1.1.4.2.",КД дверь в Тех.коридор ПК396Г3ПК2,5113
213223,Пожарная охрана,Состояние УИР-Р,"813-1.1.156.2.",УСРСБ ПК405 Состояние речевого устройства,5113
212348,Пожарная охрана,Датчик дыма,"813-1.1.30.5.",ДД ПК139-ПК141+8 (7шт),5113
212082,Охранная подсистема,КД Дверь,"813-1.1.4.3.",КД дверь в к-р Академический ПК396Г3ПК1,5113
212347,Пожарная охрана,Датчик дыма,"813-1.1.30.4.",ДД ПК142-ПК144+9 (7шт),5113
212083,Охранная подсистема,Датчик движения,"813-1.1.4.4.",ОД к ДП Зюзино ПК396Г3ПК1,5113
213079,Пожарная охрана,Состояние УИР-Р,"813-1.1.132.2.",УСРСБ ПК145 Состояние речевого устройства,5113
212337,Охранная подсистема,КД Дверь,"813-1.1.29.3.",КД дверь отс. ПК134,5113
212328,Охранная подсистема,КД Дверь,"813-1.1.28.5.",КД дверь в ВК ПК133,5113
212325,Охранная подсистема,КД АВ,"813-1.1.28.2.",КД АВ ПК133,5113
212326,Охранная подсистема,Датчик движения,"813-1.1.28.3.",ОД АВ ПК133,5113
212084,Охранная подсистема,КД Дверь,"813-1.1.4.5.",КД дверь склад ПК396Г3ПК0,5113
212327,Пожарная охрана,Датчик дыма,"813-1.1.28.4.",ДД ПК133 (3шт),5113
212086,Охранная подсистема,Датчик движения,"813-1.1.4.7.",ОД к склад ПК396Г3ПК0,5113
212330,Пожарная охрана,Датчик дыма,"813-1.1.28.7.",ДД ПК133 (3шт) ,5113
212087,Пожарная охрана,Датчик дыма,"813-1.1.4.8.","ДД Тех.коридор, Склад (6шт)   ПК396Г3ПК0",5113
212329,Пожарная охрана,Датчик дыма,"813-1.1.28.6.",ДД ПК129+7-ПК133 (8шт),5113
212085,Пожарная охрана,Датчик дыма,"813-1.1.4.6.",ДД Тех.коридор к ДП (5шт)  ПК396Г3ПК1,5113
212336,Охранная подсистема,Датчик движения,"813-1.1.29.2.",ОД ВШ ПК134,5113
212338,Пожарная охрана,Датчик дыма,"813-1.1.29.4.",ДД ПК134+3-ПК136 (6шт),5113
212095,Пожарная охрана,Датчик дыма,"813-1.1.5.4.",ДД Тех.коридор к к-р (2шт)   ПК396Г3ПК2,5113
212339,Пожарная охрана,Датчик дыма,"813-1.1.29.5.",ДД ПК136+3-ПК138+6 (6шт),5113
212094,Охранная подсистема,Датчик движения,"813-1.1.5.3.",ОД ПК396Г3ПК0,5113
213073,Пожарная охрана,Состояние УИР-Р,"813-1.1.131.2.",УСРСБ ПК133 Состояние речевого устройства,5113
212096,Пожарная охрана,Датчик дыма,"813-1.1.5.5.",ДД ПК392+8-ПК396+6 (10шт),5113
212097,Пожарная охрана,Датчик дыма,"813-1.1.5.6.",ДД ПК397+1-ПК401+2 (10шт),5113
212630,Охранная подсистема,КД Дверь,"813-1.1.56.5.",КД дверь отс. ПК386,5113
212314,Охранная подсистема,КД Люк,"813-1.1.27.3.",КД люк 4-с ПК126 ,5113
212965,Пожарная охрана,Состояние УИР-Р,"813-1.1.113.2.",УСРСБ Тех.коридор ПК0 Состояние речевого устройства,5113
212644,Охранная подсистема,КД Дверь,"813-1.1.57.6.",КД дверь ПК385-1 щитовая,5113
212645,Охранная подсистема,КД АВ,"813-1.1.57.7.",КД АВ ПК385,5113
212646,Охранная подсистема,Датчик движения,"813-1.1.57.8.",ОД АВ ПК385,5113
212319,Пожарная охрана,Датчик дыма,"813-1.1.27.8.",ДД ПК126+4-ПК129+3 (8шт),5113
212647,Охранная подсистема,КД Дверь,"813-1.1.57.9.",КД дверь отс. в ВК ПК387,5113
212318,Пожарная охрана,Датчик дыма,"813-1.1.27.7.",ДД ПК122+8-ПК125+6 (9шт),5113
213067,Пожарная охрана,Состояние УИР-Р,"813-1.1.130.2.",УСРСБ ПК126 Состояние речевого устройства,5113
212643,Пожарная охрана,Датчик дыма,"813-1.1.57.5.","ДД ПК385-ПК387 ЭЩ(3шт), АВ(3шт), ВШ(3шт)",5113
212648,Охранная подсистема,Датчик движения,"813-1.1.57.10.",ОД ВШ ПК387+3,5113
212629,Температурная подсистема,Датчик температуры,"813-1.1.56.4.",Темп. ПК387,5113
212628,Температурная подсистема,Датчик температуры,"813-1.1.56.3.",Темп. ПК386+9,5113
212635,Пожарная охрана,Датчик дыма,"813-1.1.56.10.",ДД ПК387+6-ПК392+2 (10шт),5113
212634,Пожарная охрана,Датчик дыма,"813-1.1.56.9.",ДД ПК383+3-ПК386+8 (10шт),5113
212307,Пожарная охрана,Датчик дыма,"813-1.1.26.6.",ДД ПК118+2-ПК122+2 (9шт),5113
212622,Пожарная охрана,Датчик дыма,"813-1.1.55.4.",ДД ПК378+7-ПК383 (10шт),5113
213061,Пожарная охрана,Состояние УИР-Р,"813-1.1.129.2.",УСРСБ ПК118 Состояние речевого устройства,5113
212620,Пожарная охрана,Датчик дыма,"813-1.1.55.2.",ДД ПК375+5-ПК378+2 (7шт),5113
212621,Пожарная охрана,Датчик дыма,"813-1.1.55.3.",ДД ПК372+8-ПК375 (6шт),5113
212296,Охранная подсистема,КД Дверь,"813-1.1.25.5.",КД дверь отс. ПК109+5,5113
213211,Пожарная охрана,Состояние УИР-Р,"813-1.1.154.2.",УСРСБ ПК378 Состояние речевого устройства,5113
212297,Пожарная охрана,Датчик дыма,"813-1.1.25.6.",ДД ПК109+5-ПК112+5 (10шт),5113
212293,Охранная подсистема,Датчик движения,"813-1.1.25.2.",ОД ВШ ПК109+5,5113
212614,Пожарная охрана,Датчик дыма,"813-1.1.54.5.",ДД ПК368+2-ПК372+2 (12шт),5113
212612,Пожарная охрана,Датчик дыма,"813-1.1.54.3.",ДД ПК365+5-ПК367+7 (6шт),5113
212294,Температурная подсистема,Датчик температуры,"813-1.1.25.3.",Темп. ПК109+5,5113
212613,Пожарная охрана,Датчик дыма,"813-1.1.54.4.",ДД ПК362+7-ПК365 (6шт),5113
212286,Охранная подсистема,КД Дверь,"813-1.1.24.6.",КД дверь в ВК ПК108,5113
212598,Охранная подсистема,КД АВ,"813-1.1.53.2.",КД АВ ПК358,5113
212282,Охранная подсистема,КД АВ,"813-1.1.24.2.",КД АВ ПК108,5113
212601,Охранная подсистема,КД Дверь,"813-1.1.53.5.",КД дверь отс. ПК358,5113
212283,Охранная подсистема,Датчик движения,"813-1.1.24.3.",ОД АВ ПК108,5113
212599,Охранная подсистема,Датчик движения,"813-1.1.53.3.",ОД АВ ПК359,5113
212284,Температурная подсистема,Датчик температуры,"813-1.1.24.4.",Темп. ПК108+7,5113
212603,Температурная подсистема,Датчик температуры,"813-1.1.53.7.",Темп. ПК359+2,5113
212285,Пожарная охрана,Датчик дыма,"813-1.1.24.5.",ДД ПК108 (3шт),5113
212600,Температурная подсистема,Датчик температуры,"813-1.1.53.4.",Темп. ПК358+5,5113
212287,Пожарная охрана,Датчик дыма,"813-1.1.24.7.",ДД ПК107+4-ПК108+8 (4шт),5113
212602,Охранная подсистема,Датчик движения,"813-1.1.53.6.",ОД ВШ ПК358+5,5113
213055,Пожарная охрана,Состояние УИР-Р,"813-1.1.128.2.",УСРСБ ПК108 Состояние речевого устройства,5113
213199,Пожарная охрана,Состояние УИР-Р,"813-1.1.152.2.",УСРСБ ПК358 Состояние речевого устройства,5113
213205,Пожарная охрана,Состояние УИР-Р,"813-1.1.153.2.",УСРСБ ПК368 Состояние речевого устройства,5113
212266,Охранная подсистема,КД Дверь,"813-1.1.22.2.",КД дверь ПК106 щитовая,5113
212305,Пожарная охрана,Датчик дыма,"813-1.1.26.4.",ДД ПК115+6-ПК117+7 (6шт),5113
212605,Пожарная охрана,Датчик дыма,"813-1.1.53.9.",ДД ПК358+5-ПК362+3 (10шт),5113
212269,Пожарная охрана,Датчик дыма,"813-1.1.22.5.","ДД ПК106 Э/Щ(3шт), Кол-р(3шт)",5113
212268,Пожарная охрана,Датчик дыма,"813-1.1.22.4.",ДД ПК103-ПК106+5 (10шт),5113
212306,Пожарная охрана,Датчик дыма,"813-1.1.26.5.",ДД ПК112+7-ПК115+2 (6шт),5113
212572,Охранная подсистема,КД Дверь,"813-1.1.50.8.",КД дверь отс. ПК326,5113
213049,Пожарная охрана,Состояние УИР-Р,"813-1.1.127.2.",УСРСБ ПК106 Состояние речевого устройства,5113
212569,Охранная подсистема,КД Дверь,"813-1.1.50.5.",КД дверь в ВК ПК326,5113
212257,Охранная подсистема,КД Люк,"813-1.1.21.2.",КД люк ПК101,5113
212566,Охранная подсистема,КД АВ,"813-1.1.50.2.",КД АВ ПК326,5113
212567,Охранная подсистема,Датчик движения,"813-1.1.50.3.",ОД АВ ПК326,5113
212261,Пожарная охрана,Датчик дыма,"813-1.1.21.6.",ДД ПК98+5-ПК102+5 (10шт),5113
212568,Пожарная охрана,Датчик дыма,"813-1.1.50.4.",ДД ПК326 (3шт),5113
212259,Пожарная охрана,Датчик дыма,"813-1.1.21.4.",ДД ПК94+2-ПК98 (8шт),5113
212570,Температурная подсистема,Датчик температуры,"813-1.1.50.6.",Темп. ПК326,5113
212260,Пожарная охрана,Датчик дыма,"813-1.1.21.5.",ДД ПК91+5-ПК93+7 (7шт),5113
212571,Температурная подсистема,Датчик температуры,"813-1.1.50.7.",Темп. ПК327,5113
213181,Пожарная охрана,Состояние УИР-Р,"813-1.1.149.2.",УСРСБ ПК326 Состояние речевого устройства,5113
213043,Пожарная охрана,Состояние УИР-Р,"813-1.1.126.2.",УСРСБ ПК97 Состояние речевого устройства,5113
212573,Пожарная охрана,Датчик дыма,"813-1.1.50.9.",ДД ПК322+2-ПК326+5 (10шт),5113
212249,Охранная подсистема,КД Дверь,"813-1.1.20.4.",КД дверь отс. ПК86,5113
212574,Пожарная охрана,Датчик дыма,"813-1.1.50.10.",ДД ПК326+7-ПК331 (10шт),5113
212583,Пожарная охрана,Датчик дыма,"813-1.1.51.5.",ДД ПК340-ПК342+2 (6шт),5113
212235,Охранная подсистема,КД АВ,"813-1.1.19.2.",КД АВ ПК86,5113
212582,Пожарная охрана,Датчик дыма,"813-1.1.51.4.",ДД ПК336+7-ПК339+6 (7шт),5113
212309,Пожарная охрана,Датчик дыма,"813-1.1.26.8.",ДД ПК117 (2шт.),5113
212580,Пожарная охрана,Датчик дыма,"813-1.1.51.2.",ДД ПК333+4-ПК336+5 (6шт),5113
212581,Пожарная охрана,Датчик дыма,"813-1.1.51.3.",ДД ПК331+4-ПК334 (6шт),5113
212236,Охранная подсистема,Датчик движения,"813-1.1.19.3.",ОД АВ ПК86,5113
212590,Пожарная охрана,Датчик дыма,"813-1.1.52.3.",ДД ПК342+7-ПК344+7 (6шт),5113
212238,Охранная подсистема,Датчик движения,"813-1.1.19.6.",ОД ПК85+8,5113
212237,Охранная подсистема,КД Дверь,"813-1.1.19.5.",КД дверь в ВК ПК86,5113
258302,Охранная подсистема,Датчик движения,"813-1.1.66.10.",ОД ПК467,5113
212479,Пожарная охрана,Датчик дыма,"813-1.1.42.7.",ДД  ПК305Гал.ПК0-ПК305Гал.ПК2+8 (8шт),5113
212477,Пожарная охрана,Датчик дыма,"813-1.1.42.5.",ДД ПК305Гал.ПК2 (6шт),5113
212474,Охранная подсистема,КД АВ,"813-1.1.42.2.",КД АВ ПК305Гал.ПК2,5113
212478,Охранная подсистема,КД Дверь,"813-1.1.42.6.",КД дверь в АВ ПК305Гал.ПК2,5113
212481,Охранная подсистема,КД Дверь,"813-1.1.42.9.",КД дверь отс. ПК305Гал.ПК2,5113
212475,Охранная подсистема,Датчик движения,"813-1.1.42.3.",ОД АВ ПК305Гал.ПК2,5113
212476,Температурная подсистема,Датчик температуры,"813-1.1.42.4.",Темп. ПК305Гал.ПК2+7,5113
212491,Пожарная охрана,Датчик дыма,"813-1.1.43.7.",ДД ПК305Гал.ПК3-ПК305Гал.ПК4+9 (7шт),5113
212492,Пожарная охрана,Датчик дыма,"813-1.1.43.8.",ДД ПК305Гал.ПК5+3-ПК305Гал.ПК8 (7шт),5113
212490,Диспетчерский контроль,Датчик затопления,"813-1.1.43.6.",Затопление ПК305Гал.ПК1,5113
212487,Охранная подсистема,Датчик движения,"813-1.1.43.2.",ОД ВШ ПК305Гал.ПК3+4,5113
212488,Температурная подсистема,Датчик температуры,"813-1.1.43.3.",Темп. ПК305Гал.ПК3+5,5113
212500,Пожарная охрана,Датчик дыма,"813-1.1.44.4.",ДД ПК305Гал.ПК11+2-ПК305Гал.ПК13+9 (7шт),5113
212502,Пожарная охрана,Датчик дыма,"813-1.1.44.6.",ДД ПК305Гал.ПК14+4-ПК305Гал.ПК17+2 (7шт),5113
212503,Пожарная охрана,Датчик дыма,"813-1.1.44.7.",ДД ПК305Гал.ПК17+7-ПК305Гал.ПК19+9 (6шт),5113
212501,Пожарная охрана,Датчик дыма,"813-1.1.44.5.",ДД ПК305Гал.ПК8+5-ПК305Гал.ПК10+7 (6шт),5113
212499,Диспетчерский контроль,Датчик затопления,"813-1.1.44.3.",Затопление ПК305Гал.ПК16+6,5113
212512,Пожарная охрана,Датчик дыма,"813-1.1.45.5.",ДД ВШ ПК305Гал.ПК25 (3шт),5113
212516,Пожарная охрана,Датчик дыма,"813-1.1.45.9.",ДД ПК305Гал.ПК20+4-ПК305Гал.ПК22+6 (7шт),5113
212515,Пожарная охрана,Датчик дыма,"813-1.1.45.8.",ДД ПК305Гал.ПК23+1-ПК305Гал.ПК25+8 (7шт),5113
212509,Охранная подсистема,КД АВ,"813-1.1.45.2.",КД АВ ПК305Гал.ПК26,5113
212513,Охранная подсистема,КД Дверь,"813-1.1.45.6.",КД дверь в ВК ПК305Гал.ПК25,5113
212510,Охранная подсистема,Датчик движения,"813-1.1.45.3.",ОД АВ ПК305Гал.ПК26,5113
212514,Охранная подсистема,Датчик движения,"813-1.1.45.7.",ОД отс. ВК ПК305Гал.ПК26,5113
212511,Температурная подсистема,Датчик температуры,"813-1.1.45.4.",Темп. ПК305Гал.ПК25+2,5113
212525,Пожарная охрана,Датчик дыма,"813-1.1.46.6.",ДД ПК305Гал.ПК26+5-ПК305Гал.ПК29+7 (8шт),5113
212526,Пожарная охрана,Датчик дыма,"813-1.1.46.7.",ДД ПК305Гал.ПК30+2-ПК305Гал.ПК32+8 (7шт),5113
212522,Охранная подсистема,Датчик движения,"813-1.1.46.2.",ОД ПК305Гал.ПК21+5,5113
213139,Пожарная охрана,Состояние УИР-Р,"813-1.1.142.2.",УСРСБ ПК305Гал.ПК2 Состояние речевого устройства,5113
213145,Пожарная охрана,Состояние УИР-Р,"813-1.1.143.2.",УСРСБ ПК305Гал.ПК14 Состояние речевого устройства,5113
213151,Пожарная охрана,Состояние УИР-Р,"813-1.1.144.2.",УСРСБ ПК305Гал.ПК22 Состояние речевого устройства,5113
213157,Пожарная охрана,Состояние УИР-Р,"813-1.1.145.2.",УСРСБ ПК305Гал.ПК25 Состояние речевого устройства,5113
213163,Пожарная охрана,Состояние УИР-Р,"813-1.1.146.2.",УСРСБ ПК305Гал.ПК34 кам1,5113
245479,Пожарная охрана,Датчик дыма,"813-1.1.189.2.",ДД ПК305Г ПК33-34 + ДД кам1,5113
245480,Пожарная охрана,Датчик дыма,"813-1.1.189.3.",ДД ПК305Г ПК34 + ДД кам1,5113
245482,Пожарная охрана,Датчик дыма,"813-1.1.189.5.","ДД ПК305Г ПК34 кам1,2 этаж",5113
245485,Охранная подсистема,КД АВ,"813-1.1.189.8.",КД АВ ПК305Г ПК34 кам1,5113
245484,Охранная подсистема,Датчик движения,"813-1.1.189.7.",ОД АВ ПК305Г ПК34 кам1,5113
245483,Температурная подсистема,Датчик температуры,"813-1.1.189.6.",Темп. ПК305Г ПК34 кам1,5113
212078,Диагностическая подсистема,ИБП,"813-1.1.3.6.",АКБ Шкаф АКМ ДП Зюзино,5114
212076,Диагностическая подсистема,ИБП,"813-1.1.3.3.",АКБ Шкаф ОПС №1 ДП Зюзино,5114
212077,Охранная подсистема,КД Дверь,"813-1.1.3.5.",КД Шкаф АКМ ДП Зюзино,5114
212075,Охранная подсистема,КД Дверь,"813-1.1.3.2.",КД Шкаф ОПС №1 ДП Зюзино,5114
212276,Диагностическая подсистема,ИБП,"813-1.1.23.3.",АКБ Шкаф ОПС №2 ПК106 э/щ,5114
212275,Охранная подсистема,КД Дверь,"813-1.1.23.2.",КД шкаф ОПС №2 ПК106 э/щ,5114
212387,Диагностическая подсистема,ИБП,"813-1.1.34.3.",АКБ Шкаф ОПС №3 ПК249 э/щ,5114
212386,Охранная подсистема,КД Дверь,"813-1.1.34.2.",КД Шкаф ОПС №3 ПК249 э/щ,5114
212642,Диагностическая подсистема,ИБП,"813-1.1.57.3.",АКБ Шкаф ОПС №4 ПК385 э/щ,5114
212641,Охранная подсистема,КД Дверь,"813-1.1.57.2.",КД Шкаф ОПС №4 ПК385 э/щ,5114
212756,Диагностическая подсистема,ИБП,"813-1.1.68.3.",АКБ Шкаф ОПС №5 ПК476,5114
212755,Охранная подсистема,КД Дверь,"813-1.1.68.2.",КД Шкаф ОПС №5 ПК476,5114
196796,Газовая охрана,Газовый датчик,"797-9.1.12.",Газ Д55 Обр. ПК1,5122
196672,Диспетчерский контроль,Состояние насоса,"797-2.2.1.1.8.",АНС4 Н1 ПК231 Г.3 ПК18,5122
196645,Диспетчерский контроль,Состояние вентилятора,"797-2.1.1.2.9.",В9 ПК177 Обр,5122
196646,Диспетчерский контроль,Состояние вентилятора,"797-2.1.1.2.10.",В8 ПК154 Обр,5122
196647,Диспетчерский контроль,Состояние вентилятора,"797-2.1.1.2.11.",В7 ПК137 Г.1 ПК16 Обр,5122
196648,Диспетчерский контроль,Состояние вентилятора,"797-2.1.1.2.12.",В6 ПК116 Обр,5122
196649,Диспетчерский контроль,Состояние вентилятора,"797-2.1.1.2.13.",В5 ПК94 Обр,5122
196650,Диспетчерский контроль,Состояние вентилятора,"797-2.1.1.2.14.",В4 ПК72 Обр,5122
196651,Диспетчерский контроль,Состояние вентилятора,"797-2.1.1.2.15.",В3 ПК54 Обр,5122
196652,Диспетчерский контроль,Состояние вентилятора,"797-2.1.1.2.16.",В2 ПК37 Обр,5122
196653,Диспетчерский контроль,Состояние вентилятора,"797-2.1.1.2.17.",В1 ПК18 Обр,5122
196644,Диспетчерский контроль,Состояние вентилятора,"797-2.1.1.2.8.",В10 ПК202 Обр,5122
196642,Диспетчерский контроль,Состояние фазы,"797-2.1.1.2.6.",ЩАП-23 Ввод1 ПК181 э/щ ДП,5122
196643,Диспетчерский контроль,Состояние фазы,"797-2.1.1.2.7.",ЩАП-23 Ввод2 ПК181 э/щ ДП,5122
196637,Диспетчерский контроль,Состояние фазы,"797-2.1.1.2.1.",ФАНС1 ПК181 Обр,5122
196638,Диспетчерский контроль,Состояние фазы,"797-2.1.1.2.2.",ФАНС2 ПК181 Обр,5122
196640,Диспетчерский контроль,Состояние фазы,"797-2.1.1.2.4.",ФАО1 ПК181 Обр ,5122
196641,Диспетчерский контроль,Состояние фазы,"797-2.1.1.2.5.",ФВ1 ПК181 Обр,5122
196639,Диспетчерский контроль,Состояние фазы,"797-2.1.1.2.3.",ФРО1 ПК181 Обр,5122
196655,Диспетчерский контроль,Переключатель,"797-2.1.2.2.",Управление В9 ПК177 Обр,5122
196656,Диспетчерский контроль,Переключатель,"797-2.1.2.3.",Управление В8 ПК154 Обр,5122
196657,Диспетчерский контроль,Переключатель,"797-2.1.2.4.",Управление В7 ПК137Г.1ПК16 Обр,5122
196658,Диспетчерский контроль,Переключатель,"797-2.1.2.5.",Управление В6 ПК116 Обр,5122
196659,Диспетчерский контроль,Переключатель,"797-2.1.2.6.",Управление В5 ПК94 Обр,5122
196660,Диспетчерский контроль,Переключатель,"797-2.1.2.7.",Управление В4 ПК72 Обр,5122
196661,Диспетчерский контроль,Переключатель,"797-2.1.2.8.",Управление В3 ПК54 Обр,5122
196662,Диспетчерский контроль,Переключатель,"797-2.1.2.9.",Управление В2 ПК37 Обр,5122
196663,Диспетчерский контроль,Переключатель,"797-2.1.2.10.",Управление В1 ПК18 Обр,5122
196654,Диспетчерский контроль,Переключатель,"797-2.1.2.1.",Управление В10 ПК202 Обр,5122
196664,Диспетчерский контроль,Переключатель,"797-2.1.2.11.",Управление ФАНС1 ПК181 Обр,5122
196665,Диспетчерский контроль,Переключатель,"797-2.1.2.12.",Управление ФАНС2 ПК181 Обр,5122
196667,Диспетчерский контроль,Переключатель,"797-2.1.2.14.",Управление ФАО1 ПК181 Обр,5122
196668,Диспетчерский контроль,Переключатель,"797-2.1.2.15.",Управление ФВ1 ПК181 Обр,5122
196666,Диспетчерский контроль,Переключатель,"797-2.1.2.13.",Управление ФРО1 ПК181 Обр,5122
196669,Диспетчерский контроль,Состояние насоса,"797-2.2.1.1.1.",АНС1 Н1 ПК112 Проф,5122
196688,Диспетчерский контроль,Состояние вентилятора,"797-2.2.1.1.26.",В щит ПК148 Проф,5122
196680,Диспетчерский контроль,Состояние вентилятора,"797-2.2.1.1.18.",В8 ПК181 Проф ,5122
196681,Диспетчерский контроль,Состояние вентилятора,"797-2.2.1.1.19.",В7 ПК148 Проф,5122
196682,Диспетчерский контроль,Состояние вентилятора,"797-2.2.1.1.20.",В6 ПК147 Проф,5122
196683,Диспетчерский контроль,Состояние вентилятора,"797-2.2.1.1.21.",В5 ПК112 Проф,5122
196684,Диспетчерский контроль,Состояние вентилятора,"797-2.2.1.1.22.",В4 ПК111 Проф,5122
196685,Диспетчерский контроль,Состояние вентилятора,"797-2.2.1.1.23.",В3 ПК80 Проф,5122
196686,Диспетчерский контроль,Состояние вентилятора,"797-2.2.1.1.24.",В2 ПК29 Проф,5122
196687,Диспетчерский контроль,Состояние вентилятора,"797-2.2.1.1.25.",В1 ПК9 Проф,5122
196695,Диспетчерский контроль,Состояние фазы,"797-2.2.1.2.12.",ФАНС1 (ПК112) ПК148 Проф,5122
196696,Диспетчерский контроль,Состояние фазы,"797-2.2.1.2.13.",ФАНС2 (ПК148) ПК148 Проф,5122
196699,Диспетчерский контроль,Состояние фазы,"797-2.2.1.2.16.",ФАО1 (ПК0-148) (Г3 ПК0-18) ПК148 Проф,5122
196700,Диспетчерский контроль,Состояние фазы,"797-2.2.1.2.17.",ФАО2 (ПК148-200) ПК148 Проф,5122
196701,Диспетчерский контроль,Состояние фазы,"797-2.2.1.2.18.",ФВ1-В5 ПК148 Проф,5122
196702,Диспетчерский контроль,Состояние фазы,"797-2.2.1.2.19.",ФВ6-В8 ПК148 Проф,5122
196697,Диспетчерский контроль,Состояние фазы,"797-2.2.1.2.14.",ФРО1-РО7 ПК148 Проф,5122
196698,Диспетчерский контроль,Состояние фазы,"797-2.2.1.2.15.",ФРО8-РО9 ПК148 Проф,5122
196714,Диспетчерский контроль,Переключатель,"797-2.2.2.9.",Управление В щит ПК148 Проф,5122
196706,Диспетчерский контроль,Переключатель,"797-2.2.2.1.",Управление В8 ПК181 Проф,5122
196707,Диспетчерский контроль,Переключатель,"797-2.2.2.2.",Управление В7 ПК148 Проф,5122
196708,Диспетчерский контроль,Переключатель,"797-2.2.2.3.",Управление В6 ПК147 Проф,5122
196709,Диспетчерский контроль,Переключатель,"797-2.2.2.4.",Управление В5 ПК112 Проф,5122
196710,Диспетчерский контроль,Переключатель,"797-2.2.2.5.",Управление В4 ПК111 Проф,5122
196711,Диспетчерский контроль,Переключатель,"797-2.2.2.6.",Управление В3 ПК80 Проф,5122
196712,Диспетчерский контроль,Переключатель,"797-2.2.2.7.",Управление В2 ПК29 Проф,5122
196713,Диспетчерский контроль,Переключатель,"797-2.2.2.8.",Управление В1 ПК9 Проф,5122
196715,Диспетчерский контроль,Переключатель,"797-2.2.2.17.",Управление ФАНС1 ПК148 Проф,5122
196716,Диспетчерский контроль,Переключатель,"797-2.2.2.18.",Управление ФАНС2 ПК148 Проф,5122
196719,Диспетчерский контроль,Переключатель,"797-2.2.2.21.",Управление ФАО1 ПК148 Проф,5122
196720,Диспетчерский контроль,Переключатель,"797-2.2.2.22.",Управление ФАО2 ПК148 Проф,5122
196721,Диспетчерский контроль,Переключатель,"797-2.2.2.23.",Управление ФВ1-5 ПК148 Проф,5122
196722,Диспетчерский контроль,Переключатель,"797-2.2.2.24.",Управление ФВ6-8 ПК148 Проф,5122
196717,Диспетчерский контроль,Переключатель,"797-2.2.2.19.",Управление ФРО1-7 ПК148 Проф,5122
196718,Диспетчерский контроль,Переключатель,"797-2.2.2.20.",Управление ФРО8-9 ПК148 Проф,5122
196623,Диспетчерский контроль,Состояние насоса,"797-2.1.1.1.1.",АНС1 Н1 ПК137 Г.1 ПК18 Обр,5122
196624,Диспетчерский контроль,Состояние насоса,"797-2.1.1.1.4.",АНС1 Н2 ПК137 Г.1 ПК18 Обр,5122
196625,Диспетчерский контроль,Состояние насоса,"797-2.1.1.1.7.",АНС1 Н3 ПК137 Г.1 ПК18 Обр,5122
196627,Диспетчерский контроль,Состояние насоса,"797-2.1.1.1.13.",АНС2 Н1 ПК100 Обр,5122
196628,Диспетчерский контроль,Состояние фазы,"797-2.1.1.1.16.",ГРО1 ПК26-ПК0 Обр,5122
196629,Диспетчерский контроль,Состояние фазы,"797-2.1.1.1.17.",ГРО2 ПК63-ПК26 Обр,5122
196630,Диспетчерский контроль,Состояние фазы,"797-2.1.1.1.18.",ГРО3 ПК63-ПК96 Обр,5122
196631,Диспетчерский контроль,Состояние фазы,"797-2.1.1.1.19.",ГРО4 ПК137-ПК96 Обр,5122
196632,Диспетчерский контроль,Состояние фазы,"797-2.1.1.1.20.",ГРО5 ПК137 Г.1 ПК0 Обр,5122
196633,Диспетчерский контроль,Состояние фазы,"797-2.1.1.1.21.",ГРО6 ПК137-ПК154 Обр,5122
196634,Диспетчерский контроль,Состояние фазы,"797-2.1.1.1.22.",ГРО7 ПК154-ПК181 Обр,5122
196635,Диспетчерский контроль,Состояние фазы,"797-2.1.1.1.23.",ГРО8 ПК181-ПК206 Обр,5122
196636,Диспетчерский контроль,Состояние фазы,"797-2.1.1.1.24.",ГРО9 ПК206-ПК231 Обр,5122
196673,Диспетчерский контроль,Состояние фазы,"797-2.2.1.1.11.",ГРО1 (ПК231 Г3 ПК0-18) от э/щ Проф.ПК148,5122
196675,Диспетчерский контроль,Состояние фазы,"797-2.2.1.1.13.",ГРО3 (ПК29-50) Проф,5122
196677,Диспетчерский контроль,Состояние фазы,"797-2.2.1.1.15.",ГРО5 (ПК81-112) Проф,5122
196678,Диспетчерский контроль,Состояние фазы,"797-2.2.1.1.16.",ГРО4 (ПК50-81) Проф,5122
196679,Диспетчерский контроль,Состояние фазы,"797-2.2.1.1.17.",ГРО6 (ПК112-130) Проф,5122
196723,Газовая охрана,Газовый датчик,"797-3.1.1.",Газ Д1 Проф. ПК200,5122
196734,Газовая охрана,Газовый датчик,"797-4.1.1.",Газ Д11 Проф. ПК113+5,5122
196735,Газовая охрана,Газовый датчик,"797-4.1.2.",Газ Д12 Проф. ПК110+5,5122
196736,Газовая охрана,Газовый датчик,"797-4.1.3.",Газ Д13 Проф. ПК101,5122
196737,Газовая охрана,Газовый датчик,"797-4.1.4.",Газ Д14 Проф. ПК97+5,5122
196738,Газовая охрана,Газовый датчик,"797-4.1.5.",Газ Д15 Проф. ПК94+5,5122
196739,Газовая охрана,Газовый датчик,"797-4.1.6.",Газ Д16 Проф. ПК84,5122
196740,Газовая охрана,Газовый датчик,"797-4.1.7.",Газ Д17 Проф. ПК79+5,5122
196741,Газовая охрана,Газовый датчик,"797-4.1.8.",Газ Д18 Проф. ПК66+5,5122
196742,Газовая охрана,Газовый датчик,"797-4.1.9.",Газ Д19 Проф. ПК63+5,5122
196743,Газовая охрана,Газовый датчик,"797-4.1.10.",Газ Д20 Проф. ПК51+5,5122
196744,Газовая охрана,Газовый датчик,"797-4.1.11.",Газ Д21 Проф. ПК48+5,5122
196745,Газовая охрана,Газовый датчик,"797-5.1.1.",Газ Д22 Проф. ПК29,5122
196746,Газовая охрана,Газовый датчик,"797-5.1.2.",Газ Д23 Проф. ПК27+5,5122
196764,Газовая охрана,Газовый датчик,"797-7.1.1.",Газ Д35 Обр. ПК178+5,5122
196765,Газовая охрана,Газовый датчик,"797-7.1.2.",Газ Д36 Обр. ПК173+5,5122
196775,Газовая охрана,Газовый датчик,"797-8.1.1.",Газ Д42 Обр. ПК134,5122
196785,Газовая охрана,Газовый датчик,"797-9.1.1.",Газ Д49 Обр. ПК55+5 ,5122
196786,Газовая охрана,Газовый датчик,"797-9.1.2.",Газ Д50 Обр. ПК52+5,5122
196725,Газовая охрана,Газовый датчик,"797-3.1.3.",Газ Д2 Проф. ПК181+5,5122
196726,Газовая охрана,Газовый датчик,"797-3.1.4.",Газ Д3 Проф. ПК178+5,5122
196727,Газовая охрана,Газовый датчик,"797-3.1.5.",Газ Д4 Проф. ПК175,5122
196729,Газовая охрана,Газовый датчик,"797-3.1.7.",Газ Д6 Проф. ПК146+5,5122
196730,Газовая охрана,Газовый датчик,"797-3.1.8.",Газ Д7 Проф. ПК140,5122
196731,Газовая охрана,Газовый датчик,"797-3.1.9.",Газ Д8 Проф. ПК132,5122
196732,Газовая охрана,Газовый датчик,"797-3.1.10.",Газ Д9 Проф. ПК128+5,5122
196789,Газовая охрана,Газовый датчик,"797-9.1.5.",Газ Д51 Обр. ПК38+5,5122
196750,Газовая охрана,Газовый датчик,"797-5.1.6.",Газ Д24 Проф. ПК10+5,5122
196751,Газовая охрана,Газовый датчик,"797-5.1.7.",Газ Д25 Проф. ПК7+5,5122
196752,Газовая охрана,Газовый датчик,"797-5.1.8.",Газ Д26 Проф. ПК2,5122
196767,Газовая охрана,Газовый датчик,"797-7.1.4.",Газ Д37 Обр. ПК155+5,5122
196768,Газовая охрана,Газовый датчик,"797-7.1.5.",Газ Д38 Обр. ПК152+5,5122
196772,Газовая охрана,Газовый датчик,"797-7.1.9.",Газ Д40 Гал. АНС ПК8,5122
196777,Газовая охрана,Газовый датчик,"797-8.1.3.",Газ Д43 Обр. ПК112+5,5122
196778,Газовая охрана,Газовый датчик,"797-8.1.4.",Газ Д44 Обр. ПК101,5122
196779,Газовая охрана,Газовый датчик,"797-8.1.5.",Газ Д45 Обр. ПК95+5,5122
196783,Газовая охрана,Газовый датчик,"797-8.1.9.",Газ Д47 Обр. ПК73+5,5122
196784,Газовая охрана,Газовый датчик,"797-8.1.10.",Газ Д48 Обр. ПК70+5,5122
196790,Газовая охрана,Газовый датчик,"797-9.1.6.",Газ Д52 Обр. ПК35+5,5122
196792,Газовая охрана,Газовый датчик,"797-9.1.8.",Газ Д53 Обр. ПК19+5,5122
196793,Газовая охрана,Газовый датчик,"797-9.1.9.",Газ Д54 Обр. ПК16+5,5122
196774,Газовая охрана,Газовый датчик,"797-7.1.11.",Газ Д41 Гал. АНС ПК16,5122
196771,Газовая охрана,Газовый датчик,"797-7.1.8.",Газ Д39 Обр. ПК137,5122
196780,Газовая охрана,Газовый датчик,"797-8.1.6.",Газ Д46 Обр. ПК92+5,5122
196728,Газовая охрана,Газовый датчик,"797-3.1.6.",Газ Д5 Проф. ПК149+5,5122
196733,Газовая охрана,Газовый датчик,"797-3.1.11.",Газ Д10 Проф. ПК123,5122
196674,Диспетчерский контроль,Состояние фазы,"797-2.2.1.1.12.",ГРО2 (ПК0-29) Проф,5122
196691,Диспетчерский контроль,Состояние фазы,"797-2.2.1.2.8.",ГРО8 (ПК148-181) Проф,5122
196692,Диспетчерский контроль,Состояние фазы,"797-2.2.1.2.9.",ГРО7 (ПК148-130) Проф,5122
196694,Диспетчерский контроль,Состояние фазы,"797-2.2.1.2.11.",ГРО9 (ПК181-200) Проф,5122
196755,Газовая охрана,Газовый датчик,"797-6.1.3.",Газ Д28 Гал. АТС ПК8 ,5122
196753,Газовая охрана,Газовый датчик,"797-6.1.1.",Газ Д27 ПК231Г.3ПК18,5122
196756,Газовая охрана,Газовый датчик,"797-6.1.4.",Газ Д29 Обр. ПК231,5122
196759,Газовая охрана,Газовый датчик,"797-6.1.7.",Газ Д30 Обр. ПК204,5122
196760,Газовая охрана,Газовый датчик,"797-6.1.8.",Газ Д31 Обр. ПК200+5,5122
196761,Газовая охрана,Газовый датчик,"797-6.1.9.",Газ Д32 Обр. ПК196+5,5122
196762,Газовая охрана,Газовый датчик,"797-6.1.10.",Газ Д33 Обр. ПК183+5,5122
196763,Газовая охрана,Газовый датчик,"797-6.1.11.",Газ Д34 Обр. ПК180+5,5122
196689,Диспетчерский контроль,Состояние насоса,"797-2.2.1.2.1.",АНС2 Н1 ПК148 Проф   ,5122
305215,Диспетчерский контроль,Состояние фазы,"797-2.2.1.2.26.",АВР Ввод 1 АВ вкл.,5122
305213,Диспетчерский контроль,Состояние фазы,"797-2.2.1.2.24.",АВР Ввод 1,5122
305216,Диспетчерский контроль,Состояние фазы,"797-2.2.1.2.27.",АВР Ввод 2 АВ вкл.,5122
305214,Диспетчерский контроль,Состояние фазы,"797-2.2.1.2.25.",АВР Ввод 2,5122
196703,Диспетчерский контроль,Состояние фазы,"797-2.2.1.2.20.",ЩАП-23 Ввод1 ПК148 Проф,5122
196704,Диспетчерский контроль,Состояние фазы,"797-2.2.1.2.21.",ЩАП-23 Ввод2 ПК148 Проф,5122
210643,Диспетчерский контроль,Состояние насоса,"797-2.1.1.1.27.",АНС3 Н1 ПК231 Обр,5122
210644,Диспетчерский контроль,Состояние насоса,"797-2.1.1.1.30.",АНС3 Н2 ПК231 Обр,5122
305222,Диспетчерский контроль,Переключатель,"797-2.2.2.12.",Управление ФАНС3,5122
305219,Диспетчерский контроль,Переключатель,"797-2.2.2.10.",Управление Фрез.1,5122
305220,Диспетчерский контроль,Переключатель,"797-2.2.2.11.",Управление Фрез.2,5122
305212,Диспетчерский контроль,Состояние фазы,"797-2.2.1.2.23.",Ф.Резерв 2,5122
305221,Диспетчерский контроль,Состояние фазы,"797-2.2.1.2.30.",ФАНС3.АНС4 (ПК231; Г3 ПК18) ПК148 Проф,5122
305217,Диспетчерский контроль,Состояние фазы,"797-2.2.1.2.28.",АВР Межсекц. перек.,5122
305218,Диспетчерский контроль,Состояние фазы,"797-2.2.1.2.29.",АВР Авария,5122
305223,Диспетчерский контроль,Состояние фазы,"797-2.2.1.2.31.",Ф.Резерв 1,5122
308076,Диспетчерский контроль,Состояние насоса,"797-2.2.1.1.4.",АНС1 Н2 ПК112 Проф,5122
308077,Диспетчерский контроль,Состояние насоса,"797-2.2.1.2.4.",АНС2 Н2 ПК148 Проф,5122
196464,Пожарная охрана,Датчик дыма,"797-1.1.107.7.",ДД ДП подвал разд.2,5123
196465,Охранная подсистема,КД Дверь,"797-1.1.107.1.",КД ДП подвал  вход в кол.,5123
196466,Охранная подсистема,Датчик движения,"797-1.1.107.2.",ОД ДП подвал  вход в кол.,5123
196467,Температурная подсистема,Датчик температуры,"797-1.1.107.255.",Темп. ДП подвал коридор,5123
196468,Пожарная охрана,Датчик дыма,"797-1.1.108.7.",ДД ДП подвал тех.коридор,5123
196469,Температурная подсистема,Датчик температуры,"797-1.1.108.255.",Темп. ДП подвал тех.коридор,5123
196476,Пожарная охрана,Датчик дыма,"797-1.1.112.7.",ДД ДП подвал щитовая,5123
196477,Температурная подсистема,Датчик температуры,"797-1.1.112.255.",Темп. ДП подвал щитовая,5123
196472,Пожарная охрана,Датчик дыма,"797-1.1.110.7.",ДД ДП подвал вентиляторная,5123
196473,Температурная подсистема,Датчик температуры,"797-1.1.110.255.",Темп. ДП подвал тех.коридор,5123
196474,Пожарная охрана,Датчик дыма,"797-1.1.111.7.",ДД ДП подвал разд.1,5123
196475,Температурная подсистема,Датчик температуры,"797-1.1.111.255.",Темп. ДП подвал тех.коридор,5123
196470,Пожарная охрана,Датчик дыма,"797-1.1.109.7.",ДД ДП подвап бойлерная,5123
196471,Температурная подсистема,Датчик температуры,"797-1.1.109.255.",Темп. ДП подвал тех.коридор,5123
196493,Пожарная охрана,Датчик дыма,"797-1.1.116.7.",ДД ДП 1 эт мастерская,5123
196494,Охранная подсистема,Датчик движения,"797-1.1.116.1.",ОД ДП 1 эт мастерская,5123
196496,Температурная подсистема,Датчик температуры,"797-1.1.116.255.",Темп. ДП 1 эт мастерская,5123
196495,Охранная подсистема,КД Дверь,"797-1.1.116.2.",КД ДП 1 эт дверь мастер,5123
196482,Пожарная охрана,Датчик дыма,"797-1.1.114.7.",ДД ДП 1 эт щитовая,5123
196483,Охранная подсистема,Датчик движения,"797-1.1.114.1.",ОД ДП 1 эт щитовая,5123
196490,Охранная подсистема,КД Дверь,"797-1.1.115.3.",КД ДП 1 эт дверь щитовая,5123
196486,Температурная подсистема,Датчик температуры,"797-1.1.114.255.",Темп. ДП 1 эт щитовая,5123
196489,Охранная подсистема,КД Дверь,"797-1.1.115.2.",КД ДП 1 эт дверь зап.вход,5123
196491,Охранная подсистема,Датчик движения,"797-1.1.115.4.",ОД ДП 1 эт зап.вход,5123
196492,Температурная подсистема,Датчик температуры,"797-1.1.115.255.",Темп. ДП 1 эт коридор,5123
196487,Пожарная охрана,Датчик дыма,"797-1.1.115.7.",ДД ДП 1 эт коридор,5123
196488,Охранная подсистема,КД Дверь,"797-1.1.115.1.",КД ДП 1 эт дверь 2 кор,5123
196479,Охранная подсистема,КД Дверь,"797-1.1.113.4.",КД ДП 1 эт дверь ком.отдыха,5123
196478,Пожарная охрана,Датчик дыма,"797-1.1.113.7.",ДД ДП 1 эт ком. отдыха,5123
196480,Охранная подсистема,Датчик движения,"797-1.1.113.5.",ОД ДП 1 эт ком. отдыха,5123
196481,Температурная подсистема,Датчик температуры,"797-1.1.113.255.",Темп. ДП 1 эт ком.отдыха,5123
196502,Пожарная охрана,Датчик дыма,"797-1.1.118.7.",ДД ДП 1 эт ком.техника,5123
196503,Охранная подсистема,Датчик движения,"797-1.1.118.1.",ОД ДП 1 эт. ком.техника,5123
196504,Охранная подсистема,КД Дверь,"797-1.1.118.2.",КД ДП 1 эт дверь ком.техника,5123
196505,Температурная подсистема,Датчик температуры,"797-1.1.118.255.",Темп. ДП 1 эт ком. техника,5123
196498,Охранная подсистема,КД Дверь,"797-1.1.117.1.",КД ДП 1 эт дверь вход,5123
196499,Охранная подсистема,Датчик движения,"797-1.1.117.2.",ОД ДП 1 эт вход,5123
196500,Охранная подсистема,КД Дверь,"797-1.1.117.3.",КД ДП 1 эт дверь1 коридор,5123
196501,Температурная подсистема,Датчик температуры,"797-1.1.117.255.",Темп. ДП 1 эт коридор,5123
196228,Диспетчерский контроль,Состояние охраны,"797-1.1.4096.1.",Охранная зона ДП этаж 1,5123
196497,Пожарная охрана,Датчик дыма,"797-1.1.117.7.",ДД ДП 1 эт коридор,5123
196532,Температурная подсистема,Датчик температуры,"797-1.1.124.255.",Темп. ДП 2 эт коридор,5124
196523,Пожарная охрана,Датчик дыма,"797-1.1.123.7.",ДД ДП 2 эт кухня ,5124
196524,Охранная подсистема,КД Дверь,"797-1.1.123.4.",КД ДП 2 эт дверь кухня,5124
196525,Охранная подсистема,Датчик движения,"797-1.1.123.5.",ОД ДП 2 эт кухня,5124
196526,Температурная подсистема,Датчик температуры,"797-1.1.123.255.",Темп. ДП 2 эт кухня,5124
196509,Пожарная охрана,Датчик дыма,"797-1.1.120.7.",ДД ДП 2 эт лестница,5124
196510,Охранная подсистема,КД Дверь,"797-1.1.120.1.",КД ДП 2 эт дверь1 мастерская,5124
196511,Охранная подсистема,КД Дверь,"797-1.1.120.2.",КД ДП 2 эт дверь2 мастерская,5124
196512,Температурная подсистема,Датчик температуры,"797-1.1.120.255.",Темп. ДП 2 эт лестница,5124
196231,Диспетчерский контроль,Состояние охраны,"797-1.1.4096.11.",Охранная зона ДП этаж 2,5124
196529,Охранная подсистема,КД Дверь,"797-1.1.124.3.",КД ДП 2 эт дверь вход,5124
196521,Охранная подсистема,Датчик движения,"797-1.1.122.5.",ОД ДП 2 эт зап.вход,5124
196519,Охранная подсистема,КД Дверь,"797-1.1.122.1.",КД ДП 2 эт дверь склад2,5124
196522,Температурная подсистема,Датчик температуры,"797-1.1.122.255.",Темп. ДП 2 эт склад2,5124
196507,Охранная подсистема,Датчик движения,"797-1.1.119.1.",ОД ДП 2 эт мастерская,5124
196514,Охранная подсистема,КД Дверь,"797-1.1.121.1.",КД ДП 2 эт дверь склад1,5124
196515,Охранная подсистема,КД Дверь,"797-1.1.121.2.",КД ДП 2 эт дверь склад-лестница,5124
196528,Охранная подсистема,КД Дверь,"797-1.1.124.1.",КД ДП 2 эт дверь мастерская,5124
196518,Пожарная охрана,Датчик дыма,"797-1.1.122.7.",ДД ДП 2 эт склад2,5124
196531,Охранная подсистема,Датчик движения,"797-1.1.124.5.",ОД ДП 2 эт вход,5124
196520,Охранная подсистема,КД Дверь,"797-1.1.122.4.",КД ДП 2 эт дверь зап.вход,5124
196530,Охранная подсистема,КД Дверь,"797-1.1.124.4.",КД ДП 2 эт дверь коридор-лестница,5124
196516,Охранная подсистема,Датчик движения,"797-1.1.121.5.",ОД ДП 2 эт склад1,5124
196513,Пожарная охрана,Датчик дыма,"797-1.1.121.7.",ДД ДП 2 эт склад1,5124
196517,Температурная подсистема,Датчик температуры,"797-1.1.121.255.",Темп. ДП 2 эт склад1,5124
196506,Пожарная охрана,Датчик дыма,"797-1.1.119.7.",ДД ДП 2 эт мастерская,5124
196508,Температурная подсистема,Датчик температуры,"797-1.1.119.255.",Темп. ДП 2 эт мастерская,5124
196527,Пожарная охрана,Датчик дыма,"797-1.1.124.7.",ДД ДП 2 эт коридор,5124
227282,Охранная подсистема,Датчик движения,"798-1.1.126.2.","ОД ПК35,5(Каб)",5129
227284,Охранная подсистема,КД Дверь,"798-1.1.67.3.",КД дв.отс. ПК20 ур.1,5129
227289,Охранная подсистема,Датчик движения,"798-1.1.127.2.",ОД ПК32,5129
196820,Диспетчерский контроль,Состояние охраны,"798-1.1.4096.4095.",[Охранная зона]0: Гагаринский,5129
196963,Охранная подсистема,КД АВ,"798-1.1.66.3.",КД АВ ПК0,5129
196961,Охранная подсистема,КД Дверь,"798-1.1.66.1.",КД дверь отс. ПК0,5129
196962,Охранная подсистема,КД АВ,"798-1.1.66.2.",КД дверь ПК0 сопр. Тэц-20,5129
196964,Температурная подсистема,Датчик температуры,"798-1.1.66.255.",Темп. ПК0,5129
196884,Охранная подсистема,Датчик движения,"798-1.1.35.2.",ОД АВ ПК0,5129
196885,Охранная подсистема,Датчик движения,"798-1.1.36.2.",ОД ВШ ПК0,5129
196882,Охранная подсистема,Датчик движения,"798-1.1.34.2.",ОД ПК0 сопр. Тэц-20,5129
196883,Температурная подсистема,Датчик температуры,"798-1.1.34.1.",Темп. ПК0 сопр. Тэц-20,5129
197016,Пожарная охрана,Состояние УИР-Р,"798-1.1.91.1.",УИР-Р АВ ПК0,5129
196966,Охранная подсистема,КД АВ,"798-1.1.67.2.",КД АВ ПК20,5129
196965,Охранная подсистема,КД Дверь,"798-1.1.67.1.",КД дверь ВК ПК20 ур.2,5129
196889,Охранная подсистема,Датчик движения,"798-1.1.38.2.",ОД АВ ПК20,5129
196887,Охранная подсистема,Датчик движения,"798-1.1.37.2.",ОД ВШ ПК20,5129
197017,Пожарная охрана,Состояние УИР-Р,"798-1.1.92.1.",УИР-Р АВ ПК20,5129
196967,Охранная подсистема,КД АВ,"798-1.1.68.1.",КД АВ ПК35*,5129
196892,Охранная подсистема,Датчик движения,"798-1.1.40.2.",ОД АВ ПК35*,5129
197018,Пожарная охрана,Состояние УИР-Р,"798-1.1.93.1.",УИР-Р АВ ПК35,5129
196970,Охранная подсистема,КД АВ,"798-1.1.70.1.",КД АВ ПК56*,5129
196968,Охранная подсистема,КД АВ,"798-1.1.69.1.",КД АВ ПК56,5129
196971,Охранная подсистема,КД Дверь,"798-1.1.70.2.",КД дверь отс. ПК56*,5129
196969,Пожарная охрана,Датчик дыма,"798-1.1.70.7.",ДД ПК57-ПК60,5129
196972,Температурная подсистема,Датчик температуры,"798-1.1.70.255.","Темп. ПК55,5",5129
196893,Охранная подсистема,Датчик движения,"798-1.1.41.2.",ОД АВ ПК56,5129
196896,Охранная подсистема,Датчик движения,"798-1.1.43.2.",ОД ВШ ПК56,5129
196895,Температурная подсистема,Датчик температуры,"798-1.1.42.1.",Темп. ПК56*,5129
196894,Охранная подсистема,Датчик движения,"798-1.1.42.2.",ОД АВ ПК56*,5129
196897,Охранная подсистема,Датчик движения,"798-1.1.44.2.",ОД развилка ПК56,5129
196898,Температурная подсистема,Датчик температуры,"798-1.1.44.1.",Темп. ПК56,5129
196974,Охранная подсистема,КД Дверь,"798-1.1.71.1.",КД дверь отс. ПК56 Гаг.(Каб),5129
196973,Пожарная охрана,Датчик дыма,"798-1.1.71.7.",ДД ПК56-ПК57 Гаг.(Каб),5129
197020,Пожарная охрана,Состояние УИР-Р,"798-1.1.95.1.",УИР-Р АВ ПК56 Труб.,5129
197019,Пожарная охрана,Состояние УИР-Р,"798-1.1.94.1.",УИР-Р АВ ПК56,5129
196985,Пожарная охрана,Датчик дыма,"798-1.1.74.7.","ДД ПК57,5-ПК60,5",5129
196986,Охранная подсистема,КД Люк,"798-1.1.74.1.","КД люк ПК62,5",5129
197022,Пожарная охрана,Состояние УИР-Р,"798-1.1.97.1.","УИР-Р ПК60,5",5129
196987,Температурная подсистема,Датчик температуры,"798-1.1.74.255.","Темп.ПК60,5",5129
196903,Охранная подсистема,Датчик движения,"798-1.1.47.2.","ОД люк ПК62,5",5129
196904,Температурная подсистема,Датчик температуры,"798-1.1.47.1.","Темп.ПК62,5",5129
196976,Пожарная охрана,Датчик дыма,"798-1.1.72.7.",ДД ПК60-ПК64 Гаг.(Каб),5129
196977,Температурная подсистема,Датчик температуры,"798-1.1.72.255.",Темп. ПК64 Гаг.(Каб),5129
196989,Охранная подсистема,КД Дверь,"798-1.1.75.1.",КД дверь отс. ПК67,5129
196988,Пожарная охрана,Датчик дыма,"798-1.1.75.7.","ДД ПК61,5-ПК65,5",5129
196990,Температурная подсистема,Датчик температуры,"798-1.1.75.255.","Темп. ПК65,5",5129
197021,Пожарная охрана,Состояние УИР-Р,"798-1.1.96.1.",УИР-Р ПК67,5129
196993,Охранная подсистема,КД Люк,"798-1.1.76.2.",КД люк ПК69,5129
196992,Охранная подсистема,КД Дверь,"798-1.1.76.1.",КД дверь отс. ПК69,5129
196991,Пожарная охрана,Датчик дыма,"798-1.1.76.7.",ДД ПК66-ПК69,5129
196994,Температурная подсистема,Датчик температуры,"798-1.1.76.255.",ТЕМП. ПК69,5129
196982,Охранная подсистема,КД АВ,"798-1.1.73.4.",КД АВ ПК68 Гаг.(Каб),5129
196983,Охранная подсистема,КД Дверь,"798-1.1.73.5.",КД дверь в Анд.наб. ПК69 Гаг.(Каб),5129
196979,Охранная подсистема,КД Дверь,"798-1.1.73.1.","КД дверь отс. ПК67,3 Гаг.(Каб)",5129
196981,Охранная подсистема,КД Дверь,"798-1.1.73.3.","КД дверь отс. ПК66,7 Гаг.(Каб)",5129
196978,Пожарная охрана,Датчик дыма,"798-1.1.73.7.",ДД ПК65-ПК69 Гаг.(Каб),5129
196984,Температурная подсистема,Датчик температуры,"798-1.1.73.255.",Темп. ПК69(Каб),5129
196907,Охранная подсистема,Датчик движения,"798-1.1.49.2.",ОД ПК69 ВШ,5129
196908,Температурная подсистема,Датчик температуры,"798-1.1.49.1.",Темп.ПК69 ВШ,5129
196996,Охранная подсистема,КД Люк,"798-1.1.77.1.",КД люк ПК71,5129
196997,Охранная подсистема,КД Дверь,"798-1.1.77.3.",КД дверь в Анд. наб. ПК71,5129
196995,Пожарная охрана,Датчик дыма,"798-1.1.77.7.",ДД ПК71 Гал.ДП ПК0-ПК4,5129
196998,Температурная подсистема,Датчик температуры,"798-1.1.77.255.",Темп. ПК71,5129
196911,Охранная подсистема,Датчик движения,"798-1.1.51.2.",ОД ПК71 Гаг. гал ДП,5129
196912,Температурная подсистема,Датчик температуры,"798-1.1.51.1.",Темп. ПК71,5129
196910,Температурная подсистема,Датчик температуры,"798-1.1.50.1.",Темп.ПК71,5129
196909,Охранная подсистема,Датчик движения,"798-1.1.50.2.",ОД ПК71 Гаг. Анд.наб.,5129
197000,Пожарная охрана,Датчик дыма,"798-1.1.78.7.",ДД ПК71 Гал.ДП ПК4-ПК8,5129
196999,Температурная подсистема,Датчик температуры,"798-1.1.78.255.",Темп. ПК71 Гал.ДП ПК7,5129
196913,Охранная подсистема,Датчик движения,"798-1.1.52.2.",ОД вход ДП ПК71 Гал.ДП ПК8,5129
196914,Температурная подсистема,Датчик температуры,"798-1.1.52.1.",Темп. ПК71 Гал.ДП ПК8,5129
197024,Пожарная охрана,Состояние УИР-Р,"798-1.1.99.1.",УИР-Р ПК71 Гал.ДП ПК8,5129
196899,Охранная подсистема,Датчик движения,"798-1.1.45.2.",ОД техн. лаз ПК67 Гаг.(каб),5129
196900,Температурная подсистема,Датчик температуры,"798-1.1.45.1.",Темп. ПК67 Гаг.(каб),5129
196905,Охранная подсистема,Датчик движения,"798-1.1.48.2.",ОД ПК68,5129
196906,Температурная подсистема,Датчик температуры,"798-1.1.48.1.",Темп. ПК68,5129
197023,Пожарная охрана,Состояние УИР-Р,"798-1.1.98.1.",УИР-Р ПК71,5129
221466,Охранная подсистема,Датчик движения,"798-1.1.121.2.",ОД ПК71 Гал.ДП ПК8 ВШ,5129
221468,Охранная подсистема,Датчик движения,"798-1.1.122.2.",ОД ПК69 ВШ Труб.,5129
231113,Охранная подсистема,Датчик движения,"798-1.1.128.2.",ОД ПК6 Гал ПК0,5129
197113,Газовая охрана,Газовый датчик,"798-2.3.1.1.3.","ГАЗ АС1 Д1-3
 ПК 1, 7, 19
Гагаринский",5132
197114,Газовая охрана,Газовый датчик,"798-2.3.1.1.6.","ГАЗ АС2 Д4-6
ПК 22, 35 труб., 49 труб. Гагаринский",5132
197115,Газовая охрана,Газовый датчик,"798-2.3.1.1.9.","ГАЗ АС3 Д7-9
ПК 50 труб., 53 труб., 55 труб Гагаринский",5132
197116,Газовая охрана,Газовый датчик,"798-2.3.1.1.12.","ГАЗ АС4 Д10-12
 ПК 65 труб., 68 труб., 71 труб. Гагаринский",5132
197119,Газовая охрана,Газовый датчик,"798-2.3.1.1.21.","ГАЗ АС5 Д13-15
ПК 35 каб., 43 каб., 56 каб.
Гагаринский",5132
197120,Газовая охрана,Газовый датчик,"798-2.3.1.1.24.","ГАЗ АС6 Д16-18
ПК 56+8 каб., 63 каб., 65 каб
Гагаринский",5132
197121,Газовая охрана,Газовый датчик,"798-2.3.1.1.27.","ГАЗ АС7 Д19
ПК68 каб.
Гагаринский",5132
197124,Газовая охрана,Газовый датчик,"798-2.3.1.2.6.","ГАЗ АС8 Д20-22
ПК 71 ГПК0, ГПК 4, ГПК 7 Гагаринский",5132
197125,Диспетчерский контроль,Состояние вентилятора,"798-2.3.1.2.7.",В1 ПК0,5132
197126,Диспетчерский контроль,Состояние вентилятора,"798-2.3.1.2.8.",В2 ПК0,5132
197127,Диспетчерский контроль,Состояние вентилятора,"798-2.3.1.2.9.",В3 ПК20,5132
197128,Диспетчерский контроль,Состояние вентилятора,"798-2.3.1.2.10.",В4 ПК35,5132
197130,Диспетчерский контроль,Состояние вентилятора,"798-2.3.1.2.12.",В5 ПК66,5132
197129,Диспетчерский контроль,Состояние вентилятора,"798-2.3.1.2.11.",В6 ПК66,5132
197135,Диспетчерский контроль,Состояние фазы,"798-2.3.1.2.18.",ГРО1 ПК20-0 Гагаринский,5132
197136,Диспетчерский контроль,Состояние фазы,"798-2.3.1.2.19.",ГРО2 ПК35-20 Гагаринский,5132
197137,Диспетчерский контроль,Состояние фазы,"798-2.3.1.2.20.",ГРО3 ПК35-56 Гагаринский,5132
197138,Диспетчерский контроль,Состояние фазы,"798-2.3.1.2.21.",ГРО4 ПК56-69 (каб) Гагаринский,5132
197139,Диспетчерский контроль,Состояние фазы,"798-2.3.1.2.22.",ГРО5 ПК56-69 (труб) Гагаринский,5132
197140,Диспетчерский контроль,Состояние фазы,"798-2.3.1.2.23.",ГРО6 ПК71-ПК71Гал.ПК0-8 Гагаринский,5132
197149,Диспетчерский контроль,Состояние насоса,"798-2.3.1.3.12.",АНС1 ПК35 Н1,5132
197150,Диспетчерский контроль,Состояние насоса,"798-2.3.1.3.15.",АНС1 ПК35 Н2,5132
197146,Диспетчерский контроль,Состояние насоса,"798-2.3.1.3.3.",АНС2 ПК35 Н1,5132
197147,Диспетчерский контроль,Состояние насоса,"798-2.3.1.3.6.",АНС2 ПК35 Н2,5132
197163,Диспетчерский контроль,Состояние фазы,"798-2.3.1.3.30.",ФАНС1 Гагаринский ДП,5132
197164,Диспетчерский контроль,Состояние фазы,"798-2.3.1.3.31.",ФАНС2 Гагаринский ДП,5132
197156,Диспетчерский контроль,Состояние фазы,"798-2.3.1.3.23.",ФАО Гагаринский ДП,5132
197160,Диспетчерский контроль,Состояние фазы,"798-2.3.1.3.27.",ФВ1 Гагаринский ДП,5132
197152,Диспетчерский контроль,Состояние фазы,"798-2.3.1.3.19.",ФРО1 Гагаринский ДП,5132
197153,Диспетчерский контроль,Состояние фазы,"798-2.3.1.3.20.",ФРО2 Гагаринский ДП,5132
197167,Диспетчерский контроль,Переключатель,"798-2.3.2.1.",Управление В1 ПК0 г,5132
197168,Диспетчерский контроль,Переключатель,"798-2.3.2.2.",Управление В2 ПК0 г,5132
197169,Диспетчерский контроль,Переключатель,"798-2.3.2.3.",Управление В3 ПК20 г,5132
197170,Диспетчерский контроль,Переключатель,"798-2.3.2.4.",Управление В4 ПК35 г,5132
197172,Диспетчерский контроль,Переключатель,"798-2.3.2.6.",Управление В5 ПК66 г,5132
197171,Диспетчерский контроль,Переключатель,"798-2.3.2.5.",Управление В6 ПК66 г,5132
197188,Диспетчерский контроль,Переключатель,"798-2.3.2.23.",Управление ФАНС1 г,5132
197189,Диспетчерский контроль,Переключатель,"798-2.3.2.24.",Управление ФАНС2 г,5132
197185,Диспетчерский контроль,Переключатель,"798-2.3.2.20.",Управление ФВ1 г,5132
197177,Диспетчерский контроль,Переключатель,"798-2.3.2.12.",Управление ФРО1 г,5132
197178,Диспетчерский контроль,Переключатель,"798-2.3.2.13.",Управление ФРО2 г,5132
197181,Диспетчерский контроль,Переключатель,"798-2.3.2.16.",Управление ФАО г,5132
197004,Охранная подсистема,КД Дверь,"798-1.1.79.4.",КД дверь в к-р ,5132
197032,Пожарная охрана,Датчик дыма,"798-1.1.110.7.",ДД мастер. коридор ДП,5132
197033,Пожарная охрана,Ручной извещатель,"798-1.1.110.5.",ИПР вход в ДП,5132
197035,Пожарная охрана,Датчик дыма,"798-1.1.111.7.","ДД пульт,щит,к отдыха ДП",5132
197036,Пожарная охрана,Ручной извещатель,"798-1.1.111.5.",ИПР вход в к-р,5132
197002,Охранная подсистема,КД Дверь,"798-1.1.79.2.",КД охр.контур1 ДП,5132
197003,Охранная подсистема,Датчик движения,"798-1.1.79.3.",ОД охр.контур2 ДП,5132
197034,Температурная подсистема,Датчик температуры,"798-1.1.110.255.",Темп. ДП,5132
197037,Температурная подсистема,Датчик температуры,"798-1.1.111.255.",Темп. ДП,5132
196823,Диспетчерский контроль,Состояние охраны,"798-1.1.4096.5.",[Охранная зона]3: 3: ДП,5132
197148,Диспетчерский контроль,Состояние насоса,"798-2.3.1.3.9.",АНС1 ПК35 Н3,5132
214113,Диспетчерский контроль,Переключатель,"217-2.2.2.1.",OKL1,5218
214114,Диспетчерский контроль,Переключатель,"217-2.2.2.2.",OKL2,5218
214111,Диспетчерский контроль,Состояние фазы,"217-2.2.1.2.13.",ОК-31 вкл ,5218
214251,Диспетчерский контроль,Переключатель,"217-2.4.2.4.",Управление 1ФРО2,5218
214222,Диспетчерский контроль,Состояние фазы,"217-2.4.1.3.17.","1ФРО2",5218
214096,Диспетчерский контроль,Состояние вентилятора,"217-2.2.1.1.1.",В0 ПК540,5218
214120,Газовая охрана,Газовый датчик,"217-2.3.1.1.6.","ГАЗ АС-17 Д46-48 ПК775+4, 782+7, 785+8
",5218
214144,Диспетчерский контроль,Переключатель,"217-2.3.2.33.",Проверка газа 2,5218
214112,Диспетчерский контроль,Состояние фазы,"217-2.2.1.2.14.",ОК-34,5218
214121,Газовая охрана,Газовый датчик,"217-2.3.1.1.8.","ГАЗ АС-18 Д49-51 ПК795+7, 806, 814+1
",5218
214145,Диспетчерский контроль,Переключатель,"217-2.3.2.34.",Блокировка газа 2,5218
214122,Газовая охрана,Газовый датчик,"217-2.3.1.1.10.","ГАЗ АС-19 Д52-54 ПК816+2, 826+7, 832+4
",5218
214118,Газовая охрана,Газовый датчик,"217-2.3.1.1.2.","ГАЗ АС-15 Д40-42 ПК734+4, 743+7, 753
",5218
214123,Газовая охрана,Газовый датчик,"217-2.3.1.1.12.","ГАЗ АС-20 Д55-57 ПК840, 843+5, 852
",5218
214119,Газовая охрана,Газовый датчик,"217-2.3.1.1.4.","ГАЗ АС-16 Д43-45 ПК755, 760+4, 765+2",5218
214195,Газовая охрана,Газовый датчик,"217-2.4.1.1.2.","ГАЗ АС-1 Д1, 2 ПК501, 503 ",5218
214208,Газовая охрана,Газовый датчик,"217-2.4.1.1.28.","ГАЗ АС-14 Д37-39 ПК714+6, 721, 724+9",5218
214209,Диспетчерский контроль,Состояние фазы,"217-2.4.1.3.1.",АВР Ввод1 вх,5218
214210,Диспетчерский контроль,Состояние фазы,"217-2.4.1.3.2.",АВР Ввод1 Вкл,5218
214218,Диспетчерский контроль,Состояние фазы,"217-2.4.1.3.10.",АВР Секц.выкл Авария,5218
214211,Диспетчерский контроль,Состояние фазы,"217-2.4.1.3.3.",АВР Ввод2 вх,5218
214254,Диспетчерский контроль,Переключатель,"217-2.4.2.7.",Управление 1ФВ2,5218
214259,Диспетчерский контроль,Переключатель,"217-2.4.2.17.",Управление 0В,5218
214196,Газовая охрана,Газовый датчик,"217-2.4.1.1.4.","ГАЗ АС-2 Д3-5 ПК506, 508+3, 515+9",5218
214197,Газовая охрана,Газовый датчик,"217-2.4.1.1.6.","ГАЗ АС-3 Д6-8 ПК526+1, 527+9, 532+9",5218
214198,Газовая охрана,Газовый датчик,"217-2.4.1.1.8.","ГАЗ АС-4 Д9-11 ПК539+7, Тех. кор. ДП., 542+4
",5218
214216,Диспетчерский контроль,Состояние фазы,"217-2.4.1.3.8.",АВР Ввод1 Авария,5218
214213,Диспетчерский контроль,Состояние фазы,"217-2.4.1.3.5.",АВР Ввод1 Откл,5218
214217,Диспетчерский контроль,Состояние фазы,"217-2.4.1.3.9.",АВР Ввод2 Авария,5218
214212,Диспетчерский контроль,Состояние фазы,"217-2.4.1.3.4.",АВР Ввод2 Вкл,5218
214214,Диспетчерский контроль,Состояние фазы,"217-2.4.1.3.6.",АВР Ввод2 Откл,5218
214215,Диспетчерский контроль,Состояние фазы,"217-2.4.1.3.7.",АВР Секц.выкл Откл,5218
214225,Диспетчерский контроль,Состояние фазы,"217-2.4.1.4.3.","1ФВ2",5218
214276,Диспетчерский контроль,Переключатель,"217-2.4.2.34.", Блокировка газа 1,5218
214275,Диспетчерский контроль,Переключатель,"217-2.4.2.33.",Проверка газа 1,5218
214220,Диспетчерский контроль,Состояние фазы,"217-2.4.1.3.13.","1ФАО2",5218
214249,Диспетчерский контроль,Переключатель,"217-2.4.2.2.",Управление 1ФАО2,5218
214103,Диспетчерский контроль,Состояние вентилятора,"217-2.2.1.1.15.","1с В ПК506",5218
214104,Диспетчерский контроль,Состояние вентилятора,"217-2.2.1.1.17.","2с В ПК526",5218
214219,Диспетчерский контроль,Состояние фазы,"217-2.4.1.3.11.","1ФАО1",5218
214221,Диспетчерский контроль,Состояние фазы,"217-2.4.1.3.15.","1ФРО1",5218
214244,Диспетчерский контроль,Состояние фазы,"217-2.4.1.4.26.","10РО ПК739-765",5218
214245,Диспетчерский контроль,Состояние фазы,"217-2.4.1.4.27.","11РО ПК765-800",5218
214246,Диспетчерский контроль,Состояние фазы,"217-2.4.1.4.28.","12РО ПК800-827",5218
214247,Диспетчерский контроль,Состояние фазы,"217-2.4.1.4.29.","13РО ПК827-852",5218
214238,Диспетчерский контроль,Состояние фазы,"217-2.4.1.4.20.","1РО ПК499-ПК507",5218
214224,Диспетчерский контроль,Состояние фазы,"217-2.4.1.4.1.","1ФВ1",5218
214239,Диспетчерский контроль,Состояние фазы,"217-2.4.1.4.21.","2РО ПК507-ПК526",5218
214240,Диспетчерский контроль,Состояние фазы,"217-2.4.1.4.22.","3РО ПК526-ПК542",5218
214241,Диспетчерский контроль,Состояние фазы,"217-2.4.1.4.23.","7РО ПК688-693",5218
214242,Диспетчерский контроль,Состояние фазы,"217-2.4.1.4.24.","8РО ПК693-716",5218
214243,Диспетчерский контроль,Состояние фазы,"217-2.4.1.4.25.","9РО ПК716-739",5218
214248,Диспетчерский контроль,Переключатель,"217-2.4.2.1.",Управление 1ФАО1,5218
214253,Диспетчерский контроль,Переключатель,"217-2.4.2.6.",Управление 1ФВ1,5218
214250,Диспетчерский контроль,Переключатель,"217-2.4.2.3.",Управление 1ФРО1,5218
214267,Диспетчерский контроль,Переключатель,"217-2.4.2.25.",Управление 2сВ,5218
214266,Диспетчерский контроль,Переключатель,"217-2.4.2.24.",Управление 1сВ ,5218
214129,Диспетчерский контроль,Состояние вентилятора,"217-2.3.1.2.11.",В12 ПК753,5218
214130,Диспетчерский контроль,Состояние вентилятора,"217-2.3.1.2.13.",В13 ПК784,5218
214131,Диспетчерский контроль,Состояние вентилятора,"217-2.3.1.2.15.",В14 ПК815,5218
214132,Диспетчерский контроль,Состояние вентилятора,"217-2.3.1.2.17.",В15 ПК815,5218
214133,Диспетчерский контроль,Состояние вентилятора,"217-2.3.1.2.19.",В16 ПК842,5218
214125,Диспетчерский контроль,Состояние фазы,"217-2.3.1.2.3.","2ФРО ",5218
214126,Диспетчерский контроль,Состояние фазы,"217-2.3.1.2.5.","2ФВ",5218
214124,Диспетчерский контроль,Состояние фазы,"217-2.3.1.2.1.","2ФАО",5218
214139,Диспетчерский контроль,Переключатель,"217-2.3.2.6.",Управление В12,5218
214140,Диспетчерский контроль,Переключатель,"217-2.3.2.7.",Управление В13,5218
214141,Диспетчерский контроль,Переключатель,"217-2.3.2.8.",Управление В14,5218
214142,Диспетчерский контроль,Переключатель,"217-2.3.2.9.",Управление В15,5218
214143,Диспетчерский контроль,Переключатель,"217-2.3.2.10.",Управление В16,5218
214134,Диспетчерский контроль,Переключатель,"217-2.3.2.1.",Управление 2ФАО,5218
214136,Диспетчерский контроль,Переключатель,"217-2.3.2.3.",Управление 2ФВ,5218
214135,Диспетчерский контроль,Переключатель,"217-2.3.2.2.",Управление 2ФРО,5218
214128,Диспетчерский контроль,Состояние вентилятора,"217-2.3.1.2.9.",В11 ПК722,5218
214138,Диспетчерский контроль,Переключатель,"217-2.3.2.5.",Управление В11,5218
229270,Пожарная охрана,Датчик дыма,"847-1.1.55.56.",ДД ПК0+6,5332
229269,Пожарная охрана,Датчик дыма,"847-1.1.55.55.","ДД ПК1+0,5",5332
229267,Пожарная охрана,Датчик дыма,"847-1.1.55.53.",ДД ПК2+1,5332
229268,Пожарная охрана,Датчик дыма,"847-1.1.55.54.",ДД ПК1+5,5332
229265,Пожарная охрана,Датчик дыма,"847-1.1.55.51.",ДД ПК3,5332
229266,Пожарная охрана,Датчик дыма,"847-1.1.55.52.","ДД ПК2+5,5",5332
229263,Пожарная охрана,Датчик дыма,"847-1.1.55.49.",ДД ПК4,5332
229264,Пожарная охрана,Датчик дыма,"847-1.1.55.50.",ДД ПК3+5,5332
229261,Пожарная охрана,Датчик дыма,"847-1.1.55.47.",ДД ПК4+9,5332
229262,Пожарная охрана,Датчик дыма,"847-1.1.55.48.","ДД ПК4+4,5",5332
229259,Пожарная охрана,Датчик дыма,"847-1.1.55.45.",ДД ПК5+8,5332
229260,Пожарная охрана,Датчик дыма,"847-1.1.55.46.","ДД ПК5+3,5",5332
229257,Пожарная охрана,Датчик дыма,"847-1.1.55.43.",ДД ПК6+7,5332
229258,Пожарная охрана,Датчик дыма,"847-1.1.55.44.","ДД ПК6+2,5",5332
229254,Пожарная охрана,Датчик дыма,"847-1.1.55.40.","ДД ПК7+5,5 К",5332
229226,Пожарная охрана,Датчик дыма,"847-1.1.55.12.",ДД ПК13+2,5332
229234,Пожарная охрана,Датчик дыма,"847-1.1.55.20.",ДД ПК16+9,5332
229224,Пожарная охрана,Датчик дыма,"847-1.1.55.10.","ДД ПК12+3,5",5332
229228,Пожарная охрана,Датчик дыма,"847-1.1.55.14.",ДД ПК14+2,5332
229230,Пожарная охрана,Датчик дыма,"847-1.1.55.16.",ДД ПК15+1,5332
229235,Пожарная охрана,Датчик дыма,"847-1.1.55.21.","ДД ПК17+3,5",5332
229236,Пожарная охрана,Датчик дыма,"847-1.1.55.22.",ДД ПК17+8,5332
229237,Пожарная охрана,Датчик дыма,"847-1.1.55.23.","ДД ПК18+2,5",5332
229238,Пожарная охрана,Датчик дыма,"847-1.1.55.24.",ДД ПК18+7,5332
229233,Пожарная охрана,Датчик дыма,"847-1.1.55.19.","ДД ПК16+4,5",5332
229191,Пожарная охрана,Датчик дыма,"847-1.1.54.77.",ДД ПК25+1,5332
229190,Пожарная охрана,Датчик дыма,"847-1.1.54.76.","ДД ПК25+5,5",5332
229189,Пожарная охрана,Датчик дыма,"847-1.1.54.75.",ДД ПК26,5332
229188,Пожарная охрана,Датчик дыма,"847-1.1.54.74.","ДД ПК26+4,5",5332
229187,Пожарная охрана,Датчик дыма,"847-1.1.54.73.",ДД ПК26+9,5332
229186,Пожарная охрана,Датчик дыма,"847-1.1.54.72.","ДД ПК27+3,5",5332
229185,Пожарная охрана,Датчик дыма,"847-1.1.54.71.",ДД ПК27+8,5332
229184,Пожарная охрана,Датчик дыма,"847-1.1.54.70.","ДД ПК28+2,5",5332
229183,Пожарная охрана,Датчик дыма,"847-1.1.54.69.",ДД ПК28+7,5332
229182,Пожарная охрана,Датчик дыма,"847-1.1.54.68.",ДД ПК29+1,5332
229181,Пожарная охрана,Датчик дыма,"847-1.1.54.67.","ДД ПК29+5,5",5332
229180,Пожарная охрана,Датчик дыма,"847-1.1.54.66.",ДД ПК30,5332
229179,Пожарная охрана,Датчик дыма,"847-1.1.54.65.","ДД ПК30+4,5",5332
229178,Пожарная охрана,Датчик дыма,"847-1.1.54.64.",ДД ПК30+9,5332
229177,Пожарная охрана,Датчик дыма,"847-1.1.54.63.","ДД ПК31+3,5",5332
229176,Пожарная охрана,Датчик дыма,"847-1.1.54.62.",ДД ПК31+7,5332
229175,Пожарная охрана,Датчик дыма,"847-1.1.54.61.","ДД ПК32+1,5",5332
229174,Пожарная охрана,Датчик дыма,"847-1.1.54.60.",ДД ПК32+6,5332
229173,Пожарная охрана,Датчик дыма,"847-1.1.54.59.","ДД ПК33+0,5",5332
229172,Пожарная охрана,Датчик дыма,"847-1.1.54.58.",ДД ПК33+5,5332
229171,Пожарная охрана,Датчик дыма,"847-1.1.54.57.",ДД ПК34,5332
229170,Пожарная охрана,Датчик дыма,"847-1.1.54.56.","ДД ПК34+4,5",5332
229169,Пожарная охрана,Датчик дыма,"847-1.1.54.55.",ДД ПК34+9,5332
229168,Пожарная охрана,Датчик дыма,"847-1.1.54.54.","ДД ПК35+3,5",5332
229167,Пожарная охрана,Датчик дыма,"847-1.1.54.53.",ДД ПК35+9,5332
229166,Пожарная охрана,Датчик дыма,"847-1.1.54.52.","ДД ПК36+3,5",5332
229165,Пожарная охрана,Датчик дыма,"847-1.1.54.51.","ДД ПК36+8,5",5332
229164,Пожарная охрана,Датчик дыма,"847-1.1.54.50.","ДД ПК37+3,5",5332
229163,Пожарная охрана,Датчик дыма,"847-1.1.54.49.","ДД ПК37+8,5",5332
229162,Пожарная охрана,Датчик дыма,"847-1.1.54.48.",ДД ПК38+3,5332
229161,Пожарная охрана,Датчик дыма,"847-1.1.54.47.","ДД ПК38+7,5",5332
229160,Пожарная охрана,Датчик дыма,"847-1.1.54.46.",ДД ПК39+2,5332
229159,Пожарная охрана,Датчик дыма,"847-1.1.54.45.",ДД ПК39+7,5332
229158,Пожарная охрана,Датчик дыма,"847-1.1.54.44.","ДД ПК40+2,5",5332
229157,Пожарная охрана,Датчик дыма,"847-1.1.54.43.",ДД ПК40+7,5332
229116,Пожарная охрана,Датчик дыма,"847-1.1.54.2.",ДД ПК41+1 К,5332
229117,Пожарная охрана,Датчик дыма,"847-1.1.54.3.","ДД ПК41+1,5 К",5332
229118,Пожарная охрана,Датчик дыма,"847-1.1.54.4.",ДД ПК41+3 К,5332
229119,Пожарная охрана,Датчик дыма,"847-1.1.54.5.","ДД ПК41+3,5 К",5332
229120,Пожарная охрана,Датчик дыма,"847-1.1.54.6.","ДД ПК41+4,5",5332
229121,Пожарная охрана,Датчик дыма,"847-1.1.54.7.",ДД ПК41+8,5332
229122,Пожарная охрана,Датчик дыма,"847-1.1.54.8.","ДД ПК42+2,5",5332
229123,Пожарная охрана,Датчик дыма,"847-1.1.54.9.",ДД ПК42+7,5332
229124,Пожарная охрана,Датчик дыма,"847-1.1.54.10.","ДД ПК43+1,5",5332
229125,Пожарная охрана,Датчик дыма,"847-1.1.54.11.",ДД ПК43+6,5332
229126,Пожарная охрана,Датчик дыма,"847-1.1.54.12.",ДД ПК44+1,5332
229127,Пожарная охрана,Датчик дыма,"847-1.1.54.13.",ДД ПК44+6,5332
229128,Пожарная охрана,Датчик дыма,"847-1.1.54.14.","ДД ПК45+5,5",5332
229129,Пожарная охрана,Датчик дыма,"847-1.1.54.15.","ДД ПК45+5,5",5332
229130,Пожарная охрана,Датчик дыма,"847-1.1.54.16.",ДД ПК46+1,5332
229131,Пожарная охрана,Датчик дыма,"847-1.1.54.17.","ДД ПК46+5,5",5332
229132,Пожарная охрана,Датчик дыма,"847-1.1.54.18.",ДД ПК47,5332
229133,Пожарная охрана,Датчик дыма,"847-1.1.54.19.","ДД ПК47+4,5",5332
229134,Пожарная охрана,Датчик дыма,"847-1.1.54.20.",ДД ПК48,5332
229135,Пожарная охрана,Датчик дыма,"847-1.1.54.21.","ДД ПК48+4,5",5332
229136,Пожарная охрана,Датчик дыма,"847-1.1.54.22.",ДД ПК48+9,5332
229137,Пожарная охрана,Датчик дыма,"847-1.1.54.23.","ДД ПК49+3,5",5332
229138,Пожарная охрана,Датчик дыма,"847-1.1.54.24.",ДД ПК49+8,5332
229139,Пожарная охрана,Датчик дыма,"847-1.1.54.25.","ДД ПК50+2,5",5332
229140,Пожарная охрана,Датчик дыма,"847-1.1.54.26.",ДД ПК50+7,5332
229141,Пожарная охрана,Датчик дыма,"847-1.1.54.27.",ДД ПК51+2,5332
229142,Пожарная охрана,Датчик дыма,"847-1.1.54.28.","ДД ПК51+6,5",5332
229143,Пожарная охрана,Датчик дыма,"847-1.1.54.29.",ДД ПК52+1,5332
229144,Пожарная охрана,Датчик дыма,"847-1.1.54.30.","ДД ПК52+5,5",5332
229145,Пожарная охрана,Датчик дыма,"847-1.1.54.31.",ДД ПК52+9,5332
229146,Пожарная охрана,Датчик дыма,"847-1.1.54.32.","ДД ПК53+3,5",5332
229147,Пожарная охрана,Датчик дыма,"847-1.1.54.33.",ДД ПК53+8,5332
229148,Пожарная охрана,Датчик дыма,"847-1.1.54.34.","ДД ПК54+2,5",5332
229149,Пожарная охрана,Датчик дыма,"847-1.1.54.35.",ДД ПК54+7,5332
229150,Пожарная охрана,Датчик дыма,"847-1.1.54.36.",ДД ПК55,5332
229151,Пожарная охрана,Датчик дыма,"847-1.1.54.37.","ДД ПК55+4,5",5332
229152,Пожарная охрана,Датчик дыма,"847-1.1.54.38.",ДД ПК55+9,5332
229153,Пожарная охрана,Датчик дыма,"847-1.1.54.39.",ДД ПК56+1 К,5332
229154,Пожарная охрана,Датчик дыма,"847-1.1.54.40.","ДД ПК56+1,5 К",5332
229155,Пожарная охрана,Датчик дыма,"847-1.1.54.41.",ДД ПК56+2 К,5332
229156,Пожарная охрана,Датчик дыма,"847-1.1.54.42.","ДД ПК56+2,5 К",5332
229106,Пожарная охрана,Датчик дыма,"847-1.1.53.100.",ДД ПК56+3,5332
229104,Пожарная охрана,Датчик дыма,"847-1.1.53.98.",ДД ПК57+1,5332
229103,Пожарная охрана,Датчик дыма,"847-1.1.53.97.","ДД ПК57+4,5",5332
229102,Пожарная охрана,Датчик дыма,"847-1.1.53.96.",ДД ПК57+9,5332
229101,Пожарная охрана,Датчик дыма,"847-1.1.53.95.","ДД ПК58+3,5",5332
229100,Пожарная охрана,Датчик дыма,"847-1.1.53.94.",ДД ПК58+8,5332
229099,Пожарная охрана,Датчик дыма,"847-1.1.53.93.","ДД ПК59+1,5",5332
229098,Пожарная охрана,Датчик дыма,"847-1.1.53.92.",ДД ПК59+6,5332
229097,Пожарная охрана,Датчик дыма,"847-1.1.53.91.",ДД ПК60,5332
229096,Пожарная охрана,Датчик дыма,"847-1.1.53.90.",ДД ПК60+1 К,5332
229093,Пожарная охрана,Датчик дыма,"847-1.1.53.87.","ДД ПК60+2,5 К",5332
229092,Пожарная охрана,Датчик дыма,"847-1.1.53.86.","ДД ПК60+4,5",5332
229091,Пожарная охрана,Датчик дыма,"847-1.1.53.85.",ДД ПК60+9,5332
229090,Пожарная охрана,Датчик дыма,"847-1.1.53.84.","ДД ПК61+3,5",5332
229089,Пожарная охрана,Датчик дыма,"847-1.1.53.83.",ДД ПК61+8,5332
229088,Пожарная охрана,Датчик дыма,"847-1.1.53.82.","ДД ПК62+2,5",5332
229087,Пожарная охрана,Датчик дыма,"847-1.1.53.81.",ДД ПК62+7,5332
229086,Пожарная охрана,Датчик дыма,"847-1.1.53.80.","ДД ПК63+1,5",5332
229085,Пожарная охрана,Датчик дыма,"847-1.1.53.79.",ДД ПК63+6,5332
229084,Пожарная охрана,Датчик дыма,"847-1.1.53.78.","ДД ПК64+0,5",5332
229083,Пожарная охрана,Датчик дыма,"847-1.1.53.77.",ДД ПК64+5,5332
229082,Пожарная охрана,Датчик дыма,"847-1.1.53.76.",ДД ПК64+9,5332
229081,Пожарная охрана,Датчик дыма,"847-1.1.53.75.","ДД ПК65+3,5",5332
229080,Пожарная охрана,Датчик дыма,"847-1.1.53.74.",ДД ПК65+8,5332
229079,Пожарная охрана,Датчик дыма,"847-1.1.53.73.",ДД ПК66+3,5332
229078,Пожарная охрана,Датчик дыма,"847-1.1.53.72.",ДД ПК66+8,5332
229077,Пожарная охрана,Датчик дыма,"847-1.1.53.71.","ДД ПК67+2,5",5332
229076,Пожарная охрана,Датчик дыма,"847-1.1.53.70.",ДД ПК67+7,5332
229075,Пожарная охрана,Датчик дыма,"847-1.1.53.69.","ДД ПК68+2,5",5332
229074,Пожарная охрана,Датчик дыма,"847-1.1.53.68.","ДД ПК68+7,5",5332
229073,Пожарная охрана,Датчик дыма,"847-1.1.53.67.",ДД ПК69+2,5332
229072,Пожарная охрана,Датчик дыма,"847-1.1.53.66.",ДД ПК69+7,5332
229071,Пожарная охрана,Датчик дыма,"847-1.1.53.65.",ДД ПК70+2,5332
229070,Пожарная охрана,Датчик дыма,"847-1.1.53.64.",ДД ПК70+7,5332
229069,Пожарная охрана,Датчик дыма,"847-1.1.53.63.",ДД ПК71+1 К,5332
229010,Пожарная охрана,Датчик дыма,"847-1.1.53.4.","ДД ПК71+1,5",5332
229068,Пожарная охрана,Датчик дыма,"847-1.1.53.62.","ДД ПК71+1,5 К",5332
229008,Пожарная охрана,Датчик дыма,"847-1.1.53.2.",ДД ПК71+2 К,5332
229011,Пожарная охрана,Датчик дыма,"847-1.1.53.5.",ДД ПК71+2,5332
229012,Пожарная охрана,Датчик дыма,"847-1.1.53.6.",ДД ПК71+8,5332
229013,Пожарная охрана,Датчик дыма,"847-1.1.53.7.",ДД ПК72+2,5332
229014,Пожарная охрана,Датчик дыма,"847-1.1.53.8.","ДД ПК72+6,5",5332
229015,Пожарная охрана,Датчик дыма,"847-1.1.53.9.",ДД ПК73+1,5332
229016,Пожарная охрана,Датчик дыма,"847-1.1.53.10.","ДД ПК73+5,5",5332
229017,Пожарная охрана,Датчик дыма,"847-1.1.53.11.",ДД ПК74+1,5332
229018,Пожарная охрана,Датчик дыма,"847-1.1.53.12.","ДД ПК74+5,5",5332
229019,Пожарная охрана,Датчик дыма,"847-1.1.53.13.",ДД ПК75+1,5332
229020,Пожарная охрана,Датчик дыма,"847-1.1.53.14.","ДД ПК75+5,5",5332
229021,Пожарная охрана,Датчик дыма,"847-1.1.53.15.",ДД ПК76+1,5332
229022,Пожарная охрана,Датчик дыма,"847-1.1.53.16.","ДД ПК76+5,5",5332
229023,Пожарная охрана,Датчик дыма,"847-1.1.53.17.","ДД ПК77+0,5",5332
229024,Пожарная охрана,Датчик дыма,"847-1.1.53.18.",ДД ПК77+5,5332
229025,Пожарная охрана,Датчик дыма,"847-1.1.53.19.",ДД ПК78,5332
229026,Пожарная охрана,Датчик дыма,"847-1.1.53.20.",ДД ПК78+5,5332
229027,Пожарная охрана,Датчик дыма,"847-1.1.53.21.","ДД ПК78+9,5",5332
229028,Пожарная охрана,Датчик дыма,"847-1.1.53.22.",ДД ПК79+4,5332
229029,Пожарная охрана,Датчик дыма,"847-1.1.53.23.",ДД ПК79+9,5332
229030,Пожарная охрана,Датчик дыма,"847-1.1.53.24.",ДД ПК80+4,5332
229031,Пожарная охрана,Датчик дыма,"847-1.1.53.25.","ДД ПК80+8,5",5332
229032,Пожарная охрана,Датчик дыма,"847-1.1.53.26.",ДД ПК81+3,5332
229033,Пожарная охрана,Датчик дыма,"847-1.1.53.27.","ДД ПК81+7,5",5332
229034,Пожарная охрана,Датчик дыма,"847-1.1.53.28.",ДД ПК82+2,5332
229035,Пожарная охрана,Датчик дыма,"847-1.1.53.29.",ДД ПК82+7,5332
229036,Пожарная охрана,Датчик дыма,"847-1.1.53.30.",ДД ПК83,5332
229037,Пожарная охрана,Датчик дыма,"847-1.1.53.31.","ДД ПК83+4,5",5332
229038,Пожарная охрана,Датчик дыма,"847-1.1.53.32.",ДД ПК83+9,5332
229039,Пожарная охрана,Датчик дыма,"847-1.1.53.33.","ДД ПК84+3,5",5332
229040,Пожарная охрана,Датчик дыма,"847-1.1.53.34.",ДД ПК84+8,5332
229057,Пожарная охрана,Датчик дыма,"847-1.1.53.51.",ДД Г1 ПК0+2,5332
229058,Пожарная охрана,Датчик дыма,"847-1.1.53.52.",ДД Г1 ПК0+8,5332
229059,Пожарная охрана,Датчик дыма,"847-1.1.53.53.",ДД Г1 ПК1+4,5332
229060,Пожарная охрана,Датчик дыма,"847-1.1.53.54.",ДД Г1 ПК1+8,5332
229061,Пожарная охрана,Датчик дыма,"847-1.1.53.55.",ДД Г1 ПК2+6,5332
229062,Пожарная охрана,Датчик дыма,"847-1.1.53.56.","ДД Г1 ПК3+3,5",5332
229063,Пожарная охрана,Датчик дыма,"847-1.1.53.57.",ДД Г1 ПК3+9,5332
229064,Пожарная охрана,Датчик дыма,"847-1.1.53.58.",ДД Г1 ПК4+3,5332
229065,Пожарная охрана,Датчик дыма,"847-1.1.53.59.",ДД Г1 ПК4+9,5332
229066,Пожарная охрана,Датчик дыма,"847-1.1.53.60.",ДД Г1 ПК5+3,5332
229067,Пожарная охрана,Датчик дыма,"847-1.1.53.61.",ДД Г1 ПК5+5,5332
229042,Пожарная охрана,Датчик дыма,"847-1.1.53.36.",ДД ПК85+8,5332
229041,Пожарная охрана,Датчик дыма,"847-1.1.53.35.","ДД ПК85+2,5",5332
229047,Пожарная охрана,Датчик дыма,"847-1.1.53.41.","ДД ПК86+2,5",5332
229052,Пожарная охрана,Датчик дыма,"847-1.1.53.46.",ДД ПК87+1К,5332
229055,Пожарная охрана,Датчик дыма,"847-1.1.53.49.",ДД ПК87+2К,5332
229050,Пожарная охрана,Датчик дыма,"847-1.1.53.44.",ДД ПК87+5К,5332
229053,Пожарная охрана,Датчик дыма,"847-1.1.53.47.",ДД ПК87+6К,5332
229056,Пожарная охрана,Датчик дыма,"847-1.1.53.50.",ДД ПК87+7К,5332
229049,Пожарная охрана,Датчик дыма,"847-1.1.53.43.",ДД ПК87К,5332
229044,Пожарная охрана,Датчик дыма,"847-1.1.53.38.",ДД ПК85+1К,5332
229043,Пожарная охрана,Датчик дыма,"847-1.1.53.37.",ДД ПК85К,5332
229046,Пожарная охрана,Датчик дыма,"847-1.1.53.40.",ДД ПК86+1К,5332
229045,Пожарная охрана,Датчик дыма,"847-1.1.53.39.",ДД ПК86К,5332
228982,Пожарная охрана,Датчик дыма,"847-1.1.52.75.",ДД ПК88+5(лев.),5332
228983,Пожарная охрана,Датчик дыма,"847-1.1.52.76.",ДД ПК89+2(лев.),5332
228984,Пожарная охрана,Датчик дыма,"847-1.1.52.77.",ДД ПК89+9(лев.),5332
228985,Пожарная охрана,Датчик дыма,"847-1.1.52.78.",ДД ПК90+6(лев.),5332
228986,Пожарная охрана,Датчик дыма,"847-1.1.52.79.",ДД ПК91+2(лев.),5332
228987,Пожарная охрана,Датчик дыма,"847-1.1.52.80.",ДД ПК92(лев.),5332
228988,Пожарная охрана,Датчик дыма,"847-1.1.52.81.",ДД ПК92+7(лев.),5332
228989,Пожарная охрана,Датчик дыма,"847-1.1.52.82.",ДД ПК93+4(лев.),5332
228990,Пожарная охрана,Датчик дыма,"847-1.1.52.83.",ДД ПК94(лев.),5332
228991,Пожарная охрана,Датчик дыма,"847-1.1.52.84.",ДД ПК94+7(лев.),5332
228992,Пожарная охрана,Датчик дыма,"847-1.1.52.85.","ДД ПК95+2,5(лев.)",5332
228993,Пожарная охрана,Датчик дыма,"847-1.1.52.86.","ДД ПК95+9,5(лев.)",5332
228994,Пожарная охрана,Датчик дыма,"847-1.1.52.87.",ДД ПК96+5(лев.),5332
228995,Пожарная охрана,Датчик дыма,"847-1.1.52.88.",ДД ПК97+2(лев.),5332
228996,Пожарная охрана,Датчик дыма,"847-1.1.52.89.","ДД ПК97+9,5(лев.)",5332
228997,Пожарная охрана,Датчик дыма,"847-1.1.52.90.",ДД ПК98+5(лев.),5332
228911,Пожарная охрана,Датчик дыма,"847-1.1.52.4.",ДД ПК99(лев.),5332
228953,Пожарная охрана,Датчик дыма,"847-1.1.52.46.",ДД ПК99+9(прав.),5332
228962,Пожарная охрана,Датчик дыма,"847-1.1.52.55.","ДД ПК99+5,5(прав.)",5332
228912,Пожарная охрана,Датчик дыма,"847-1.1.52.5.",ДД ПК99+5(лев.),5332
228981,Пожарная охрана,Датчик дыма,"847-1.1.52.74.","ДД ПК88+1,5(прав.)",5332
228980,Пожарная охрана,Датчик дыма,"847-1.1.52.73.",ДД ПК88+8(прав.),5332
228979,Пожарная охрана,Датчик дыма,"847-1.1.52.72.",ДД ПК89+6(прав.),5332
228978,Пожарная охрана,Датчик дыма,"847-1.1.52.71.",ДД ПК90+2(прав.),5332
228977,Пожарная охрана,Датчик дыма,"847-1.1.52.70.",ДД ПК91(прав.),5332
228976,Пожарная охрана,Датчик дыма,"847-1.1.52.69.",ДД ПК91+6(прав.),5332
228975,Пожарная охрана,Датчик дыма,"847-1.1.52.68.",ДД ПК92+3(прав.),5332
228974,Пожарная охрана,Датчик дыма,"847-1.1.52.67.",ДД ПК93(прав.),5332
228973,Пожарная охрана,Датчик дыма,"847-1.1.52.66.",ДД ПК93+7(прав.),5332
228972,Пожарная охрана,Датчик дыма,"847-1.1.52.65.",ДД ПК94+4(прав.),5332
228971,Пожарная охрана,Датчик дыма,"847-1.1.52.64.",ДД ПК95(прав.),5332
228970,Пожарная охрана,Датчик дыма,"847-1.1.52.63.",ДД ПК95+6(прав.),5332
228969,Пожарная охрана,Датчик дыма,"847-1.1.52.62.",ДД ПК96+2(прав.),5332
228968,Пожарная охрана,Датчик дыма,"847-1.1.52.61.",ДД ПК96+7(прав.),5332
228967,Пожарная охрана,Датчик дыма,"847-1.1.52.60.","ДД ПК97+2,5(прав.)",5332
228966,Пожарная охрана,Датчик дыма,"847-1.1.52.59.",ДД ПК97+7(прав.),5332
228965,Пожарная охрана,Датчик дыма,"847-1.1.52.58.",ДД ПК98+2(прав.),5332
228964,Пожарная охрана,Датчик дыма,"847-1.1.52.57.",ДД ПК98+7(прав.),5332
228910,Пожарная охрана,Датчик дыма,"847-1.1.52.3.","ДД ПК98+9,5К",5332
228909,Пожарная охрана,Датчик дыма,"847-1.1.52.2.",ДД ПК98+9К,5332
228955,Пожарная охрана,Датчик дыма,"847-1.1.52.48.",ДД Г2 ПК0+2,5332
228956,Пожарная охрана,Датчик дыма,"847-1.1.52.49.","ДД Г2 ПК0+7,5",5332
228957,Пожарная охрана,Датчик дыма,"847-1.1.52.50.","ДД Г2 ПК1+3,5",5332
228958,Пожарная охрана,Датчик дыма,"847-1.1.52.51.","ДД Г2 ПК2+1,5",5332
228959,Пожарная охрана,Датчик дыма,"847-1.1.52.52.","ДД Г2 ПК2+7,5",5332
228960,Пожарная охрана,Датчик дыма,"847-1.1.52.53.",ДД Г2 ПК3+1,5332
228961,Пожарная охрана,Датчик дыма,"847-1.1.52.54.",ДД Г2 ПК3+2,5332
228951,Пожарная охрана,Датчик дыма,"847-1.1.52.44.",ДД ПК101+1(прав.),5332
228950,Пожарная охрана,Датчик дыма,"847-1.1.52.43.",ДД ПК101+9(прав.),5332
228949,Пожарная охрана,Датчик дыма,"847-1.1.52.42.",ДД ПК102+5(прав.),5332
228948,Пожарная охрана,Датчик дыма,"847-1.1.52.41.",ДД ПК103+2(прав.),5332
228947,Пожарная охрана,Датчик дыма,"847-1.1.52.40.",ДД ПК104(прав.),5332
228946,Пожарная охрана,Датчик дыма,"847-1.1.52.39.",ДД ПК104+7(прав.),5332
228945,Пожарная охрана,Датчик дыма,"847-1.1.52.38.",ДД ПК105+4(прав.),5332
228944,Пожарная охрана,Датчик дыма,"847-1.1.52.37.",ДД ПК106(прав.),5332
228943,Пожарная охрана,Датчик дыма,"847-1.1.52.36.",ДД ПК106+8(прав.),5332
228942,Пожарная охрана,Датчик дыма,"847-1.1.52.35.",ДД ПК107+6(прав.),5332
228941,Пожарная охрана,Датчик дыма,"847-1.1.52.34.",ДД ПК108+3(прав.),5332
228940,Пожарная охрана,Датчик дыма,"847-1.1.52.33.",ДД ПК108+8(прав.),5332
228939,Пожарная охрана,Датчик дыма,"847-1.1.52.32.",ДД ПК109+5(прав.),5332
228938,Пожарная охрана,Датчик дыма,"847-1.1.52.31.","ДД ПК109+9,5(прав.)",5332
228937,Пожарная охрана,Датчик дыма,"847-1.1.52.30.",ДД ПК110+6(прав.),5332
228936,Пожарная охрана,Датчик дыма,"847-1.1.52.29.","ДД ПК111+0,5(прав.)",5332
228935,Пожарная охрана,Датчик дыма,"847-1.1.52.28.",ДД ПК111+7(прав.),5332
228934,Пожарная охрана,Датчик дыма,"847-1.1.52.27.",ДД ПК112+7(прав.),5332
228932,Пожарная охрана,Датчик дыма,"847-1.1.52.25.",ДД ПК112+1(лев.),5332
228931,Пожарная охрана,Датчик дыма,"847-1.1.52.24.",ДД ПК111+5(лев.),5332
228930,Пожарная охрана,Датчик дыма,"847-1.1.52.23.",ДД ПК110+9К,5332
228929,Пожарная охрана,Датчик дыма,"847-1.1.52.22.","ДД ПК110+8,5К",5332
228928,Пожарная охрана,Датчик дыма,"847-1.1.52.21.",ДД ПК110+8(лев.),5332
228927,Пожарная охрана,Датчик дыма,"847-1.1.52.20.",ДД ПК110(лев.),5332
228926,Пожарная охрана,Датчик дыма,"847-1.1.52.19.",ДД ПК109+4(лев.),5332
228925,Пожарная охрана,Датчик дыма,"847-1.1.52.18.",ДД ПК108+7(лев.),5332
228924,Пожарная охрана,Датчик дыма,"847-1.1.52.17.",ДД ПК107+9(лев.),5332
228923,Пожарная охрана,Датчик дыма,"847-1.1.52.16.",ДД ПК107+4(лев.),5332
228922,Пожарная охрана,Датчик дыма,"847-1.1.52.15.",ДД ПК106+7(лев.),5332
228921,Пожарная охрана,Датчик дыма,"847-1.1.52.14.","ДД ПК105+9,5(лев.)",5332
228920,Пожарная охрана,Датчик дыма,"847-1.1.52.13.",ДД ПК105+2(лев.),5332
228919,Пожарная охрана,Датчик дыма,"847-1.1.52.12.",ДД ПК104+4(лев.),5332
228918,Пожарная охрана,Датчик дыма,"847-1.1.52.11.",ДД ПК103+7(лев.),5332
228917,Пожарная охрана,Датчик дыма,"847-1.1.52.10.",ДД ПК103(лев.),5332
228916,Пожарная охрана,Датчик дыма,"847-1.1.52.9.",ДД ПК102+2(лев.),5332
228915,Пожарная охрана,Датчик дыма,"847-1.1.52.8.",ДД ПК101+5(лев.),5332
228933,Пожарная охрана,Датчик дыма,"847-1.1.52.26.",ДД ПК112+9(лев.),5332
228963,Пожарная охрана,Датчик дыма,"847-1.1.52.56.","ДД ПК99+1,5(прав.)",5332
228874,Пожарная охрана,Датчик дыма,"847-1.1.51.64.",ДД Г3 ПК0+3,5332
228875,Пожарная охрана,Датчик дыма,"847-1.1.51.65.",ДД Г3 ПК0+9,5332
228876,Пожарная охрана,Датчик дыма,"847-1.1.51.66.",ДД Г3 ПК1+6,5332
228877,Пожарная охрана,Датчик дыма,"847-1.1.51.67.",ДД Г3 ПК2,5332
228878,Пожарная охрана,Датчик дыма,"847-1.1.51.68.",ДД Г3 ПК2+8,5332
228880,Пожарная охрана,Датчик дыма,"847-1.1.51.70.",ДД Г3 ПК3+1,5332
228879,Пожарная охрана,Датчик дыма,"847-1.1.51.69.",ДД Г3 ПК3+3,5332
228884,Пожарная охрана,Датчик дыма,"847-1.1.51.74.",ДД ПК113+3(лев.),5332
228885,Пожарная охрана,Датчик дыма,"847-1.1.51.75.",ДД ПК114(лев.),5332
228886,Пожарная охрана,Датчик дыма,"847-1.1.51.76.",ДД ПК114+7(лев.),5332
228887,Пожарная охрана,Датчик дыма,"847-1.1.51.77.",ДД ПК115+2(лев.),5332
228888,Пожарная охрана,Датчик дыма,"847-1.1.51.78.",ДД ПК115+9(лев.),5332
228889,Пожарная охрана,Датчик дыма,"847-1.1.51.79.",ДД ПК116+6(лев.),5332
228890,Пожарная охрана,Датчик дыма,"847-1.1.51.80.",ДД ПК117+2(лев.),5332
228891,Пожарная охрана,Датчик дыма,"847-1.1.51.81.","ДД ПК117+8,5(лев.)",5332
228892,Пожарная охрана,Датчик дыма,"847-1.1.51.82.",ДД ПК118+4(лев.),5332
228893,Пожарная охрана,Датчик дыма,"847-1.1.51.83.","ДД ПК119+1,5(лев.)",5332
228894,Пожарная охрана,Датчик дыма,"847-1.1.51.84.",ДД ПК119+8(лев.),5332
228895,Пожарная охрана,Датчик дыма,"847-1.1.51.85.",ДД ПК120+6(лев.),5332
228896,Пожарная охрана,Датчик дыма,"847-1.1.51.86.",ДД ПК121+3(лев.),5332
228897,Пожарная охрана,Датчик дыма,"847-1.1.51.87.",ДД ПК122+1(лев.),5332
228898,Пожарная охрана,Датчик дыма,"847-1.1.51.88.",ДД ПК122+8(лев.),5332
228899,Пожарная охрана,Датчик дыма,"847-1.1.51.89.",ДД ПК123+5(лев.),5332
228900,Пожарная охрана,Датчик дыма,"847-1.1.51.90.","ДД ПК124+1,5(лев.)",5332
228901,Пожарная охрана,Датчик дыма,"847-1.1.51.91.",ДД ПК124+8(лев.),5332
228902,Пожарная охрана,Датчик дыма,"847-1.1.51.92.",ДД ПК125+4(лев.),5332
228903,Пожарная охрана,Датчик дыма,"847-1.1.51.93.",ДД ПК126+1(лев.),5332
228904,Пожарная охрана,Датчик дыма,"847-1.1.51.94.",ДД ПК126+5(лев.),5332
228905,Пожарная охрана,Датчик дыма,"847-1.1.51.95.",ДД ПК126+6К,5332
228872,Пожарная охрана,Датчик дыма,"847-1.1.51.62.",ДД ПК114+4(прав.),5332
228873,Пожарная охрана,Датчик дыма,"847-1.1.51.63.",ДД ПК114+3(прав.),5332
228881,Пожарная охрана,Датчик дыма,"847-1.1.51.71.",ДД ПК114+1(прав.),5332
228882,Пожарная охрана,Датчик дыма,"847-1.1.51.72.",ДД ПК113+8(прав.),5332
228883,Пожарная охрана,Датчик дыма,"847-1.1.51.73.","ДД ПК113+1,5(прав.)",5332
228869,Пожарная охрана,Датчик дыма,"847-1.1.51.59.",ДД ПК116+2(прав.),5332
228870,Пожарная охрана,Датчик дыма,"847-1.1.51.60.",ДД ПК115+5(прав.),5332
228871,Пожарная охрана,Датчик дыма,"847-1.1.51.61.","ДД ПК114+8,5(прав.)",5332
228868,Пожарная охрана,Датчик дыма,"847-1.1.51.58.",ДД ПК116+9(прав.),5332
228867,Пожарная охрана,Датчик дыма,"847-1.1.51.57.",ДД ПК117+6(прав.),5332
228866,Пожарная охрана,Датчик дыма,"847-1.1.51.56.",ДД ПК118+2(прав.),5332
228865,Пожарная охрана,Датчик дыма,"847-1.1.51.55.",ДД ПК118+8(прав.),5332
228864,Пожарная охрана,Датчик дыма,"847-1.1.51.54.",ДД ПК119+4(прав.),5332
228863,Пожарная охрана,Датчик дыма,"847-1.1.51.53.",ДД ПК120+3(прав.),5332
228862,Пожарная охрана,Датчик дыма,"847-1.1.51.52.",ДД ПК121+1(прав.),5332
228861,Пожарная охрана,Датчик дыма,"847-1.1.51.51.",ДД ПК121+8(прав.),5332
228860,Пожарная охрана,Датчик дыма,"847-1.1.51.50.",ДД ПК122+5(прав.),5332
228859,Пожарная охрана,Датчик дыма,"847-1.1.51.49.","ДД ПК123+1,5(прав.)",5332
228858,Пожарная охрана,Датчик дыма,"847-1.1.51.48.",ДД ПК123+9(прав.),5332
228857,Пожарная охрана,Датчик дыма,"847-1.1.51.47.",ДД ПК124+5(прав.),5332
228856,Пожарная охрана,Датчик дыма,"847-1.1.51.46.",ДД ПК125+2(прав.),5332
228855,Пожарная охрана,Датчик дыма,"847-1.1.51.45.",ДД ПК125+9(прав.),5332
228854,Пожарная охрана,Датчик дыма,"847-1.1.51.44.",ДД ПК126+4(прав.),5332
228853,Пожарная охрана,Датчик дыма,"847-1.1.51.43.",ДД ПК126+7(прав.),5332
228954,Пожарная охрана,Датчик дыма,"847-1.1.52.47.",ДД ПК100+1(прав.),5332
228913,Пожарная охрана,Датчик дыма,"847-1.1.52.6.","ДД ПК100+1,5(лев.)",5332
228952,Пожарная охрана,Датчик дыма,"847-1.1.52.45.",ДД ПК100+5(прав.),5332
228914,Пожарная охрана,Датчик дыма,"847-1.1.52.7.",ДД ПК100+7(лев.),5332
228906,Пожарная охрана,Датчик дыма,"847-1.1.51.96.",ДД ПК126+7К,5332
228812,Пожарная охрана,Датчик дыма,"847-1.1.51.2.",ДД ПК126+8К,5332
228813,Пожарная охрана,Датчик дыма,"847-1.1.51.3.",ДД ПК126+9К,5332
228814,Пожарная охрана,Датчик дыма,"847-1.1.51.4.","ДД ПК127+0,5(лев.)",5332
228815,Пожарная охрана,Датчик дыма,"847-1.1.51.5.",ДД ПК127+7(лев.),5332
228816,Пожарная охрана,Датчик дыма,"847-1.1.51.6.",ДД ПК128+4(лев.),5332
228817,Пожарная охрана,Датчик дыма,"847-1.1.51.7.",ДД ПК129+2(лев.),5332
228818,Пожарная охрана,Датчик дыма,"847-1.1.51.8.",ДД ПК129+9(лев.),5332
228819,Пожарная охрана,Датчик дыма,"847-1.1.51.9.",ДД ПК130+7(лев.),5332
228820,Пожарная охрана,Датчик дыма,"847-1.1.51.10.",ДД ПК131+4(лев.),5332
228821,Пожарная охрана,Датчик дыма,"847-1.1.51.11.",ДД ПК132+1(лев.),5332
228822,Пожарная охрана,Датчик дыма,"847-1.1.51.12.",ДД ПК132+8(лев.),5332
228823,Пожарная охрана,Датчик дыма,"847-1.1.51.13.",ДД ПК133+3(лев.),5332
228824,Пожарная охрана,Датчик дыма,"847-1.1.51.14.",ДД ПК134+2(лев.),5332
228825,Пожарная охрана,Датчик дыма,"847-1.1.51.15.",ДД ПК134+8(лев.),5332
228826,Пожарная охрана,Датчик дыма,"847-1.1.51.16.",ДД ПК135+3(лев.),5332
228827,Пожарная охрана,Датчик дыма,"847-1.1.51.17.","ДД ПК135+8,5(лев.)",5332
228828,Пожарная охрана,Датчик дыма,"847-1.1.51.18.",ДД ПК136+4(лев.),5332
228829,Пожарная охрана,Датчик дыма,"847-1.1.51.19.",ДД ПК136+9(лев.),5332
228830,Пожарная охрана,Датчик дыма,"847-1.1.51.20.",ДД ПК137+6(лев.),5332
228831,Пожарная охрана,Датчик дыма,"847-1.1.51.21.",ДД ПК138+1(лев.),5332
228832,Пожарная охрана,Датчик дыма,"847-1.1.51.22.",ДД ПК138+8(лев.),5332
228833,Пожарная охрана,Датчик дыма,"847-1.1.51.23.","ДД ПК139+2,5(лев.)",5332
228835,Пожарная охрана,Датчик дыма,"847-1.1.51.25.",ДД ПК138+6(прав.),5332
228836,Пожарная охрана,Датчик дыма,"847-1.1.51.26.","ДД ПК138+0,5(прав.)",5332
228837,Пожарная охрана,Датчик дыма,"847-1.1.51.27.",ДД ПК137+5(прав.),5332
228838,Пожарная охрана,Датчик дыма,"847-1.1.51.28.",ДД ПК136+8(прав.),5332
228839,Пожарная охрана,Датчик дыма,"847-1.1.51.29.",ДД ПК136+2(прав.),5332
228840,Пожарная охрана,Датчик дыма,"847-1.1.51.30.",ДД ПК135+7(прав.),5332
228841,Пожарная охрана,Датчик дыма,"847-1.1.51.31.",ДД ПК135+2(прав.),5332
228842,Пожарная охрана,Датчик дыма,"847-1.1.51.32.",ДД ПК134+6(прав.),5332
228843,Пожарная охрана,Датчик дыма,"847-1.1.51.33.","ДД ПК133+9,5(прав.)",5332
228834,Пожарная охрана,Датчик дыма,"847-1.1.51.24.",ДД ПК139+7(прав.),5332
228844,Пожарная охрана,Датчик дыма,"847-1.1.51.34.",ДД ПК133+2(прав.),5332
228845,Пожарная охрана,Датчик дыма,"847-1.1.51.35.",ДД ПК132+5(прав.),5332
228846,Пожарная охрана,Датчик дыма,"847-1.1.51.36.","ДД ПК131+8,5(прав.)",5332
228847,Пожарная охрана,Датчик дыма,"847-1.1.51.37.","ДД ПК131+1,5(прав.)",5332
228848,Пожарная охрана,Датчик дыма,"847-1.1.51.38.",ДД ПК130+3(прав.),5332
228849,Пожарная охрана,Датчик дыма,"847-1.1.51.39.",ДД ПК129+7(прав.),5332
228850,Пожарная охрана,Датчик дыма,"847-1.1.51.40.","ДД ПК128+9,5(прав.)",5332
228851,Пожарная охрана,Датчик дыма,"847-1.1.51.41.",ДД ПК128+3(прав.),5332
228852,Пожарная охрана,Датчик дыма,"847-1.1.51.42.",ДД ПК127+5(прав.),5332
228786,Пожарная охрана,Датчик дыма,"847-1.1.50.75.",ДД ПК139+6(прав.),5332
228787,Пожарная охрана,Датчик дыма,"847-1.1.50.76.",ДД ПК139+6К,5332
228788,Пожарная охрана,Датчик дыма,"847-1.1.50.77.","ДД ПК139+6,5К",5332
228789,Пожарная охрана,Датчик дыма,"847-1.1.50.78.",ДД ПК139+9(лев.),5332
228790,Пожарная охрана,Датчик дыма,"847-1.1.50.79.",ДД ПК140+5(лев.),5332
228791,Пожарная охрана,Датчик дыма,"847-1.1.50.80.","ДД ПК141+2,5(лев.)",5332
228784,Пожарная охрана,Датчик дыма,"847-1.1.50.73.","ДД ПК140+9,5(прав.)",5332
228782,Пожарная охрана,Датчик дыма,"847-1.1.50.71.",ДД ПК142+2(прав.),5332
228794,Пожарная охрана,Датчик дыма,"847-1.1.50.83.",ДД ПК143(лев.),5332
228795,Пожарная охрана,Датчик дыма,"847-1.1.50.84.",ДД ПК143+6(лев.),5332
228796,Пожарная охрана,Датчик дыма,"847-1.1.50.85.",ДД ПК144+3(лев.),5332
228797,Пожарная охрана,Датчик дыма,"847-1.1.50.86.",ДД ПК144+9(лев.),5332
228798,Пожарная охрана,Датчик дыма,"847-1.1.50.87.",ДД ПК145+6(лев.),5332
228799,Пожарная охрана,Датчик дыма,"847-1.1.50.88.",ДД ПК146+3(лев.),5332
228800,Пожарная охрана,Датчик дыма,"847-1.1.50.89.",ДД ПК147+1(лев.),5332
228801,Пожарная охрана,Датчик дыма,"847-1.1.50.90.","ДД ПК147+7,5(лев.)",5332
228802,Пожарная охрана,Датчик дыма,"847-1.1.50.91.",ДД ПК148+4(лев.),5332
228803,Пожарная охрана,Датчик дыма,"847-1.1.50.92.",ДД ПК149(лев.),5332
228804,Пожарная охрана,Датчик дыма,"847-1.1.50.93.",ДД ПК149+7(лев.),5332
228805,Пожарная охрана,Датчик дыма,"847-1.1.50.94.",ДД ПК150+4(лев.),5332
228806,Пожарная охрана,Датчик дыма,"847-1.1.50.95.",ДД ПК151(лев.),5332
228807,Пожарная охрана,Датчик дыма,"847-1.1.50.96.",ДД ПК151+8(лев.),5332
228808,Пожарная охрана,Датчик дыма,"847-1.1.50.97.",ДД ПК152+6(лев.),5332
228809,Пожарная охрана,Датчик дыма,"847-1.1.50.98.",ДД ПК153(лев.),5332
228713,Пожарная охрана,Датчик дыма,"847-1.1.50.2.",ДД ПК153+2К,5332
228714,Пожарная охрана,Датчик дыма,"847-1.1.50.3.","ДД ПК153+2,5К",5332
228715,Пожарная охрана,Датчик дыма,"847-1.1.50.4.",ДД ПК153+5К,5332
228716,Пожарная охрана,Датчик дыма,"847-1.1.50.5.","ДД ПК153+5,5К",5332
228717,Пожарная охрана,Датчик дыма,"847-1.1.50.6.",ДД ПК153+6(лев.),5332
228718,Пожарная охрана,Датчик дыма,"847-1.1.50.7.",ДД ПК154+3(лев.),5332
228719,Пожарная охрана,Датчик дыма,"847-1.1.50.8.",ДД ПК155(лев.),5332
228720,Пожарная охрана,Датчик дыма,"847-1.1.50.9.",ДД ПК155+5(лев.),5332
228721,Пожарная охрана,Датчик дыма,"847-1.1.50.10.",ДД ПК156+3(лев.),5332
228722,Пожарная охрана,Датчик дыма,"847-1.1.50.11.",ДД ПК157+1(лев.),5332
228723,Пожарная охрана,Датчик дыма,"847-1.1.50.12.",ДД ПК157+8(лев.),5332
228724,Пожарная охрана,Датчик дыма,"847-1.1.50.13.",ДД ПК158+4(лев.),5332
228725,Пожарная охрана,Датчик дыма,"847-1.1.50.14.",ДД ПК158+7(лев.),5332
228726,Пожарная охрана,Датчик дыма,"847-1.1.50.15.",ДД ПК159+2(лев.),5332
228727,Пожарная охрана,Датчик дыма,"847-1.1.50.16.",ДД ПК159+7(лев.),5332
228728,Пожарная охрана,Датчик дыма,"847-1.1.50.17.",ДД ПК159+6К,5332
228729,Пожарная охрана,Датчик дыма,"847-1.1.50.18.","ДД ПК159+6,5К",5332
228730,Пожарная охрана,Датчик дыма,"847-1.1.50.19.",ДД ПК160+2(лев.),5332
228731,Пожарная охрана,Датчик дыма,"847-1.1.50.20.",ДД ПК161(лев.),5332
228732,Пожарная охрана,Датчик дыма,"847-1.1.50.21.",ДД ПК161+6(лев.),5332
228733,Пожарная охрана,Датчик дыма,"847-1.1.50.22.",ДД ПК162+3(лев.),5332
228734,Пожарная охрана,Датчик дыма,"847-1.1.50.23.","ДД ПК163+2,5(лев.)",5332
228736,Пожарная охрана,Датчик дыма,"847-1.1.50.25.",ДД ПК165+2(лев.),5332
228737,Пожарная охрана,Датчик дыма,"847-1.1.50.26.","ДД ПК164+9,5(прав.)",5332
228735,Пожарная охрана,Датчик дыма,"847-1.1.50.24.",ДД ПК164(лев.),5332
228738,Пожарная охрана,Датчик дыма,"847-1.1.50.27.",ДД ПК164+3(прав.),5332
228739,Пожарная охрана,Датчик дыма,"847-1.1.50.28.",ДД ПК163+6(прав.),5332
228740,Пожарная охрана,Датчик дыма,"847-1.1.50.29.",ДД ПК162+8(прав.),5332
228742,Пожарная охрана,Датчик дыма,"847-1.1.50.31.",ДД ПК162+2К,5332
228741,Пожарная охрана,Датчик дыма,"847-1.1.50.30.","ДД ПК162+2,5К",5332
228743,Пожарная охрана,Датчик дыма,"847-1.1.50.32.",ДД ПК162(прав.),5332
228744,Пожарная охрана,Датчик дыма,"847-1.1.50.33.",ДД ПК161+4(прав.),5332
228745,Пожарная охрана,Датчик дыма,"847-1.1.50.34.",ДД ПК160+7(прав.),5332
228746,Пожарная охрана,Датчик дыма,"847-1.1.50.35.",ДД ПК160(прав.),5332
228747,Пожарная охрана,Датчик дыма,"847-1.1.50.36.",ДД ПК159+5(прав.),5332
228748,Пожарная охрана,Датчик дыма,"847-1.1.50.37.",ДД ПК158+8(прав.),5332
228749,Пожарная охрана,Датчик дыма,"847-1.1.50.38.","ДД ПК158+1,5(прав.)",5332
228750,Пожарная охрана,Датчик дыма,"847-1.1.50.39.",ДД ПК157+4(прав.),5332
228751,Пожарная охрана,Датчик дыма,"847-1.1.50.40.",ДД ПК156+7(прав.),5332
228752,Пожарная охрана,Датчик дыма,"847-1.1.50.41.",ДД ПК156(прав.),5332
228753,Пожарная охрана,Датчик дыма,"847-1.1.50.42.",ДД ПК155+3(прав.),5332
228754,Пожарная охрана,Датчик дыма,"847-1.1.50.43.",ДД ПК154+7(прав.),5332
228755,Пожарная охрана,Датчик дыма,"847-1.1.50.44.",ДД ПК154(прав.),5332
228756,Пожарная охрана,Датчик дыма,"847-1.1.50.45.",ДД ПК153+3(прав.),5332
228757,Пожарная охрана,Датчик дыма,"847-1.1.50.46.",ДД ПК153+1(прав.),5332
228758,Пожарная охрана,Датчик дыма,"847-1.1.50.47.",ДД ПК152+5(прав.),5332
228759,Пожарная охрана,Датчик дыма,"847-1.1.50.48.",ДД ПК151+7(прав.),5332
228760,Пожарная охрана,Датчик дыма,"847-1.1.50.49.",ДД ПК150+9(прав.),5332
228761,Пожарная охрана,Датчик дыма,"847-1.1.50.50.","ДД ПК150+1,5(прав.)",5332
228762,Пожарная охрана,Датчик дыма,"847-1.1.50.51.",ДД ПК149+5(прав.),5332
228763,Пожарная охрана,Датчик дыма,"847-1.1.50.52.","ДД ПК148+7,5(прав.)",5332
228764,Пожарная охрана,Датчик дыма,"847-1.1.50.53.",ДД ПК148+1(прав.),5332
228765,Пожарная охрана,Датчик дыма,"847-1.1.50.54.",ДД ПК147+4(прав.),5332
228766,Пожарная охрана,Датчик дыма,"847-1.1.50.55.","ДД ПК146+7,5(прав.)",5332
228767,Пожарная охрана,Датчик дыма,"847-1.1.50.56.",ДД ПК146(прав.),5332
228768,Пожарная охрана,Датчик дыма,"847-1.1.50.57.",ДД ПК145+3(прав.),5332
228769,Пожарная охрана,Датчик дыма,"847-1.1.50.58.",ДД ПК144+7(прав.),5332
228770,Пожарная охрана,Датчик дыма,"847-1.1.50.59.","ДД ПК144+0,5(прав.)",5332
228772,Пожарная охрана,Датчик дыма,"847-1.1.50.61.",ДД ПК142+7(прав.),5332
228773,Пожарная охрана,Датчик дыма,"847-1.1.50.62.",ДД ПК142+6К,5332
228793,Пожарная охрана,Датчик дыма,"847-1.1.50.82.",ДД ПК142+4(лев.),5332
228781,Пожарная охрана,Датчик дыма,"847-1.1.50.70.",ДД ПК142+3К,5332
228792,Пожарная охрана,Датчик дыма,"847-1.1.50.81.","ДД ПК141+9,5(лев.)",5332
228783,Пожарная охрана,Датчик дыма,"847-1.1.50.72.",ДД ПК141+7(прав.),5332
228785,Пожарная охрана,Датчик дыма,"847-1.1.50.74.",ДД ПК140+3(прав.),5332
228774,Пожарная охрана,Датчик дыма,"847-1.1.50.63.",ДД Г4 ПК0+2,5332
228775,Пожарная охрана,Датчик дыма,"847-1.1.50.64.",ДД Г4 ПК0+9,5332
228776,Пожарная охрана,Датчик дыма,"847-1.1.50.65.",ДД Г4 ПК1+5,5332
228777,Пожарная охрана,Датчик дыма,"847-1.1.50.66.",ДД Г4 ПК2+3,5332
228778,Пожарная охрана,Датчик дыма,"847-1.1.50.67.",ДД Г4 ПК3,5332
228780,Пожарная охрана,Датчик дыма,"847-1.1.50.69.",ДД Г4 ПК3+3,5332
228779,Пожарная охрана,Датчик дыма,"847-1.1.50.68.","ДД Г4 ПК3+3,5",5332
228691,Пожарная охрана,Датчик дыма,"847-1.1.49.81.",ДД ПК165+6(прав.),5332
228692,Пожарная охрана,Датчик дыма,"847-1.1.49.82.",ДД ПК165+8(лев.),5332
228693,Пожарная охрана,Датчик дыма,"847-1.1.49.83.",ДД ПК166+5(лев.),5332
228694,Пожарная охрана,Датчик дыма,"847-1.1.49.84.",ДД ПК167+1(лев.),5332
228695,Пожарная охрана,Датчик дыма,"847-1.1.49.85.","ДД ПК167+7,5(лев.)",5332
228696,Пожарная охрана,Датчик дыма,"847-1.1.49.86.",ДД ПК168+5(лев.),5332
228697,Пожарная охрана,Датчик дыма,"847-1.1.49.87.",ДД ПК169(лев.),5332
228698,Пожарная охрана,Датчик дыма,"847-1.1.49.88.",ДД ПК169+6(лев.),5332
228699,Пожарная охрана,Датчик дыма,"847-1.1.49.89.",ДД ПК170+3(лев.),5332
228700,Пожарная охрана,Датчик дыма,"847-1.1.49.90.",ДД ПК170+9(лев.),5332
228701,Пожарная охрана,Датчик дыма,"847-1.1.49.91.",ДД ПК171+6(лев.),5332
228702,Пожарная охрана,Датчик дыма,"847-1.1.49.92.",ДД ПК172+1(лев.),5332
228703,Пожарная охрана,Датчик дыма,"847-1.1.49.93.","ДД ПК172+6,5(лев.)",5332
228704,Пожарная охрана,Датчик дыма,"847-1.1.49.94.","ДД ПК173+2,5(лев.)",5332
228705,Пожарная охрана,Датчик дыма,"847-1.1.49.95.",ДД ПК173+7(лев.),5332
228707,Пожарная охрана,Датчик дыма,"847-1.1.49.97.",ДД ПК174+7(лев.),5332
228706,Пожарная охрана,Датчик дыма,"847-1.1.49.96.",ДД ПК174+1(лев.),5332
228708,Пожарная охрана,Датчик дыма,"847-1.1.49.98.",ДД ПК175+4(лев.),5332
228709,Пожарная охрана,Датчик дыма,"847-1.1.49.99.",ДД ПК175+3К,5332
228710,Пожарная охрана,Датчик дыма,"847-1.1.49.100.",ДД ПК175+6К,5332
228612,Пожарная охрана,Датчик дыма,"847-1.1.49.2.",ДД ПК176К,5332
228613,Пожарная охрана,Датчик дыма,"847-1.1.49.3.",ДД ПК176+1К,5332
228614,Пожарная охрана,Датчик дыма,"847-1.1.49.4.","ДД ПК175+9,5(лев.)",5332
228615,Пожарная охрана,Датчик дыма,"847-1.1.49.5.","ДД ПК176+6,5(лев.)",5332
228616,Пожарная охрана,Датчик дыма,"847-1.1.49.6.",ДД ПК177+3(лев.),5332
228617,Пожарная охрана,Датчик дыма,"847-1.1.49.7.",ДД ПК178(лев.),5332
228618,Пожарная охрана,Датчик дыма,"847-1.1.49.8.",ДД ПК178+6(лев.),5332
228619,Пожарная охрана,Датчик дыма,"847-1.1.49.9.",ДД ПК179+2(лев.),5332
228620,Пожарная охрана,Датчик дыма,"847-1.1.49.10.",ДД ПК179+9(лев.),5332
228621,Пожарная охрана,Датчик дыма,"847-1.1.49.11.",ДД ПК180+5(лев.),5332
228622,Пожарная охрана,Датчик дыма,"847-1.1.49.12.",ДД ПК181+2(лев.),5332
228623,Пожарная охрана,Датчик дыма,"847-1.1.49.13.",ДД ПК181+8(лев.),5332
228624,Пожарная охрана,Датчик дыма,"847-1.1.49.14.",ДД ПК182+5(лев.),5332
228625,Пожарная охрана,Датчик дыма,"847-1.1.49.15.",ДД ПК183+2(лев.),5332
228626,Пожарная охрана,Датчик дыма,"847-1.1.49.16.",ДД ПК183+8(лев.),5332
228627,Пожарная охрана,Датчик дыма,"847-1.1.49.17.",ДД ПК184+4(лев.),5332
228628,Пожарная охрана,Датчик дыма,"847-1.1.49.18.",ДД ПК185(лев.),5332
228629,Пожарная охрана,Датчик дыма,"847-1.1.49.19.",ДД ПК185+6(лев.),5332
228630,Пожарная охрана,Датчик дыма,"847-1.1.49.20.",ДД ПК186+3(лев.),5332
228631,Пожарная охрана,Датчик дыма,"847-1.1.49.21.","ДД ПК187+1,5(лев.)",5332
228632,Пожарная охрана,Датчик дыма,"847-1.1.49.22.","ДД ПК187+7,5(лев.)",5332
228633,Пожарная охрана,Датчик дыма,"847-1.1.49.23.","ДД ПК188+2,5(лев.)",5332
228634,Пожарная охрана,Датчик дыма,"847-1.1.49.24.","ДД ПК188+9,5(лев.)",5332
228635,Пожарная охрана,Датчик дыма,"847-1.1.49.25.",ДД ПК189+9(лев.),5332
228636,Пожарная охрана,Датчик дыма,"847-1.1.49.26.",ДД ПК190+2К,5332
228637,Пожарная охрана,Датчик дыма,"847-1.1.49.27.","ДД ПК190+2,5К",5332
228638,Пожарная охрана,Датчик дыма,"847-1.1.49.28.",ДД ПК190+4(лев.),5332
228639,Пожарная охрана,Датчик дыма,"847-1.1.49.29.",ДД ПК190+9(лев.),5332
228640,Пожарная охрана,Датчик дыма,"847-1.1.49.30.",ДД ПК191+3(лев.),5332
228641,Пожарная охрана,Датчик дыма,"847-1.1.49.31.",ДД ПК191+4К,5332
228642,Пожарная охрана,Датчик дыма,"847-1.1.49.32.",ДД ПК191+7К,5332
228646,Пожарная охрана,Датчик дыма,"847-1.1.49.36.",ДД ПК191+6К,5332
228645,Пожарная охрана,Датчик дыма,"847-1.1.49.35.","ДД ПК191+6,5К",5332
228644,Пожарная охрана,Датчик дыма,"847-1.1.49.34.",ДД ПК191+6(прав.),5332
228643,Пожарная охрана,Датчик дыма,"847-1.1.49.33.",ДД ПК191+5(лев.),5332
228647,Пожарная охрана,Датчик дыма,"847-1.1.49.37.","ДД ПК191+3,5(прав.)",5332
228648,Пожарная охрана,Датчик дыма,"847-1.1.49.38.","ДД ПК190+9,5(прав.)",5332
228649,Пожарная охрана,Датчик дыма,"847-1.1.49.39.",ДД ПК190+3(прав.),5332
228650,Пожарная охрана,Датчик дыма,"847-1.1.49.40.",ДД ПК189+6(прав.),5332
228652,Пожарная охрана,Датчик дыма,"847-1.1.49.42.",ДД ПК188+9К(прав.),5332
228651,Пожарная охрана,Датчик дыма,"847-1.1.49.41.",ДД ПК188+8(прав.),5332
228653,Пожарная охрана,Датчик дыма,"847-1.1.49.43.",ДД ПК188+3К(прав.),5332
228654,Пожарная охрана,Датчик дыма,"847-1.1.49.44.",ДД ПК188+1(прав.),5332
228655,Пожарная охрана,Датчик дыма,"847-1.1.49.45.","ДД ПК187+4,5(прав.)",5332
228656,Пожарная охрана,Датчик дыма,"847-1.1.49.46.",ДД ПК186+7(прав.),5332
228657,Пожарная охрана,Датчик дыма,"847-1.1.49.47.",ДД ПК186(прав.),5332
228658,Пожарная охрана,Датчик дыма,"847-1.1.49.48.",ДД ПК185+4(прав.),5332
228659,Пожарная охрана,Датчик дыма,"847-1.1.49.49.",ДД ПК184+6(прав.),5332
228660,Пожарная охрана,Датчик дыма,"847-1.1.49.50.",ДД ПК184+1(прав.),5332
228661,Пожарная охрана,Датчик дыма,"847-1.1.49.51.",ДД ПК183+5(прав.),5332
228663,Пожарная охрана,Датчик дыма,"847-1.1.49.53.",ДД ПК183+1К,5332
228662,Пожарная охрана,Датчик дыма,"847-1.1.49.52.",ДД ПК182+7(прав.),5332
228664,Пожарная охрана,Датчик дыма,"847-1.1.49.54.",ДД ПК182+6К,5332
228665,Пожарная охрана,Датчик дыма,"847-1.1.49.55.",ДД ПК182+2(прав.),5332
228666,Пожарная охрана,Датчик дыма,"847-1.1.49.56.",ДД ПК181+5(прав.),5332
228667,Пожарная охрана,Датчик дыма,"847-1.1.49.57.",ДД ПК180+9(прав.),5332
228668,Пожарная охрана,Датчик дыма,"847-1.1.49.58.",ДД ПК180+2(прав.),5332
228669,Пожарная охрана,Датчик дыма,"847-1.1.49.59.",ДД ПК179+6(прав.),5332
228670,Пожарная охрана,Датчик дыма,"847-1.1.49.60.","ДД ПК178+9,5(прав.)",5332
228671,Пожарная охрана,Датчик дыма,"847-1.1.49.61.",ДД ПК178+3(прав.),5332
228672,Пожарная охрана,Датчик дыма,"847-1.1.49.62.",ДД ПК177+5(прав.),5332
228673,Пожарная охрана,Датчик дыма,"847-1.1.49.63.","ДД ПК176+9,5(прав.)",5332
228674,Пожарная охрана,Датчик дыма,"847-1.1.49.64.",ДД ПК176+3(прав.),5332
228675,Пожарная охрана,Датчик дыма,"847-1.1.49.65.",ДД ПК175+6(прав.),5332
228676,Пожарная охрана,Датчик дыма,"847-1.1.49.66.",ДД ПК175(прав.),5332
228677,Пожарная охрана,Датчик дыма,"847-1.1.49.67.","ДД ПК174+4,5(прав.)",5332
228678,Пожарная охрана,Датчик дыма,"847-1.1.49.68.","ДД ПК173+7,5(прав.)",5332
228679,Пожарная охрана,Датчик дыма,"847-1.1.49.69.",ДД ПК173+2(прав.),5332
228680,Пожарная охрана,Датчик дыма,"847-1.1.49.70.",ДД ПК172+6(прав.),5332
228681,Пожарная охрана,Датчик дыма,"847-1.1.49.71.",ДД ПК171+9(прав.),5332
228682,Пожарная охрана,Датчик дыма,"847-1.1.49.72.",ДД ПК171+3(прав.),5332
228683,Пожарная охрана,Датчик дыма,"847-1.1.49.73.",ДД ПК170+7(прав.),5332
228684,Пожарная охрана,Датчик дыма,"847-1.1.49.74.",ДД ПК170(прав.),5332
228685,Пожарная охрана,Датчик дыма,"847-1.1.49.75.",ДД ПК169+4(прав.),5332
228686,Пожарная охрана,Датчик дыма,"847-1.1.49.76.",ДД ПК168+7(прав.),5332
228687,Пожарная охрана,Датчик дыма,"847-1.1.49.77.",ДД ПК168+1(прав.),5332
228688,Пожарная охрана,Датчик дыма,"847-1.1.49.78.",ДД ПК167+5(прав.),5332
228689,Пожарная охрана,Датчик дыма,"847-1.1.49.79.",ДД ПК166+9(прав.),5332
228690,Пожарная охрана,Датчик дыма,"847-1.1.49.80.",ДД ПК166+3(прав.),5332
229288,Пожарная охрана,Датчик дыма,"847-1.1.56.10.","ДД ПК201+5,5(прав.)",5332
229289,Пожарная охрана,Датчик дыма,"847-1.1.56.11.",ДД ПК200+9(прав.),5332
229290,Пожарная охрана,Датчик дыма,"847-1.1.56.12.",ДД ПК200+3(прав.),5332
229291,Пожарная охрана,Датчик дыма,"847-1.1.56.13.",ДД ПК199+6(прав.),5332
229292,Пожарная охрана,Датчик дыма,"847-1.1.56.14.",ДД ПК199(прав.),5332
229293,Пожарная охрана,Датчик дыма,"847-1.1.56.15.","ДД ПК198+3,5(прав.)",5332
229294,Пожарная охрана,Датчик дыма,"847-1.1.56.16.","ДД ПК197+6,5(прав.)",5332
229295,Пожарная охрана,Датчик дыма,"847-1.1.56.17.","ДД ПК197+0,5(прав.)",5332
229296,Пожарная охрана,Датчик дыма,"847-1.1.56.18.","ДД ПК196+3,5(прав.)",5332
229297,Пожарная охрана,Датчик дыма,"847-1.1.56.19.",ДД ПК195+8(прав.),5332
229298,Пожарная охрана,Датчик дыма,"847-1.1.56.20.",ДД ПК195+1(прав.),5332
229299,Пожарная охрана,Датчик дыма,"847-1.1.56.21.",ДД ПК194+5(прав.),5332
229300,Пожарная охрана,Датчик дыма,"847-1.1.56.22.",ДД ПК193+8(прав.),5332
229301,Пожарная охрана,Датчик дыма,"847-1.1.56.23.","ДД ПК193+1,5(прав.)",5332
229302,Пожарная охрана,Датчик дыма,"847-1.1.56.24.","ДД ПК192+5,5",5332
229303,Пожарная охрана,Датчик дыма,"847-1.1.56.25.",ДД ПК192+6,5332
229304,Пожарная охрана,Датчик дыма,"847-1.1.56.26.","ДД ПК193+1,5(лев.)",5332
229305,Пожарная охрана,Датчик дыма,"847-1.1.56.27.",ДД ПК193+8(лев.),5332
229306,Пожарная охрана,Датчик дыма,"847-1.1.56.28.",ДД ПК194+5(лев.),5332
229307,Пожарная охрана,Датчик дыма,"847-1.1.56.29.",ДД ПК195+1(лев.),5332
229308,Пожарная охрана,Датчик дыма,"847-1.1.56.30.",ДД ПК195+8(лев.),5332
229309,Пожарная охрана,Датчик дыма,"847-1.1.56.31.","ДД ПК196+3,5(лев.)",5332
229310,Пожарная охрана,Датчик дыма,"847-1.1.56.32.","ДД ПК197+0,5(лев.)",5332
229311,Пожарная охрана,Датчик дыма,"847-1.1.56.33.","ДД ПК197+6,5(лев.)",5332
229312,Пожарная охрана,Датчик дыма,"847-1.1.56.34.","ДД ПК198+3,5(лев.)",5332
229313,Пожарная охрана,Датчик дыма,"847-1.1.56.35.",ДД ПК199(лев.),5332
229314,Пожарная охрана,Датчик дыма,"847-1.1.56.36.",ДД ПК199+6(лев.),5332
229315,Пожарная охрана,Датчик дыма,"847-1.1.56.37.",ДД ПК200+3(лев.),5332
229316,Пожарная охрана,Датчик дыма,"847-1.1.56.38.",ДД ПК200+9(лев.),5332
228408,Охранная подсистема,КД АВ,"847-1.1.26.4.",КД АВ ПК41,5332
228407,Охранная подсистема,КД Дверь,"847-1.1.26.3.",КД дверь ВК ПК41,5332
228409,Охранная подсистема,КД Дверь,"847-1.1.26.5.",КД отс. дверь ПК41,5332
228410,Охранная подсистема,Датчик движения,"847-1.1.26.6.",ОД АВ ПК41,5332
228406,Температурная подсистема,Датчик температуры,"847-1.1.26.2.",ТЕМП ПК41,5332
228399,Охранная подсистема,КД АВ,"847-1.1.25.4.",КД АВ ПК41+2,5332
228400,Охранная подсистема,Датчик движения,"847-1.1.25.5.",ОД АВ ПК41+2,5332
228401,Температурная подсистема,Датчик температуры,"847-1.1.25.6.",ТЕМП ПК42,5332
228390,Охранная подсистема,КД АВ,"847-1.1.24.4.",КД АВ ПК56,5332
228461,Температурная подсистема,Датчик температуры,"847-1.1.32.5.",ТЕМП ПК0,5332
228389,Охранная подсистема,КД Дверь,"847-1.1.24.3.",КД дверь ВК ПК56,5332
228391,Охранная подсистема,КД Дверь,"847-1.1.24.5.",КД отс. дверь ПК56,5332
228392,Охранная подсистема,Датчик движения,"847-1.1.24.6.",ОД АВ ПК56,5332
228388,Температурная подсистема,Датчик температуры,"847-1.1.24.2.",ТЕМП ПК56,5332
228381,Охранная подсистема,КД АВ,"847-1.1.23.4.",КД АВ ПК56+2,5332
228382,Охранная подсистема,Датчик движения,"847-1.1.23.5.",ОД АВ ПК56+2,5332
228380,Температурная подсистема,Датчик температуры,"847-1.1.23.2.",ТЕМП ПК56+9,5332
228362,Охранная подсистема,КД АВ,"847-1.1.21.4.",КД АВ ПК71,5332
228363,Охранная подсистема,КД Дверь,"847-1.1.21.5.",КД отс. двери ПК71,5332
228364,Охранная подсистема,Датчик движения,"847-1.1.21.6.",ОД АВ ПК71,5332
228361,Температурная подсистема,Датчик температуры,"847-1.1.21.2.",ТЕМП ПК71,5332
228354,Охранная подсистема,КД АВ,"847-1.1.20.4.",КД АВ ПК71+2,5332
228355,Охранная подсистема,Датчик движения,"847-1.1.20.5.",ОД АВ ПК71+2,5332
228353,Температурная подсистема,Датчик температуры,"847-1.1.20.2.",ТЕМП ПК71+9,5332
228347,Температурная подсистема,Датчик температуры,"847-1.1.19.2.",ТЕМП ПК85+2,5332
228339,Охранная подсистема,КД АВ,"847-1.1.18.4.",КД АВ ПК86,5332
228338,Охранная подсистема,КД Дверь,"847-1.1.18.3.",КД дверь ВК ПК86,5332
228340,Охранная подсистема,КД Дверь,"847-1.1.18.5.",КД отс. дверь ПК86,5332
228337,Охранная подсистема,Датчик движения,"847-1.1.18.2.",ОД АВ ПК86,5332
228342,Температурная подсистема,Датчик температуры,"847-1.1.18.7.",ТЕМП ПК86+2,5332
228434,Температурная подсистема,Датчик температуры,"847-1.1.29.2.",ТЕМП ПК19,5332
228330,Охранная подсистема,КД АВ,"847-1.1.17.4.",КД АВ Г1 ПК5+3,5332
228331,Охранная подсистема,Датчик движения,"847-1.1.17.5.",ОД АВ Г1 ПК5+3,5332
228329,Температурная подсистема,Датчик температуры,"847-1.1.17.2.",ТЕМП Г1 ПК4+8,5332
228321,Охранная подсистема,КД АВ,"847-1.1.16.4.",КД АВ ПК98,5332
228320,Охранная подсистема,КД Дверь,"847-1.1.16.3.",КД дверь ВК ПК98,5332
228322,Охранная подсистема,КД Дверь,"847-1.1.16.5.",КД отс. двери ПК98,5332
228323,Охранная подсистема,Датчик движения,"847-1.1.16.6.",ОД АВ ПК98+8,5332
228319,Температурная подсистема,Датчик температуры,"847-1.1.16.2.",ТЕМП ПК98,5332
228312,Охранная подсистема,КД АВ,"847-1.1.15.3.",КД АВ Г2 ПК3,5332
228313,Охранная подсистема,Датчик движения,"847-1.1.15.4.",ОД АВ Г2 ПК3,5332
228311,Температурная подсистема,Датчик температуры,"847-1.1.15.2.",ТЕМП Г2 ПК2+5,5332
228304,Охранная подсистема,КД АВ,"847-1.1.14.5.",КД АВ ПК110+9,5332
228305,Охранная подсистема,КД Дверь,"847-1.1.14.6.",КД дверь ВК ПК110+9,5332
228303,Охранная подсистема,КД Дверь,"847-1.1.14.4.",КД отс. двери ПК114,5332
228301,Температурная подсистема,Датчик температуры,"847-1.1.14.2.",ТЕМП ПК110,5332
228294,Охранная подсистема,КД АВ,"847-1.1.13.3.",КД АВ Г3 ПК3,5332
228285,Охранная подсистема,КД АВ,"847-1.1.12.4.",КД АВ ПК126+6,5332
228284,Охранная подсистема,КД Дверь,"847-1.1.12.3.",КД дверь ВК ПК126+6,5332
228286,Охранная подсистема,КД Дверь,"847-1.1.12.5.",КД отс. двери ПК126+6,5332
228287,Охранная подсистема,Датчик движения,"847-1.1.12.6.",ОД АВ ПК126+6,5332
228283,Температурная подсистема,Датчик температуры,"847-1.1.12.2.",ТЕМП ПК125+8,5332
228277,Охранная подсистема,КД АВ,"847-1.1.11.4.",КД АВ ПК126+8,5332
228276,Охранная подсистема,Датчик движения,"847-1.1.11.3.",ОД АВ ПК126+8,5332
228275,Температурная подсистема,Датчик температуры,"847-1.1.11.2.",ТЕМП ПК127+6,5332
228268,Охранная подсистема,КД АВ,"847-1.1.10.5.",КД АВ ПК140,5332
228267,Охранная подсистема,КД Дверь,"847-1.1.10.4.",КД отс. двери ПК139+5,5332
228270,Охранная подсистема,КД Дверь,"847-1.1.10.8.",КД отс. двери ПК140+1,5332
228266,Охранная подсистема,Датчик движения,"847-1.1.10.3.",ОД АВ ПК140,5332
228269,Температурная подсистема,Датчик температуры,"847-1.1.10.7.",ТЕМП ПК140+4,5332
228257,Температурная подсистема,Датчик температуры,"847-1.1.9.2.",ТЕМП Г4 ПК2+7,5332
228249,Охранная подсистема,КД АВ,"847-1.1.8.4.",КД АВ ПК153,5332
228248,Охранная подсистема,КД Дверь,"847-1.1.8.3.",КД дверь ВК ПК153,5332
228250,Охранная подсистема,КД Дверь,"847-1.1.8.5.",КД отс. двери ПК153,5332
228251,Охранная подсистема,Датчик движения,"847-1.1.8.6.",ОД АВ ПК153,5332
228247,Температурная подсистема,Датчик температуры,"847-1.1.8.2.",ТЕМП ПК152+3,5332
228241,Охранная подсистема,КД АВ,"847-1.1.7.4.",КД АВ ПК153+2,5332
228242,Охранная подсистема,Датчик движения,"847-1.1.7.5.",ОД АВ ПК153+2,5332
228239,Температурная подсистема,Датчик температуры,"847-1.1.7.2.",ТЕМП ПК154+2,5332
228231,Охранная подсистема,КД АВ,"847-1.1.6.3.",КД АВ ПК175,5332
228230,Охранная подсистема,КД Дверь,"847-1.1.6.2.",КД дверь ВК ПК175,5332
228232,Охранная подсистема,Датчик движения,"847-1.1.6.4.",ОД АВ ПК175,5332
228233,Температурная подсистема,Датчик температуры,"847-1.1.6.5.",ТЕМП ПК175+2,5332
228223,Охранная подсистема,КД Дверь,"847-1.1.5.5.",КД отс. двери ПК176,5332
228224,Охранная подсистема,Датчик движения,"847-1.1.5.6.",ОД АВ ПК176,5332
228225,Температурная подсистема,Датчик температуры,"847-1.1.5.7.","ТЕМП ПК176+6,5",5332
228209,Охранная подсистема,Датчик движения,"847-1.1.3.2.",ОД ПК186+5,5332
228201,Охранная подсистема,КД АВ,"847-1.1.2.4.",КД АВ ПК190+2,5332
228200,Охранная подсистема,КД Дверь,"847-1.1.2.3.",КД двери ПК190+2,5332
228202,Охранная подсистема,КД Дверь,"847-1.1.2.5.",КД отс. двери ПК191,5332
228203,Охранная подсистема,Датчик движения,"847-1.1.2.6.",ОД АВ ПК190+2,5332
228199,Температурная подсистема,Датчик температуры,"847-1.1.2.2.",ТЕМП ПК190+5,5332
228191,Охранная подсистема,КД АВ,"847-1.1.1.2.",КД АВ ПК191+6,5332
228192,Охранная подсистема,Датчик движения,"847-1.1.1.4.",ОД АВ ПК191+6,5332
228193,Температурная подсистема,Датчик температуры,"847-1.1.1.5.",ТЕМП ПК191+3,5332
229105,Пожарная охрана,Датчик дыма,"847-1.1.53.99.","ДД ПК56+7,5",5332
230018,Пожарная охрана,Состояние УИР-Р,"847-1.1.156.2.",УСРСБ Г1 ПК5+3 Состояние речевого устройства,5332
228258,Охранная подсистема,КД АВ,"847-1.1.9.3.",КД АВ  Г4 ПК3,5332
230012,Пожарная охрана,Состояние УИР-Р,"847-1.1.155.2.",УСРСБ Г1 ПК0 Состояние речевого устройства,5332
229976,Пожарная охрана,Состояние УИР-Р,"847-1.1.149.2.",УСРСБ Г2 ПК3 Состояние речевого устройства,5332
228295,Охранная подсистема,Датчик движения,"847-1.1.13.5.",ОД АВ  Г3 ПК3,5332
229940,Пожарная охрана,Состояние УИР-Р,"847-1.1.143.2.",УСРСБ Г3 ПК0 Состояние речевого устройства,5332
229934,Пожарная охрана,Состояние УИР-Р,"847-1.1.142.2.",УСРСБ Г3 ПК3 Состояние речевого устройства,5332
228293,Температурная подсистема,Датчик температуры,"847-1.1.13.2.",ТЕМП Г3 ПК2+5,5332
228259,Охранная подсистема,Датчик движения,"847-1.1.9.4.",ОД АВ  Г4 ПК3,5332
229862,Пожарная охрана,Состояние УИР-Р,"847-1.1.130.2.",УСРСБ Г4 ПК3 Состояние речевого устройства,5332
230162,Пожарная охрана,Состояние УИР-Р,"847-1.1.180.2.",УСРСБ ПК9+5 Состояние речевого устройства,5332
230168,Пожарная охрана,Состояние УИР-Р,"847-1.1.181.2.",УСРСБ ПК4+8 Состояние речевого устройства,5332
230150,Пожарная охрана,Состояние УИР-Р,"847-1.1.178.2.",УСРСБ ПК14+2 Состояние речевого устройства,5332
230144,Пожарная охрана,Состояние УИР-Р,"847-1.1.177.2.",УСРСБ ПК19 Состояние речевого устройства,5332
230138,Пожарная охрана,Состояние УИР-Р,"847-1.1.176.2.",УСРСБ ПК20+6 Состояние речевого устройства,5332
230126,Пожарная охрана,Состояние УИР-Р,"847-1.1.174.2.",УСРСБ ПК24 Состояние речевого устройства,5332
230120,Пожарная охрана,Состояние УИР-Р,"847-1.1.173.2.",УСРСБ ПК26+4 Состояние речевого устройства,5332
230114,Пожарная охрана,Состояние УИР-Р,"847-1.1.172.2.",УСРСБ ПК31 Состояние речевого устройства,5332
230108,Пожарная охрана,Состояние УИР-Р,"847-1.1.171.2.",УСРСБ ПК36 Состояние речевого устройства,5332
230102,Пожарная охрана,Состояние УИР-Р,"847-1.1.170.2.",УСРСБ ПК41 Состояние речевого устройства,5332
230096,Пожарная охрана,Состояние УИР-Р,"847-1.1.169.2.",УСРСБ ПК41+2 Состояние речевого устройства,5332
230090,Пожарная охрана,Состояние УИР-Р,"847-1.1.168.2.",УСРСБ ПК46+8 Состояние речевого устройства,5332
230084,Пожарная охрана,Состояние УИР-Р,"847-1.1.167.2.",УСРСБ ПК50+2 Состояние речевого устройства,5332
230078,Пожарная охрана,Состояние УИР-Р,"847-1.1.166.2.",УСРСБ ПК56 Состояние речевого устройства,5332
230072,Пожарная охрана,Состояние УИР-Р,"847-1.1.165.2.",УСРСБ ПК56+2 Состояние речевого устройства,5332
230066,Пожарная охрана,Состояние УИР-Р,"847-1.1.164.2.",УСРСБ ПК60 щит.2 Состояние речевого устройства,5332
230060,Пожарная охрана,Состояние УИР-Р,"847-1.1.163.2.",УСРСБ ПК66 Состояние речевого устройства,5332
230054,Пожарная охрана,Состояние УИР-Р,"847-1.1.162.2.",УСРСБ ПК71 Состояние речевого устройства,5332
230048,Пожарная охрана,Состояние УИР-Р,"847-1.1.161.2.",УСРСБ ПК71+2 Состояние речевого устройства,5332
230042,Пожарная охрана,Состояние УИР-Р,"847-1.1.160.2.",УСРСБ ПК76+8 Состояние речевого устройства,5332
230036,Пожарная охрана,Состояние УИР-Р,"847-1.1.159.2.",УСРСБ ПК82 Состояние речевого устройства,5332
230030,Пожарная охрана,Состояние УИР-Р,"847-1.1.158.2.",УСРСБ ПК85+2 Состояние речевого устройства,5332
230024,Пожарная охрана,Состояние УИР-Р,"847-1.1.157.2.",УСРСБ ПК86 Состояние речевого устройства,5332
230000,Пожарная охрана,Состояние УИР-Р,"847-1.1.153.2.",УСРСБ ПК89+2 Состояние речевого устройства,5332
230006,Пожарная охрана,Состояние УИР-Р,"847-1.1.154.2.",УСРСБ ПК89+3 Состояние речевого устройства,5332
229988,Пожарная охрана,Состояние УИР-Р,"847-1.1.151.2.",УСРСБ ПК94 Состояние речевого устройства,5332
229994,Пожарная охрана,Состояние УИР-Р,"847-1.1.152.2.",УСРСБ ПК94+1 Состояние речевого устройства,5332
229982,Пожарная охрана,Состояние УИР-Р,"847-1.1.150.2.",УСРСБ ПК98+8 Состояние речевого устройства,5332
229964,Пожарная охрана,Состояние УИР-Р,"847-1.1.147.2.",УСРСБ ПК100+8 Состояние речевого устройства,5332
229970,Пожарная охрана,Состояние УИР-Р,"847-1.1.148.2.",УСРСБ ПК100+9 Состояние речевого устройства,5332
229952,Пожарная охрана,Состояние УИР-Р,"847-1.1.145.2.",УСРСБ ПК106+4 Состояние речевого устройства,5332
229958,Пожарная охрана,Состояние УИР-Р,"847-1.1.146.2.",УСРСБ ПК106+5 Состояние речевого устройства,5332
229946,Пожарная охрана,Состояние УИР-Р,"847-1.1.144.2.",УСРСБ ПК110+9 Состояние речевого устройства,5332
229922,Пожарная охрана,Состояние УИР-Р,"847-1.1.140.2.","УСРСБ ПК116+6,5 Состояние речевого устройства",5332
229928,Пожарная охрана,Состояние УИР-Р,"847-1.1.141.2.","УСРСБ ПК116+7,5 Состояние речевого устройства",5332
229910,Пожарная охрана,Состояние УИР-Р,"847-1.1.138.2.",УСРСБ ПК122+1 Состояние речевого устройства,5332
229916,Пожарная охрана,Состояние УИР-Р,"847-1.1.139.2.",УСРСБ ПК122+2 Состояние речевого устройства,5332
229904,Пожарная охрана,Состояние УИР-Р,"847-1.1.137.2.",УСРСБ ПК126+6 Состояние речевого устройства,5332
229898,Пожарная охрана,Состояние УИР-Р,"847-1.1.136.2.",УСРСБ ПК126+8 Состояние речевого устройства,5332
229886,Пожарная охрана,Состояние УИР-Р,"847-1.1.134.2.","УСРСБПК130+1,5 Состояние речевого устройства",5332
229892,Пожарная охрана,Состояние УИР-Р,"847-1.1.135.2.","УСРСБПК130+2,5 Состояние речевого устройства",5332
229874,Пожарная охрана,Состояние УИР-Р,"847-1.1.132.2.",УСРСБ ПК134+8 Состояние речевого устройства,5332
229880,Пожарная охрана,Состояние УИР-Р,"847-1.1.133.2.",УСРСБ ПК134+9 Состояние речевого устройства,5332
229868,Пожарная охрана,Состояние УИР-Р,"847-1.1.131.2.",УСРСБ ПК140 Состояние речевого устройства,5332
229850,Пожарная охрана,Состояние УИР-Р,"847-1.1.128.2.",УСРСБ ПК143+3 Состояние речевого устройства,5332
229856,Пожарная охрана,Состояние УИР-Р,"847-1.1.129.2.",УСРСБ ПК143+4 Состояние речевого устройства,5332
229838,Пожарная охрана,Состояние УИР-Р,"847-1.1.126.2.",УСРСБ ПК148+2 Состояние речевого устройства,5332
229844,Пожарная охрана,Состояние УИР-Р,"847-1.1.127.2.",УСРСБ ПК148+3 Состояние речевого устройства,5332
229832,Пожарная охрана,Состояние УИР-Р,"847-1.1.125.2.",УСРСБ ПК153 Состояние речевого устройства,5332
229826,Пожарная охрана,Состояние УИР-Р,"847-1.1.124.2.",УСРСБ ПК153+2 Состояние речевого устройства,5332
229814,Пожарная охрана,Состояние УИР-Р,"847-1.1.122.2.",УСРСБ ПК158+6 Состояние речевого устройства,5332
229820,Пожарная охрана,Состояние УИР-Р,"847-1.1.123.2.",УСРСБ ПК158+7 Состояние речевого устройства,5332
229808,Пожарная охрана,Состояние УИР-Р,"847-1.1.121.2.",УСРСБ ПК159+8 Состояние речевого устройства,5332
229796,Пожарная охрана,Состояние УИР-Р,"847-1.1.119.2.",УСРСБ ПК164+8 Состояние речевого устройства,5332
229802,Пожарная охрана,Состояние УИР-Р,"847-1.1.120.2.",УСРСБ ПК164+9 Состояние речевого устройства,5332
229790,Пожарная охрана,Состояние УИР-Р,"847-1.1.118.2.",УСРСБ ПК169+5 Состояние речевого устройства,5332
229784,Пожарная охрана,Состояние УИР-Р,"847-1.1.117.2.",УСРСБ ПК169+6 Состояние речевого устройства,5332
229778,Пожарная охрана,Состояние УИР-Р,"847-1.1.116.2.",УСРСБ ПК175 Состояние речевого устройства,5332
229772,Пожарная охрана,Состояние УИР-Р,"847-1.1.115.2.",УСРСБ ПК176 Состояние речевого устройства,5332
229760,Пожарная охрана,Состояние УИР-Р,"847-1.1.113.2.",УСРСБ ПК181+2 Состояние речевого устройства,5332
229766,Пожарная охрана,Состояние УИР-Р,"847-1.1.114.2.",УСРСБ ПК181+3 Состояние речевого устройства ,5332
229754,Пожарная охрана,Состояние УИР-Р,"847-1.1.112.2.",УСРСБ ПК186+5 Состояние речевого устройства,5332
229748,Пожарная охрана,Состояние УИР-Р,"847-1.1.111.2.",УСРСБ ПК 190+2 Состояние речевого устройства,5332
229736,Пожарная охрана,Состояние УИР-Р,"847-1.1.109.2.",УСРСБ ПК191+6 Состояние речевого устройства,5332
229742,Пожарная охрана,Состояние УИР-Р,"847-1.1.110.2.",УСРСБ ПК 191+8 Состояние речевого устройства,5332
230180,Пожарная охрана,Состояние УИР-Р,"847-1.1.183.2.","УСРСБ ПК196+7,5 Состояние речевого устройства",5332
230186,Пожарная охрана,Состояние УИР-Р,"847-1.1.184.2.",УСРСБ ПК196+8 Состояние речевого устройства,5332
228221,Охранная подсистема,КД АВ,"847-1.1.5.3.",КД АВ ПК176,5332
228371,Охранная подсистема,КД Дверь,"847-1.1.22.3.",КД дверь в щит.2 ПК60,5332
228373,Охранная подсистема,Датчик движения,"847-1.1.22.5.",ОД щит.2 ПК60,5332
228771,Пожарная охрана,Датчик дыма,"847-1.1.50.60.",ДД ПК143+3(прав.),5332
228998,Пожарная охрана,Датчик дыма,"847-1.1.52.91.","ДД ПК98+8,5(лев.)",5332
229095,Пожарная охрана,Датчик дыма,"847-1.1.53.89.","ДД ПК60+1,5 щит.2",5332
229094,Пожарная охрана,Датчик дыма,"847-1.1.53.88.",ДД ПК60+2 щит.2,5332
229009,Пожарная охрана,Датчик дыма,"847-1.1.53.3.","ДД ПК71+2,5 К",5332
229051,Пожарная охрана,Датчик дыма,"847-1.1.53.45.",ДД ПК86+5К,5332
229048,Пожарная охрана,Датчик дыма,"847-1.1.53.42.",ДД ПК86+6К,5332
229054,Пожарная охрана,Датчик дыма,"847-1.1.53.48.",ДД ПК86+7К,5332
230748,Диспетчерский контроль,Состояние охраны,"847-g1.",к-р Комунарка ПК0-ПК202,5332
228302,Охранная подсистема,Датчик движения,"847-1.1.14.3.",ОД АВ ПК110+9,5332
230174,Пожарная охрана,Состояние УИР-Р,"847-1.1.182.2.",УСРСБ ПК0+4 Состояние речевого устройства ,5332
228460,Охранная подсистема,Датчик движения,"847-1.1.32.4.",ОД АВ ПК0,5332
228459,Охранная подсистема,КД АВ,"847-1.1.32.3.",КД АВ ПК0,5332
228449,Охранная подсистема,КД Дверь,"847-1.1.31.3.",КД дверь ВК ПК9+5,5332
228451,Охранная подсистема,КД Дверь,"847-1.1.31.5.",КД отс. дверь ПК9+5,5332
228452,Охранная подсистема,Датчик движения,"847-1.1.31.6.",ОД АВ ПК 9+5,5332
228450,Охранная подсистема,КД АВ,"847-1.1.31.4.",КД АВ ПК9+5,5332
228448,Температурная подсистема,Датчик температуры,"847-1.1.31.2.",ТЕМП ПК9+5,5332
229225,Пожарная охрана,Датчик дыма,"847-1.1.55.11.",ДД ПК12+8,5332
229227,Пожарная охрана,Датчик дыма,"847-1.1.55.13.","ДД ПК13+6,5",5332
229229,Пожарная охрана,Датчик дыма,"847-1.1.55.15.","ДД ПК14+6,5",5332
229231,Пожарная охрана,Датчик дыма,"847-1.1.55.17.","ДД ПК15+5,5",5332
229256,Пожарная охрана,Датчик дыма,"847-1.1.55.42.","ДД ПК7+1,5",5332
229255,Пожарная охрана,Датчик дыма,"847-1.1.55.41.","ДД ПК7+2,5 К",5332
229253,Пожарная охрана,Датчик дыма,"847-1.1.55.39.",ДД ПК8 К,5332
229252,Пожарная охрана,Датчик дыма,"847-1.1.55.38.","ДД ПК8+4,5 К",5332
229251,Пожарная охрана,Датчик дыма,"847-1.1.55.37.",ДД ПК9+3,5332
229250,Пожарная охрана,Датчик дыма,"847-1.1.55.36.",ДД ПК9+6,5332
229249,Пожарная охрана,Датчик дыма,"847-1.1.55.35.",ДД ПК9+6 К,5332
229248,Пожарная охрана,Датчик дыма,"847-1.1.55.34.","ДД ПК9+6,5 К",5332
229218,Пожарная охрана,Датчик дыма,"847-1.1.55.4.",ДД ПК9+7,5332
229216,Пожарная охрана,Датчик дыма,"847-1.1.55.2.",ДД ПК9+7 К,5332
229217,Пожарная охрана,Датчик дыма,"847-1.1.55.3.","ДД ПК9+7,5 К",5332
229219,Пожарная охрана,Датчик дыма,"847-1.1.55.5.",ДД ПК10,5332
229220,Пожарная охрана,Датчик дыма,"847-1.1.55.6.","ДД ПК10+4,5",5332
229221,Пожарная охрана,Датчик дыма,"847-1.1.55.7.",ДД ПК10+9,5332
229222,Пожарная охрана,Датчик дыма,"847-1.1.55.8.","ДД ПК11+3,5",5332
229223,Пожарная охрана,Датчик дыма,"847-1.1.55.9.",ДД ПК11+9,5332
229232,Пожарная охрана,Датчик дыма,"847-1.1.55.18.",ДД ПК16,5332
229241,Пожарная охрана,Датчик дыма,"847-1.1.55.27.",ДД ПК19+1,5332
229239,Пожарная охрана,Датчик дыма,"847-1.1.55.25.",ДД ПК19+1 К,5332
229240,Пожарная охрана,Датчик дыма,"847-1.1.55.26.",ДД ПК19+2 К,5332
229242,Пожарная охрана,Датчик дыма,"847-1.1.55.28.","ДД ПК19+5,5",5332
229243,Пожарная охрана,Датчик дыма,"847-1.1.55.29.","ДД ПК19+9,5",5332
229244,Пожарная охрана,Датчик дыма,"847-1.1.55.30.",ДД ПК20+4 К,5332
229245,Пожарная охрана,Датчик дыма,"847-1.1.55.31.",ДД ПК20+8 К,5332
229246,Пожарная охрана,Датчик дыма,"847-1.1.55.32.",ДД ПК21+2 К,5332
229247,Пожарная охрана,Датчик дыма,"847-1.1.55.33.",ДД ПК21+6К,5332
229207,Пожарная охрана,Датчик дыма,"847-1.1.54.93.",ДД ПК20+1,5332
229206,Пожарная охрана,Датчик дыма,"847-1.1.54.92.",ДД ПК20+2,5332
229205,Пожарная охрана,Датчик дыма,"847-1.1.54.91.",ДД ПК20+6,5332
229204,Пожарная охрана,Датчик дыма,"847-1.1.54.90.",ДД ПК20+9,5332
229203,Пожарная охрана,Датчик дыма,"847-1.1.54.89.",ДД ПК21+3,5332
229202,Пожарная охрана,Датчик дыма,"847-1.1.54.88.",ДД ПК21+9,5332
229201,Пожарная охрана,Датчик дыма,"847-1.1.54.87.",ДД ПК22+2,5332
229200,Пожарная охрана,Датчик дыма,"847-1.1.54.86.","ДД ПК22+6,5",5332
229199,Пожарная охрана,Датчик дыма,"847-1.1.54.85.",ДД ПК23+2,5332
229198,Пожарная охрана,Датчик дыма,"847-1.1.54.84.","ДД ПК23+6,5",5332
229197,Пожарная охрана,Датчик дыма,"847-1.1.54.83.",ДД ПК23+7 К,5332
229196,Пожарная охрана,Датчик дыма,"847-1.1.54.82.","ДД ПК23+7,5 К",5332
229192,Пожарная охрана,Датчик дыма,"847-1.1.54.78.","ДД ПК24+6,5",5332
229193,Пожарная охрана,Датчик дыма,"847-1.1.54.79.",ДД ПК24+2,5332
228442,Охранная подсистема,Датчик движения,"847-1.1.30.5.",ОД АВ ПК10,5332
228441,Охранная подсистема,КД АВ,"847-1.1.30.4.",КД АВ ПК10,5332
228443,Температурная подсистема,Датчик температуры,"847-1.1.30.6.",ТЕМП ПК10+5,5332
228426,Охранная подсистема,КД Дверь,"847-1.1.28.4.",КД дверь ВК ПК23+8,5332
228427,Охранная подсистема,КД Дверь,"847-1.1.28.5.",КД отс. дверь ПК23+8,5332
228428,Охранная подсистема,Датчик движения,"847-1.1.28.6.",ОД ПК23+8,5332
228425,Охранная подсистема,КД АВ,"847-1.1.28.3.",КД АВ ПК23+8,5332
228424,Температурная подсистема,Датчик температуры,"847-1.1.28.2.",ТЕМП ПК23+8,5332
228418,Охранная подсистема,Датчик движения,"847-1.1.27.5.",ОД АВ ПК24,5332
228417,Охранная подсистема,КД АВ,"847-1.1.27.4.",КД АВ ПК24,5332
228419,Температурная подсистема,Датчик температуры,"847-1.1.27.6.",ТЕМП ПК24+8,5332
229195,Пожарная охрана,Датчик дыма,"847-1.1.54.81.",ДД ПК24 К,5332
229194,Пожарная охрана,Датчик дыма,"847-1.1.54.80.",ДД ПК24+1 К,5332
230543,Газовая охрана,Газовый датчик,"847-1.1.249.2.",ГАЗ Д34 ПК205,5333
230548,Газовая охрана,Газовый датчик,"847-1.1.250.2.",ГАЗ Д35 ПК208+7,5333
230553,Газовая охрана,Газовый датчик,"847-1.1.251.2.",ГАЗ Д36 ПК216+2,5333
230558,Газовая охрана,Газовый датчик,"847-1.1.252.2.",ГАЗ Д37 ПК218+8,5333
230563,Газовая охрана,Газовый датчик,"847-1.1.253.2.",ГАЗ Д38 ПК221+6,5333
230568,Газовая охрана,Газовый датчик,"847-1.1.254.2.",ГАЗ Д39 ПК227+8,5333
230573,Газовая охрана,Газовый датчик,"847-1.1.255.2.",ГАЗ Д40 ПК231+2,5333
230578,Газовая охрана,Газовый датчик,"847-1.1.256.2.",ГАЗ Д41 ПК234,5333
230583,Газовая охрана,Газовый датчик,"847-1.1.257.2.",ГАЗ Д42 ПК241+4,5333
230588,Газовая охрана,Газовый датчик,"847-1.1.258.2.",ГАЗ Д43 ПК246+1,5333
230593,Газовая охрана,Газовый датчик,"847-1.1.259.2.",ГАЗ Д44 ПК248+7,5333
230598,Газовая охрана,Газовый датчик,"847-1.1.260.2.",ГАЗ Д45 ПК253+3,5333
230603,Газовая охрана,Газовый датчик,"847-1.1.261.2.",ГАЗ Д46 ПК261+2,5333
230608,Газовая охрана,Газовый датчик,"847-1.1.262.2.",ГАЗ Д47 ПК264,5333
230613,Газовая охрана,Газовый датчик,"847-1.1.263.2.",ГАЗ Д48 ПК268+4,5333
230618,Газовая охрана,Газовый датчик,"847-1.1.264.2.",ГАЗ Д49 ПК275+6,5333
230623,Газовая охрана,Газовый датчик,"847-1.1.265.2.",ГАЗ Д50 ПК277+7,5333
230628,Газовая охрана,Газовый датчик,"847-1.1.266.2.",ГАЗ Д51 ПК282+4,5333
230633,Газовая охрана,Газовый датчик,"847-1.1.267.2.",ГАЗ Д52 ПК290+4,5333
230647,Газовая охрана,Газовый датчик,"847-1.1.268.2.",ГАЗ Д53 ПК292+9,5333
230649,Газовая охрана,Газовый датчик,"847-1.1.269.2.",ГАЗ Д54 ПК297,5333
230651,Газовая охрана,Газовый датчик,"847-1.1.270.2.",ГАЗ Д55 ПК301+5,5333
230921,Диспетчерский контроль,Переключатель,"847-1.1.97.9.",Управление ФАНС1 ПК244 щит.3,5333
230920,Диспетчерский контроль,Переключатель,"847-1.1.97.8.",Управление ФРО2 ПК244 щит.3,5333
230919,Диспетчерский контроль,Состояние фазы,"847-1.1.97.5.",ФАНС1 ПК244 щит.3,5333
230918,Диспетчерский контроль,Состояние фазы,"847-1.1.97.3.",ФРО2 ПК244 щит.3,5333
230929,Диспетчерский контроль,Переключатель,"847-1.1.99.9.",Управление ФВ1 ПК244 щит.3,5333
230928,Диспетчерский контроль,Переключатель,"847-1.1.99.8.",Управление ФТС2 ПК244 щит.3,5333
230926,Диспетчерский контроль,Состояние фазы,"847-1.1.99.3.",ФТС2 ПК244 щит.3,5333
230927,Диспетчерский контроль,Состояние фазы,"847-1.1.99.5.",ФВ1 ПК244 щит.3,5333
230934,Диспетчерский контроль,Состояние фазы,"847-1.1.101.4.",АВР Ввод1 ПК244 Э/щ №3,5333
230935,Диспетчерский контроль,Состояние фазы,"847-1.1.101.5.",АВР Ввод2 ПК244 Э/щ №3,5333
230936,Диспетчерский контроль,Переключатель,"847-1.1.101.8.",Управление ФАО2 ПК244 щит.3,5333
230933,Диспетчерский контроль,Состояние фазы,"847-1.1.101.3.",ФАО2 ПК244 щит.3,5333
232221,Диспетчерский контроль,Переключатель,"847-1.1.100.9.",Управление ФАО1 ПК244 щит.3,5333
230932,Диспетчерский контроль,Переключатель,"847-1.1.100.8.",Управление ФВ2 ПК244 щит.3,5333
230931,Диспетчерский контроль,Состояние фазы,"847-1.1.100.5.",ФАО1 ПК244 щит.3,5333
230930,Диспетчерский контроль,Состояние фазы,"847-1.1.100.3.",ФВ2 ПК244 щит.3,5333
230917,Диспетчерский контроль,Переключатель,"847-1.1.96.9.",Управление ФРО1 ПК244 щит.3,5333
230916,Диспетчерский контроль,Переключатель,"847-1.1.96.8.",Управление ФТС1 ПК244 щит.3,5333
230915,Диспетчерский контроль,Состояние фазы,"847-1.1.96.5.",ФРО1 ПК244 щит.3,5333
230914,Диспетчерский контроль,Состояние фазы,"847-1.1.96.3.",ФТС1 ПК244 щит.3,5333
230923,Диспетчерский контроль,Состояние вентилятора,"847-1.1.98.5.",В-Щ3 ПК244 щит.3,5333
230925,Диспетчерский контроль,Переключатель,"847-1.1.98.9.",Управление В-Щ3 ПК244 щит.3,5333
230924,Диспетчерский контроль,Переключатель,"847-1.1.98.8.",Управление ФАНС2 ПК244 щит.3,5333
230922,Диспетчерский контроль,Состояние фазы,"847-1.1.98.3.",ФАНС2 ПК244 щит.3,5333
230937,Диспетчерский контроль,Состояние фазы,"847-1.1.102.2.",ГРО25 ПК244 щит.3 (ПК232-ПК247),5333
230938,Диспетчерский контроль,Состояние вентилятора,"847-1.1.103.3.",В18 ПК247,5333
230939,Диспетчерский контроль,Состояние фазы,"847-1.1.103.4.",ГРО26 ПК247 (ПК247-ПК263),5333
230940,Диспетчерский контроль,Переключатель,"847-1.1.103.8.",Управление В18 ПК247,5333
230941,Диспетчерский контроль,Состояние вентилятора,"847-1.1.104.3.",В19 ПК263,5333
230942,Диспетчерский контроль,Состояние фазы,"847-1.1.104.4.",ГРО27 ПК263 (ПК263-ПК276),5333
230943,Диспетчерский контроль,Переключатель,"847-1.1.104.8.",Управление В19 ПК263,5333
230946,Диспетчерский контроль,Состояние насоса,"847-1.1.106.4.","5Н3 ПК267",5333
230944,Диспетчерский контроль,Состояние насоса,"847-1.1.105.4.","5Н1 ПК267",5333
230945,Диспетчерский контроль,Состояние насоса,"847-1.1.105.7.","5Н2 ПК267",5333
230947,Диспетчерский контроль,Состояние вентилятора,"847-1.1.107.3.",В20 ПК276,5333
230948,Диспетчерский контроль,Состояние фазы,"847-1.1.107.4.",ГРО28 ПК276 (ПК276-ПК291),5333
230949,Диспетчерский контроль,Переключатель,"847-1.1.107.8.",Управление В20 ПК276,5333
230950,Диспетчерский контроль,Состояние вентилятора,"847-1.1.108.3.",В21 ПК291,5333
230951,Диспетчерский контроль,Состояние фазы,"847-1.1.108.4.",ГРО29 ПК291 (ПК291-ПК302),5333
230952,Диспетчерский контроль,Переключатель,"847-1.1.108.8.",Управление В21 ПК291,5333
230911,Диспетчерский контроль,Состояние вентилятора,"847-1.1.95.3.",В17 ПК232,5333
230912,Диспетчерский контроль,Состояние фазы,"847-1.1.95.4.",ГРО24 ПК232 (ПК217-ПК232),5333
230913,Диспетчерский контроль,Переключатель,"847-1.1.95.8.",Управление В17 ПК232,5333
230908,Диспетчерский контроль,Состояние вентилятора,"847-1.1.94.3.",В16 ПК217,5333
230909,Диспетчерский контроль,Состояние фазы,"847-1.1.94.4.",ГРО23 ПК217 (ПК202-ПК217),5333
230910,Диспетчерский контроль,Переключатель,"847-1.1.94.8.",Управление В16 ПК217,5333
230907,Диспетчерский контроль,Состояние насоса,"847-1.1.93.4.","4Н3 ПК215",5333
230905,Диспетчерский контроль,Состояние насоса,"847-1.1.92.4.","4Н1 ПК215",5333
230906,Диспетчерский контроль,Состояние насоса,"847-1.1.92.7.","4Н2 ПК215",5333
230903,Диспетчерский контроль,Состояние вентилятора,"847-1.1.91.3.",В15 ПК205,5333
230904,Диспетчерский контроль,Переключатель,"847-1.1.91.8.",Управление В15 ПК205,5333
228525,Диагностическая подсистема,ИБП,"847-1.1.39.7.",ИБП Работа от батареи ПК244 Э/щ №3,5333
229705,Диспетчерский контроль,Состояние вентилятора,"847-1.1.87.3.",В2 ПК23 ; ПК18,5333
229707,Диспетчерский контроль,Переключатель,"847-1.1.87.8.",Управление В2 ПК23 ; ПК18,5333
229706,Диспетчерский контроль,Состояние фазы,"847-1.1.87.4.",ГРО2 ПК24(ПК9-ПК24),5333
229714,Диспетчерский контроль,Состояние вентилятора,"847-1.1.90.3.",В1 ПК9,5333
229716,Диспетчерский контроль,Переключатель,"847-1.1.90.8.",Управление В1 ПК9,5333
229715,Диспетчерский контроль,Состояние фазы,"847-1.1.90.4.",ГРО1 ПК9(ПК0-ПК9),5333
229701,Диспетчерский контроль,Состояние вентилятора,"847-1.1.86.3.",В3 ПК41,5333
229703,Диспетчерский контроль,Переключатель,"847-1.1.86.8.",Управление В3 ПК41,5333
229702,Диспетчерский контроль,Состояние фазы,"847-1.1.86.4.",ГРО3 ПК41(ПК24-ПК41),5333
229697,Диспетчерский контроль,Состояние вентилятора,"847-1.1.85.3.",В4 ПК56,5333
229699,Диспетчерский контроль,Переключатель,"847-1.1.85.8.",Управление В4 ПК56,5333
229698,Диспетчерский контроль,Состояние фазы,"847-1.1.85.4.",ГРО4 ПК56(ПК41-ПК56),5333
229682,Диспетчерский контроль,Состояние фазы,"847-1.1.82.5.", ФВ1 ПК60 щит.2,5333
229684,Диспетчерский контроль,Переключатель,"847-1.1.82.9.",Управление ФВ1 ПК60 щит.2,5333
229667,Диспетчерский контроль,Состояние фазы,"847-1.1.79.5.", ФРО1 ПК60 щит.2,5333
229669,Диспетчерский контроль,Переключатель,"847-1.1.79.9.",Управление ФРО1 ПК60 щит.2,5333
229687,Диспетчерский контроль,Состояние фазы,"847-1.1.83.5.", ФАО1 ПК60 щит.2,5333
229686,Диспетчерский контроль,Состояние фазы,"847-1.1.83.3.",ФВ2 ПК60 щит.2,5333
229689,Диспетчерский контроль,Переключатель,"847-1.1.83.9.",Управление ФАО1 ПК60 щит.2,5333
229688,Диспетчерский контроль,Переключатель,"847-1.1.83.8.",Управление ФВ2 ПК60 щит.2,5333
229672,Диспетчерский контроль,Состояние фазы,"847-1.1.80.5.",ФАНС1 ПК60 щит.2,5333
229671,Диспетчерский контроль,Состояние фазы,"847-1.1.80.3.", ФРО2 ПК60 щит.2,5333
229674,Диспетчерский контроль,Переключатель,"847-1.1.80.9.",Управление ФАНС1 ПК60 щит.2,5333
229673,Диспетчерский контроль,Переключатель,"847-1.1.80.8.",Управление ФРО2 ПК60 щит.2,5333
229691,Диспетчерский контроль,Состояние фазы,"847-1.1.84.3.", ФАО2 ПК60 щит.2,5333
229695,Диспетчерский контроль,Переключатель,"847-1.1.84.8.",Управление ФАО2 ПК60 щит.2,5333
229694,Диспетчерский контроль,Состояние фазы,"847-1.1.84.6.",ГРО5 ПК60(ПК56-ПК71),5333
229677,Диспетчерский контроль,Состояние вентилятора,"847-1.1.81.5.",В-Щ2 ПК60 щит.2,5333
229679,Диспетчерский контроль,Переключатель,"847-1.1.81.9.",Управление В-Щ2 ПК60 щит.2,5333
229663,Диспетчерский контроль,Состояние вентилятора,"847-1.1.78.4.",В5 ПК70,5333
229664,Диспетчерский контроль,Переключатель,"847-1.1.78.8.",Управление В5 ПК70,5333
229662,Диспетчерский контроль,Состояние фазы,"847-1.1.78.2.",ГРО6 ПК71(ПК71-ПК86),5333
229652,Диспетчерский контроль,Состояние вентилятора,"847-1.1.75.3.",В6 ПК86,5333
229655,Диспетчерский контроль,Переключатель,"847-1.1.75.8.",Управление В6 ПК86,5333
229653,Диспетчерский контроль,Состояние фазы,"847-1.1.75.4.",ГРО7 ПК86(ПК86-ПК99 лев.),5333
229654,Диспетчерский контроль,Состояние фазы,"847-1.1.75.5.",ГРО8 ПК86(ПК86-ПК99 прав.),5333
229647,Диспетчерский контроль,Состояние вентилятора,"847-1.1.74.3.",В7 ПК98,5333
229650,Диспетчерский контроль,Переключатель,"847-1.1.74.8.",Управление В7 ПК98,5333
229648,Диспетчерский контроль,Состояние фазы,"847-1.1.74.4.",ГРО9 ПК99(ПК99-ПК113 лев.),5333
229649,Диспетчерский контроль,Состояние фазы,"847-1.1.74.5.",ГРО10 ПК99(ПК99-ПК113 прав.),5333
229642,Диспетчерский контроль,Состояние вентилятора,"847-1.1.73.3.",В8 ПК110,5333
229645,Диспетчерский контроль,Переключатель,"847-1.1.73.8.",Управление В8 ПК110,5333
229643,Диспетчерский контроль,Состояние фазы,"847-1.1.73.4.",ГРО11 ПК113(ПК113-ПК126 лев.),5333
229644,Диспетчерский контроль,Состояние фазы,"847-1.1.73.5.",ГРО12 ПК113(ПК113-ПК126 прав.),5333
229639,Диспетчерский контроль,Состояние вентилятора,"847-1.1.72.3.",В9 ПК126,5333
229640,Диспетчерский контроль,Переключатель,"847-1.1.72.8.",Управление В9 ПК126,5333
229634,Диспетчерский контроль,Состояние вентилятора,"847-1.1.71.3.",В10 ПК139,5333
229637,Диспетчерский контроль,Переключатель,"847-1.1.71.8.",Управление В10 ПК139,5333
229635,Диспетчерский контроль,Состояние фазы,"847-1.1.71.4.",ГРО13 ПК140(ПК126-ПК140 лев.),5333
229629,Диспетчерский контроль,Состояние вентилятора,"847-1.1.70.3.",В11 ПК153,5333
229632,Диспетчерский контроль,Переключатель,"847-1.1.70.8.",Управление В11 ПК153,5333
229624,Диспетчерский контроль,Состояние вентилятора,"847-1.1.69.3.",В12 ПК174,5333
229627,Диспетчерский контроль,Переключатель,"847-1.1.69.8.",Управление В12 ПК174,5333
229604,Диспетчерский контроль,Состояние фазы,"847-1.1.65.3.",ФРО2 ПК187 щит.1 ,5333
229606,Диспетчерский контроль,Переключатель,"847-1.1.65.8.",Управление ФРО2 ПК187 щит.1 ,5333
229600,Диспетчерский контроль,Состояние фазы,"847-1.1.64.7.",ФРО1 ПК187 щит.1 ,5333
229602,Диспетчерский контроль,Переключатель,"847-1.1.64.9.",Управление ФРО1 ПК187 щит.1 ,5333
229619,Диспетчерский контроль,Состояние фазы,"847-1.1.68.3.",ФАО2 ПК187 щит.1 ,5333
229620,Диспетчерский контроль,Состояние фазы,"847-1.1.68.4.",АВР Ввод1 ПК187 Э/щ №1,5333
229622,Диспетчерский контроль,Переключатель,"847-1.1.68.8.",Управление ФАО2 ПК187 щит.1 ,5333
229610,Диспетчерский контроль,Состояние фазы,"847-1.1.66.5.",ФВ1 ПК187 щит.1 ,5333
229609,Диспетчерский контроль,Состояние фазы,"847-1.1.66.3.",ФТС2 ПК187 щит.1 ,5333
229612,Диспетчерский контроль,Переключатель,"847-1.1.66.9.",Управление ФВ1 ПК187 щит.1 ,5333
229611,Диспетчерский контроль,Переключатель,"847-1.1.66.8.",Управление ФТС2 ПК187 щит.1 ,5333
229615,Диспетчерский контроль,Состояние фазы,"847-1.1.67.5.",ФАО1 ПК187 щит.1 ,5333
229614,Диспетчерский контроль,Состояние фазы,"847-1.1.67.3.",ФВ2 ПК187 щит.1 ,5333
229617,Диспетчерский контроль,Переключатель,"847-1.1.67.9.",Управление ФАО1 ПК187 щит.1 ,5333
229616,Диспетчерский контроль,Переключатель,"847-1.1.67.8.",Управление ФВ2 ПК187 щит.1 ,5333
230378,Газовая охрана,Газовый датчик,"847-1.1.216.2.",ГАЗ Д1 ПК1+2,5333
230383,Газовая охрана,Газовый датчик,"847-1.1.217.2.",ГАЗ Д2 ПК8+2,5333
230388,Газовая охрана,Газовый датчик,"847-1.1.218.2.",ГАЗ Д3 ПК10+6,5333
230393,Газовая охрана,Газовый датчик,"847-1.1.219.2.",ГАЗ Д4 ПК23,5333
230398,Газовая охрана,Газовый датчик,"847-1.1.220.2.",ГАЗ Д5 ПК25+3,5333
230403,Газовая охрана,Газовый датчик,"847-1.1.221.2.",ГАЗ Д6 ПК39+6,5333
230408,Газовая охрана,Газовый датчик,"847-1.1.222.2.","ГАЗ Д7 ПК42+5,5",5333
230413,Газовая охрана,Газовый датчик,"847-1.1.223.2.","ГАЗ Д8 ПК54+4,5",5333
230418,Газовая охрана,Газовый датчик,"847-1.1.224.2.",ГАЗ Д9 ПК57+3,5333
230423,Газовая охрана,Газовый датчик,"847-1.1.225.2.",ГАЗ Д10 ПК69+4,5333
230428,Газовая охрана,Газовый датчик,"847-1.1.226.2.",ГАЗ Д11 ПК71+9,5333
230438,Газовая охрана,Газовый датчик,"847-1.1.228.2.",ГАЗ Д13 ПК86+4,5333
230443,Газовая охрана,Газовый датчик,"847-1.1.229.2.",ГАЗ Д14 ПК86 Г1 ПК3+8,5333
229692,Диспетчерский контроль,Состояние фазы,"847-1.1.84.4.",АВР Ввод1 ПК60 Э/щ №2,5333
230463,Газовая охрана,Газовый датчик,"847-1.1.233.2.",ГАЗ Д18 ПК112,5333
230468,Газовая охрана,Газовый датчик,"847-1.1.234.2.",ГАЗ Д19 ПК113+8,5333
230473,Газовая охрана,Газовый датчик,"847-1.1.235.2.",ГАЗ Д20 ПК114 Г3 ПК1+9,5333
230478,Газовая охрана,Газовый датчик,"847-1.1.236.2.",ГАЗ Д21 ПК125+2,5333
230483,Газовая охрана,Газовый датчик,"847-1.1.237.2.",ГАЗ Д22 ПК128,5333
230488,Газовая охрана,Газовый датчик,"847-1.1.238.2.","ГАЗ Д23 ПК137+9,5",5333
230458,Газовая охрана,Газовый датчик,"847-1.1.232.2.",ГАЗ Д17 ПК100 Г2 ПК1+8,5333
230448,Газовая охрана,Газовый датчик,"847-1.1.230.2.",ГАЗ Д15 ПК97+3,5333
229594,Диспетчерский контроль,Состояние фазы,"847-1.1.63.5.",ГРО22 ПК192(ПК192-ПК202 прав.),5333
229598,Диспетчерский контроль,Состояние фазы,"847-1.1.64.3.",ГРО20 ПК187(ПК175-ПК192 прав.),5333
229626,Диспетчерский контроль,Состояние фазы,"847-1.1.69.5.",ГРО18 ПК175(ПК153-ПК175 прав.),5333
230493,Газовая охрана,Газовый датчик,"847-1.1.239.2.",ГАЗ Д24 ПК142,5333
230498,Газовая охрана,Газовый датчик,"847-1.1.240.2.",ГАЗ Д25 ПК142 Г4 ПК2+1,5333
230503,Газовая охрана,Газовый датчик,"847-1.1.241.2.",ГАЗ Д26 ПК151+7,5333
230433,Газовая охрана,Газовый датчик,"847-1.1.227.2.",ГАЗ Д12 ПК84+7,5333
230453,Газовая охрана,Газовый датчик,"847-1.1.231.2.",ГАЗ Д16 ПК99+7,5333
229630,Диспетчерский контроль,Состояние фазы,"847-1.1.70.4.",ГРО15 ПК154(ПК140-ПК153 лев.),5333
230513,Газовая охрана,Газовый датчик,"847-1.1.243.2.",ГАЗ Д28 ПК161+2,5333
229676,Диспетчерский контроль,Состояние фазы,"847-1.1.81.3.",ФАНС2 ПК60 щит.2,5333
229678,Диспетчерский контроль,Переключатель,"847-1.1.81.8.",Управление ФАНС2 ПК60 щит.2,5333
229666,Диспетчерский контроль,Состояние фазы,"847-1.1.79.3.",ФТС1 ПК60 щит.2,5333
229668,Диспетчерский контроль,Переключатель,"847-1.1.79.8.",Управление ФТС1 ПК60 щит.2,5333
229681,Диспетчерский контроль,Состояние фазы,"847-1.1.82.3.",ФТС2 ПК60 щит.2,5333
229683,Диспетчерский контроль,Переключатель,"847-1.1.82.8.",Управление ФТС2 ПК60 щит.2,5333
229592,Диспетчерский контроль,Состояние вентилятора,"847-1.1.63.3.",В13 ПК190,5333
229595,Диспетчерский контроль,Переключатель,"847-1.1.63.8.",Управление В13 ПК190,5333
229584,Диспетчерский контроль,Состояние вентилятора,"847-1.1.60.3.",В14 ПК192,5333
229585,Диспетчерский контроль,Переключатель,"847-1.1.60.8.",Управление В14 ПК192,5333
229631,Диспетчерский контроль,Состояние фазы,"847-1.1.70.5.",ГРО16 ПК154(ПК140-ПК153 прав.),5333
229625,Диспетчерский контроль,Состояние фазы,"847-1.1.69.4.",ГРО17 ПК175(ПК153-ПК175 лев.),5333
229597,Диспетчерский контроль,Состояние фазы,"847-1.1.64.2.",ГРО19 ПК187(ПК175-ПК192 лев.),5333
230518,Газовая охрана,Газовый датчик,"847-1.1.244.2.",ГАЗ Д29 ПК172+7,5333
230523,Газовая охрана,Газовый датчик,"847-1.1.245.2.",ГАЗ Д30 ПК177+1,5333
230508,Газовая охрана,Газовый датчик,"847-1.1.242.2.",ГАЗ Д27 ПК154+7,5333
229593,Диспетчерский контроль,Состояние фазы,"847-1.1.63.4.",ГРО21 ПК192(ПК192-ПК202 лев.),5333
229636,Диспетчерский контроль,Состояние фазы,"847-1.1.71.5.",ГРО14 ПК140(ПК126-ПК140 прав.),5333
230528,Газовая охрана,Газовый датчик,"847-1.1.246.2.","ГАЗ Д31 ПК188+7,5",5333
230533,Газовая охрана,Газовый датчик,"847-1.1.247.2.","ГАЗ Д32 ПК192+8,5",5333
230538,Газовая охрана,Газовый датчик,"847-1.1.248.2.",ГАЗ Д33 ПК201,5333
229599,Диспетчерский контроль,Состояние фазы,"847-1.1.64.5.",ФТС1 ПК187 щит.1 ,5333
229601,Диспетчерский контроль,Переключатель,"847-1.1.64.8.",Управление ФТС1 ПК187 щит.1 ,5333
229605,Диспетчерский контроль,Состояние фазы,"847-1.1.65.5.", ФАНС1 ПК187 щит.1  ,5333
229607,Диспетчерский контроль,Переключатель,"847-1.1.65.9.",Управление ФАНС1 ПК187 щит.1 ,5333
228375,Диагностическая подсистема,ИБП,"847-1.1.22.7.",ИБП Работа от батареи ПК60 Э/щ №2,5333
228217,Диагностическая подсистема,ИБП,"847-1.1.4.4.",ИБП Работа от батареи ПК187 Э/щ №1,5333
229621,Диспетчерский контроль,Состояние фазы,"847-1.1.68.5.",АВР Ввод2 ПК187 Э/щ №1,5333
229693,Диспетчерский контроль,Состояние фазы,"847-1.1.84.5.",АВР Ввод2 ПК60 Э/щ №2,5333
229709,Диспетчерский контроль,Состояние насоса,"847-1.1.88.4.",Н1 ПК19,5333
229712,Диспетчерский контроль,Состояние насоса,"847-1.1.89.4.",Н3 ПК19,5333
229657,Диспетчерский контроль,Состояние насоса,"847-1.1.76.4.",Н1 ПК85,5333
230901,Диспетчерский контроль,Состояние насоса,"847-1.1.76.7.",Н2 ПК85,5333
229660,Диспетчерский контроль,Состояние насоса,"847-1.1.77.4.",Н3 ПК85,5333
229587,Диспетчерский контроль,Состояние насоса,"847-1.1.61.4.",Н1 ПК192,5333
229588,Диспетчерский контроль,Состояние насоса,"847-1.1.61.7.",Н2 ПК192,5333
229590,Диспетчерский контроль,Состояние насоса,"847-1.1.62.4.",Н3 ПК192,5333
230902,Диспетчерский контроль,Состояние насоса,"847-1.1.88.7.",Н2 ПК19,5333
298483,Диспетчерский контроль,Состояние фазы,"847-1.1.68.6.",АВР Секц.перекл. ПК187 Э/щ №1,5333
298485,Диспетчерский контроль,Состояние фазы,"847-1.1.101.6.",АВР Секц.перекл. ПК244 Э/щ №3,5333
298484,Диспетчерский контроль,Состояние фазы,"847-1.1.84.7.",АВР Секц.перекл. ПК60 Э/щ №2,5333
231305,Пожарная охрана,Датчик дыма,"847-1.1.277.2.",Дым Подвал Подсобка (3шт),5336
231306,Пожарная охрана,Датчик дыма,"847-1.1.277.3.",Дым Подвал Коридор (3шт),5336
231307,Пожарная охрана,Ручной извещатель,"847-1.1.277.4.",ИПР Подвал Коридор,5336
231309,Пожарная охрана,Ручной извещатель,"847-1.1.277.6.",ИПР Коридор,5336
231308,Охранная подсистема,Датчик движения,"847-1.1.277.5.",ОД щит.1 ДП,5336
230708,Охранная подсистема,КД Дверь,"847-1.1.278.6.",КД дверь Лестница,5336
230711,Охранная подсистема,Датчик движения,"847-1.1.278.9.",ОД дверь коридор подвал,5336
230709,Охранная подсистема,Датчик движения,"847-1.1.278.7.",ОД Лестница,5336
230707,Охранная подсистема,Датчик движения,"847-1.1.278.5.",ОД Мастерская,5336
230705,Охранная подсистема,Датчик движения,"847-1.1.278.3.",ОД раздевалка Женская,5336
231331,Охранная подсистема,КД Дверь,"847-1.1.280.9.",КД вход ДП,5336
231328,Охранная подсистема,КД Дверь,"847-1.1.280.6.",КД дверь щит.1 ДП,5336
231324,Охранная подсистема,КД Дверь,"847-1.1.280.2.","КД окно, стекло диспечерская",5336
231325,Охранная подсистема,КД Дверь,"847-1.1.280.3.","КД окно, стекло комната отдыха",5336
231327,Охранная подсистема,КД Дверь,"847-1.1.280.5.","КД окно, стекло мастекская",5336
231326,Охранная подсистема,Датчик движения,"847-1.1.280.4.",ОД комната отдыха,5336
231330,Охранная подсистема,Датчик движения,"847-1.1.280.8.",ОД раздевалка мужская,5336
231332,Охранная подсистема,Датчик движения,"847-1.1.280.10.",ОД дверь Тамбур,5336
230693,Пожарная охрана,Датчик дыма,"847-1.1.276.2.",Дым Диспечерская (6шт),5336
230694,Пожарная охрана,Датчик дыма,"847-1.1.276.3.",Дым Комната отдыха (6шт),5336
230696,Пожарная охрана,Датчик дыма,"847-1.1.276.5.",Дым Комната уб. инвентаря (6шт),5336
230700,Пожарная охрана,Датчик дыма,"847-1.1.276.9.",Дым Коридор (6шт),5336
230695,Пожарная охрана,Датчик дыма,"847-1.1.276.4.",Дым Мастерская (6шт),5336
230698,Пожарная охрана,Датчик дыма,"847-1.1.276.7.",Дым Женская раздевалка (6шт),5336
230697,Пожарная охрана,Датчик дыма,"847-1.1.276.6.",Дым Мужская раздевалка (6шт),5336
230699,Пожарная охрана,Датчик дыма,"847-1.1.276.8.",Дым Щитовая (3шт),5336
230701,Пожарная охрана,Ручной извещатель,"847-1.1.276.10.",ИПР Тамбур,5336
230704,Охранная подсистема,КД Дверь,"847-1.1.278.2.","КД окно, стекло раздевалка Женская",5336
231318,Охранная подсистема,Датчик движения,"847-1.1.279.8.",ОД Диспечерская,5336
231352,Диспетчерский контроль,Состояние охраны,"847-g9.",ДП Коммунарка,5336
230706,Охранная подсистема,КД Дверь,"847-1.1.278.4.","КД окно, стекло раздевалка Мужская",5336
231329,Охранная подсистема,КД Дверь,"847-1.1.280.7.",КД дверь подвал,5336
228520,Охранная подсистема,КД Дверь,"847-1.1.39.2.",КД Шкаф ДУ ПК244 щит.3,5338
228523,Охранная подсистема,КД Дверь,"847-1.1.39.5.",КД Шкаф ИБП (ОПС) ПК244 Э/щ №3,5338
228569,Охранная подсистема,КД Дверь,"847-1.1.44.5.",КД Шкаф ОПС ПК276+4,5338
230749,Диспетчерский контроль,Состояние охраны,"847-g2.","Шкафы ОПС,ДУ,АКМ",5338
228216,Охранная подсистема,КД Дверь,"847-1.1.4.3.",КД Шкаф ДУ ПК187 щит.1,5338
228215,Охранная подсистема,КД Дверь,"847-1.1.4.2.",КД Шкаф ИБП (ОПС) ПК187 Э/щ №1,5338
228372,Охранная подсистема,КД Дверь,"847-1.1.22.4.",КД Шкаф ИБП (ОПС) ПК60 Э/щ №2,5338
228374,Охранная подсистема,КД Дверь,"847-1.1.22.6.",КД Шкаф ДУ ПК60 щит.2,5338
230713,Охранная подсистема,КД Дверь,"847-1.1.278.11.",КД Шкаф ОПС щит.1 ДП,5338
231689,Охранная подсистема,КД Дверь,"849-1.1.5.3.",КД дв сопр к-р Профсоюзный ПК0,5339
231691,Пожарная охрана,Датчик дыма,"849-1.1.5.5.",ДД ПК3 - 6,5339
231697,Пожарная охрана,Датчик дыма,"849-1.1.6.3.",ДД ПК9 - 7,5339
231698,Пожарная охрана,Датчик дыма,"849-1.1.6.4.",ДД ПК10 ВК1,5339
231705,Охранная подсистема,КД Дверь,"849-1.1.7.2.",КД дв ВК ПК10,5339
231710,Пожарная охрана,Датчик дыма,"849-1.1.7.8.",ДД ПК10 ВК2,5339
231708,Пожарная охрана,Датчик дыма,"849-1.1.7.6.",ДД ПК10 - 13,5339
231716,Пожарная охрана,Датчик дыма,"849-1.1.8.3.",ДД ПК16 - 13,5339
231717,Пожарная охрана,Датчик дыма,"849-1.1.8.4.",ДД ПК16 - 21,5339
231723,Пожарная охрана,Датчик дыма,"849-1.1.9.4.",ДД ПК21 - 24,5339
231731,Пожарная охрана,Датчик дыма,"849-1.1.10.6.",ДД ПК29 - 25,5339
231739,Пожарная охрана,Датчик дыма,"849-1.1.11.6.",ДД ПК29 - 33,5339
231740,Пожарная охрана,Датчик дыма,"849-1.1.11.7.",ДД ПК29 ВК,5339
231729,Охранная подсистема,Датчик движения,"849-1.1.10.4.",ОД ВШ ПК29,5339
231747,Пожарная охрана,Датчик дыма,"849-1.1.12.3.",ДД ПК35 - 33,5339
231748,Пожарная охрана,Датчик дыма,"849-1.1.12.4.",ДД ПК35 - 38,5339
231754,Пожарная охрана,Датчик дыма,"849-1.1.13.3.",ДД ПК42 - 39,5339
231755,Пожарная охрана,Датчик дыма,"849-1.1.13.4.",ДД ПК42 - 46,5339
231763,Пожарная охрана,Датчик дыма,"849-1.1.14.6.",ДД ПК50 - 46,5339
231771,Пожарная охрана,Датчик дыма,"849-1.1.15.7.",ДД ПК51 - 54,5339
231769,Охранная подсистема,Датчик движения,"849-1.1.15.5.",ОД АВ ПК50,5339
231761,Охранная подсистема,Датчик движения,"849-1.1.14.4.",ОД ВШ ПК50,5339
231760,Охранная подсистема,КД Дверь,"849-1.1.14.2.",КД дв отс ПК50,5339
231768,Охранная подсистема,КД АВ,"849-1.1.15.3.",КД АВ ПК50,5339
231777,Пожарная охрана,Датчик дыма,"849-1.1.16.3.",ДД ПК58 - 54,5339
231782,Пожарная охрана,Датчик дыма,"849-1.1.17.4.",ДД ПК61 - 58,5339
231788,Пожарная охрана,Датчик дыма,"849-1.1.18.7.",ДД ПК65 - 62,5339
231789,Пожарная охрана,Датчик дыма,"849-1.1.18.8.",ДД ПК65 - 68,5339
231785,Охранная подсистема,КД АВ,"849-1.1.18.2.",КД АВ ПК65,5339
231786,Охранная подсистема,Датчик движения,"849-1.1.18.3.",ОД АВ ПК65,5339
231795,Пожарная охрана,Датчик дыма,"849-1.1.19.3.",ДД ПК71 - 69,5339
231796,Пожарная охрана,Датчик дыма,"849-1.1.19.4.",ДД ПК71 - 73,5339
231803,Пожарная охрана,Датчик дыма,"849-1.1.20.4.",ДД ПК76 - 74,5339
231802,Пожарная охрана,Датчик дыма,"849-1.1.20.3.",ДД ПК76 - 78,5339
231813,Пожарная охрана,Датчик дыма,"849-1.1.21.8.",ДД ПК80 ВК1,5339
231821,Пожарная охрана,Датчик дыма,"849-1.1.22.6.",ДД ПК80 ВК2,5339
231812,Пожарная охрана,Датчик дыма,"849-1.1.21.7.",ДД ПК80 - 79,5339
231820,Пожарная охрана,Датчик дыма,"849-1.1.22.5.",ДД ПК81 - 84,5339
231810,Охранная подсистема,Датчик движения,"849-1.1.21.5.",ОД ВШ ПК81,5339
231819,Охранная подсистема,Датчик движения,"849-1.1.22.4.",ОД АВ ПК81,5339
231826,Пожарная охрана,Датчик дыма,"849-1.1.23.3.",ДД ПК84 - 88,5339
231833,Пожарная охрана,Датчик дыма,"849-1.1.24.4.",ДД ПК90 - 88,5339
231832,Пожарная охрана,Датчик дыма,"849-1.1.24.3.",ДД ПК90 - 93,5339
231839,Пожарная охрана,Датчик дыма,"849-1.1.25.5.",ДД ПК95 - 93,5339
231846,Пожарная охрана,Датчик дыма,"849-1.1.26.7.",ДД ПК99 ВК,5339
231845,Пожарная охрана,Датчик дыма,"849-1.1.26.6.",ДД ПК99 - 95,5339
231847,Пожарная охрана,Датчик дыма,"849-1.1.26.8.",ДД ПК99 - 103,5339
231853,Пожарная охрана,Датчик дыма,"849-1.1.27.3.",ДД ПК107 - 103,5339
231854,Пожарная охрана,Датчик дыма,"849-1.1.27.4.",ДД ПК107 - 111,5339
231859,Пожарная охрана,Датчик дыма,"849-1.1.28.3.",ДД ПК112 АНС,5339
231871,Пожарная охрана,Датчик дыма,"849-1.1.29.4.",ДД ПК112 - 115,5339
231870,Пожарная охрана,Датчик дыма,"849-1.1.29.3.",ДД ПК111 ВК - 112 ВК,5339
231869,Охранная подсистема,КД Дверь,"849-1.1.29.2.",КД дв отс ПК112,5339
231860,Охранная подсистема,КД Дверь,"849-1.1.28.4.",КД дв ВК ПК111,5339
231879,Пожарная охрана,Датчик дыма,"849-1.1.30.3.",ДД ПК119 - 116,5339
231880,Пожарная охрана,Датчик дыма,"849-1.1.30.4.",ДД ПК119 - 122,5339
231886,Пожарная охрана,Датчик дыма,"849-1.1.31.4.",ДД ПК122 - 126,5339
231728,Охранная подсистема,КД Дверь,"849-1.1.10.2.",КД дв отс ПК29,5339
231818,Охранная подсистема,КД Дверь,"849-1.1.22.2.",КД дв отс ПК81,5339
231737,Охранная подсистема,КД Дверь,"849-1.1.11.3.",КД дв ВК ПК29,5339
231809,Охранная подсистема,КД Дверь,"849-1.1.21.3.",КД дв ВК ПК81,5339
231808,Охранная подсистема,КД АВ,"849-1.1.21.2.",КД АВ ПК81,5339
231861,Охранная подсистема,КД АВ,"849-1.1.28.5.",КД АВ ПК112,5339
231862,Охранная подсистема,КД Дверь,"849-1.1.28.6.",КД дв ВК ПК112 ,5339
231864,Температурная подсистема,Датчик температуры,"849-1.1.28.9.",ТЕМП ПК113,5339
231894,Пожарная охрана,Датчик дыма,"849-1.1.32.6.",ДД ПК130 - 126,5339
231902,Пожарная охрана,Датчик дыма,"849-1.1.33.8.",ДД ПК130 - 134,5339
231900,Охранная подсистема,Датчик движения,"849-1.1.33.4.",ОД АВ ПК130,5339
231892,Охранная подсистема,Датчик движения,"849-1.1.32.4.",ОД ВШ ПК130,5339
231908,Пожарная охрана,Датчик дыма,"849-1.1.34.3.",ДД ПК139 - 135,5339
231909,Пожарная охрана,Датчик дыма,"849-1.1.34.4.",ДД ПК139 - 143,5339
231939,Пожарная охрана,Датчик дыма,"849-1.1.37.4.",ДД ПК148 кам - 149 ВК,5339
231941,Пожарная охрана,Датчик дыма,"849-1.1.37.6.",ДД ПК148 - 144,5339
231940,Пожарная охрана,Датчик дыма,"849-1.1.37.5.",ДД ПК148 - 152,5339
231929,Диспетчерский контроль,Датчик затопления,"849-1.1.36.7.",ВД ПК148,5339
231947,Пожарная охрана,Датчик дыма,"849-1.1.38.4.",ДД ПК156 - 152,5339
231948,Пожарная охрана,Датчик дыма,"849-1.1.38.5.",ДД ПК156 - 160,5339
231954,Пожарная охрана,Датчик дыма,"849-1.1.39.3.",ДД ПК163 - 160,5339
231960,Пожарная охрана,Датчик дыма,"849-1.1.40.3.",ДД ПК166 - 163,5339
231961,Пожарная охрана,Датчик дыма,"849-1.1.40.4.",ДД ПК166 - 170,5339
231967,Пожарная охрана,Датчик дыма,"849-1.1.41.4.",ДД ПК174 - 171,5339
231968,Пожарная охрана,Датчик дыма,"849-1.1.41.5.",ДД ПК174 - 177,5339
231979,Пожарная охрана,Датчик дыма,"849-1.1.42.11.","ДД ПК181 ВК, кам",5339
231984,Пожарная охрана,Датчик дыма,"849-1.1.43.3.",ДД ПК181 - 178,5339
231983,Пожарная охрана,Датчик дыма,"849-1.1.43.2.",ДД ПК181 - 184,5339
231977,Охранная подсистема,Датчик движения,"849-1.1.42.7.",ОД ВШ ПК181,5339
231978,Охранная подсистема,Датчик движения,"849-1.1.42.8.",ОД АВ ПК181,5339
231991,Пожарная охрана,Датчик дыма,"849-1.1.44.3.",ДД ПК187 - 184,5339
231992,Пожарная охрана,Датчик дыма,"849-1.1.44.4.",ДД ПК187 - 190,5339
231998,Пожарная охрана,Датчик дыма,"849-1.1.45.3.",ДД ПК193 - 191,5339
231999,Пожарная охрана,Датчик дыма,"849-1.1.45.4.",ДД ПК193 - 196,5339
232013,Пожарная охрана,Датчик дыма,"849-1.1.47.3.",ДД ПК198 - 196,5339
232014,Пожарная охрана,Датчик дыма,"849-1.1.47.4.",ДД ПК198 - 200 кам,5339
232005,Охранная подсистема,КД Дверь,"849-1.1.46.7.",КД дв сопр к-р Ясенево ПК200,5339
232004,Охранная подсистема,КД АВ,"849-1.1.46.6.",КД АВ ПК200,5339
232098,Пожарная охрана,Состояние УИР-Р,"849-1.1.63.2.",УСРСБ ПК200,5339
232092,Пожарная охрана,Состояние УИР-Р,"849-1.1.62.2.",УСРСБ ПК190,5339
232081,Пожарная охрана,Состояние УИР-Р,"849-1.1.60.2.",УСРСБ ПК163,5339
232066,Пожарная охрана,Состояние УИР-Р,"849-1.1.57.2.",УСРСБ ПК112,5339
232060,Пожарная охрана,Состояние УИР-Р,"849-1.1.56.2.",УСРСБ ПК95,5339
232050,Пожарная охрана,Состояние УИР-Р,"849-1.1.54.2.",УСРСБ ПК65,5339
232044,Пожарная охрана,Состояние УИР-Р,"849-1.1.53.2.",УСРСБ ПК51,5339
232039,Пожарная охрана,Состояние УИР-Р,"849-1.1.52.2.",УСРСБ ПК40,5339
232034,Пожарная охрана,Состояние УИР-Р,"849-1.1.51.2.",УСРСБ ПК29,5339
232029,Пожарная охрана,Состояние УИР-Р,"849-1.1.50.2.",УСРСБ ПК24,5339
232019,Пожарная охрана,Состояние УИР-Р,"849-1.1.48.2.",УСРСБ  ПК0,5339
231690,Пожарная охрана,Датчик дыма,"849-1.1.5.4.",ДД ПК3 - 0,5339
232055,Пожарная охрана,Состояние УИР-Р,"849-1.1.55.2.",УСРСБ ПК81,5339
231891,Охранная подсистема,КД Дверь,"849-1.1.32.2.",КД дв отс ПК130,5339
231938,Пожарная охрана,Датчик дыма,"849-1.1.37.3.","ДД ПК148 ЭЩ, ВК",5339
231926,Пожарная охрана,Датчик дыма,"849-1.1.36.4.",ДД ПК148 АНС,5339
232076,Пожарная охрана,Состояние УИР-Р,"849-1.1.59.2.",УСРСБ ПК148,5339
231915,Охранная подсистема,КД АВ,"849-1.1.35.3.",КД АВ ПК148,5339
232087,Пожарная охрана,Состояние УИР-Р,"849-1.1.61.2.",УСРСБ ПК181,5339
231931,Температурная подсистема,Датчик температуры,"849-1.1.36.9.",ТЕМП ПК149,5339
231976,Охранная подсистема,КД Дверь,"849-1.1.42.5.",КД дв ВК ПК181,5339
231974,Охранная подсистема,КД Дверь,"849-1.1.42.3.",КД дв отс ПК181,5339
232006,Охранная подсистема,Датчик движения,"849-1.1.46.9.",ОД АВ ПК200,5339
231700,Охранная подсистема,КД Дверь,"849-1.1.6.6.",КД дв отс ПК9,5339
231699,Охранная подсистема,Датчик движения,"849-1.1.6.5.",ОД ВШ ПК9,5339
231706,Охранная подсистема,Датчик движения,"849-1.1.7.4.",ОД АВ ПК9,5339
231707,Охранная подсистема,КД АВ,"849-1.1.7.5.",КД АВ ПК9,5339
232024,Пожарная охрана,Состояние УИР-Р,"849-1.1.49.2.",УСРСБ  ПК10,5339
231736,Охранная подсистема,КД АВ,"849-1.1.11.2.",КД АВ ПК29,5339
231738,Охранная подсистема,Датчик движения,"849-1.1.11.5.",ОД АВ ПК29,5339
231865,Охранная подсистема,Датчик движения,"849-1.1.28.10.",ОД ВШ ПК112,5339
231863,Охранная подсистема,Датчик движения,"849-1.1.28.8.",ОД АВ ПК112,5339
231872,Диспетчерский контроль,Датчик затопления,"849-1.1.29.5.",ВД ПК112,5339
231899,Охранная подсистема,КД АВ,"849-1.1.33.2.",КД АВ ПК130,5339
232071,Пожарная охрана,Состояние УИР-Р,"849-1.1.58.2.",УСРСБ ПК130,5339
231925,Охранная подсистема,КД Дверь,"849-1.1.36.2.",КД дв отс ПК148,5339
231914,Охранная подсистема,КД Дверь,"849-1.1.35.2.",КД ЭЩ ПК148 ,5339
231916,Охранная подсистема,КД Дверь,"849-1.1.35.4.",КД дв ВК1 ПК148 ,5339
231927,Охранная подсистема,КД Дверь,"849-1.1.36.5.",КД дв ВК2 ПК148,5339
231930,Охранная подсистема,Датчик движения,"849-1.1.36.8.",ОД ВШ ПК149,5339
231917,Охранная подсистема,Датчик движения,"849-1.1.35.5.",ОД АВ ПК148,5339
231973,Охранная подсистема,КД АВ,"849-1.1.42.2.",КД АВ ПК181,5339
231975,Охранная подсистема,КД Дверь,"849-1.1.42.4.",КД дв кам ПК181,5339
232226,Охранная подсистема,Датчик движения,"849-1.1.25.6.",ОД ВШ ПК95,5339
232227,Охранная подсистема,Датчик движения,"849-1.1.41.6.",ОД ВШ ПК174,5339
232105,Диспетчерский контроль,Состояние охраны,"849-g1.",ОХР Профсоюзный,5339
251516,Охранная подсистема,КД Дверь,"849-1.1.15.2.",КД дв вк/ав ПК51 (маск.ремонт),5339
231684,Охранная подсистема,КД Дверь,"849-1.1.4.2.",КД шкаф ОПС ДП ЭЩ,5340
231918,Охранная подсистема,КД Дверь,"849-1.1.35.7.",КД шкаф ОПС ПК148 ЭЩ,5340
232106,Диспетчерский контроль,Состояние охраны,"849-g2.",ОХР шкаф,5340
231685,Диагностическая подсистема,ИБП,"849-1.1.4.3.",ББП ДП ЭЩ шкаф ОПС,5340
231920,Диагностическая подсистема,ИБП,"849-1.1.35.9.",БП ПК148 ЭЩ шкаф ОПС,5340
196622,Диагностическая подсистема,ИБП,"797-1.1.178.1.",ББП ДП 1 эт щит.,5340
196485,Охранная подсистема,КД Дверь,"797-1.1.114.3.",КД шкаф ОПС нап. ДП 1эт.,5340
196484,Охранная подсистема,КД Дверь,"797-1.1.114.2.",КД шкаф ОПС ДП 1эт.,5340
231422,Диспетчерский контроль,Состояние охраны,"847-g10.",к-р Коммунарка ПК202-ПК302,5343
229287,Пожарная охрана,Датчик дыма,"847-1.1.56.9.",ДД ПК202+1К,5343
229286,Пожарная охрана,Датчик дыма,"847-1.1.56.8.","ДД ПК202+1,5К",5343
229285,Пожарная охрана,Датчик дыма,"847-1.1.56.7.","ДД ПК202+5,5К",5343
229284,Пожарная охрана,Датчик дыма,"847-1.1.56.6.",ДД ПК202+5К,5343
229283,Пожарная охрана,Датчик дыма,"847-1.1.56.5.",ДД ПК203+1К,5343
229281,Пожарная охрана,Датчик дыма,"847-1.1.56.3.","ДД ПК203+4,5К",5343
229280,Пожарная охрана,Датчик дыма,"847-1.1.56.2.",ДД ПК203+4К,5343
229282,Пожарная охрана,Датчик дыма,"847-1.1.56.4.",ДД ПК203К,5343
229318,Пожарная охрана,Датчик дыма,"847-1.1.56.40.",ДД ПК203+8,5343
229319,Пожарная охрана,Датчик дыма,"847-1.1.56.41.",ДД ПК204+1,5343
229320,Пожарная охрана,Датчик дыма,"847-1.1.56.42.",ДД ПК204+6,5343
229323,Пожарная охрана,Датчик дыма,"847-1.1.56.45.",ДД ПК205+1,5343
229321,Пожарная охрана,Датчик дыма,"847-1.1.56.43.",ДД ПК205+1К,5343
229322,Пожарная охрана,Датчик дыма,"847-1.1.56.44.","ДД ПК205+1,5К",5343
229324,Пожарная охрана,Датчик дыма,"847-1.1.56.46.","ДД ПК205+5,5",5343
229325,Пожарная охрана,Датчик дыма,"847-1.1.56.47.",ДД ПК206,5343
229326,Пожарная охрана,Датчик дыма,"847-1.1.56.48.","ДД ПК206+4,5",5343
229327,Пожарная охрана,Датчик дыма,"847-1.1.56.49.",ДД ПК206+9,5343
229328,Пожарная охрана,Датчик дыма,"847-1.1.56.50.","ДД ПК207+3,5",5343
229329,Пожарная охрана,Датчик дыма,"847-1.1.56.51.","ДД ПК207+7,5",5343
229330,Пожарная охрана,Датчик дыма,"847-1.1.56.52.",ДД ПК208+2,5343
229331,Пожарная охрана,Датчик дыма,"847-1.1.56.53.","ДД ПК208+6,5",5343
229332,Пожарная охрана,Датчик дыма,"847-1.1.56.54.",ДД ПК209+1,5343
229333,Пожарная охрана,Датчик дыма,"847-1.1.56.55.","ДД ПК209+5,5",5343
229334,Пожарная охрана,Датчик дыма,"847-1.1.56.56.",ДД ПК210,5343
229335,Пожарная охрана,Датчик дыма,"847-1.1.56.57.","ДД ПК210+4,5",5343
229336,Пожарная охрана,Датчик дыма,"847-1.1.56.58.",ДД ПК210+9,5343
229337,Пожарная охрана,Датчик дыма,"847-1.1.56.59.","ДД ПК211+3,5",5343
229338,Пожарная охрана,Датчик дыма,"847-1.1.56.60.",ДД ПК211+8,5343
229339,Пожарная охрана,Датчик дыма,"847-1.1.56.61.","ДД ПК212+2,5",5343
229340,Пожарная охрана,Датчик дыма,"847-1.1.56.62.",ДД ПК212+7,5343
229341,Пожарная охрана,Датчик дыма,"847-1.1.56.63.",ДД ПК213+1,5343
229342,Пожарная охрана,Датчик дыма,"847-1.1.56.64.","ДД ПК213+5,5",5343
229343,Пожарная охрана,Датчик дыма,"847-1.1.56.65.",ДД ПК214,5343
229344,Пожарная охрана,Датчик дыма,"847-1.1.56.66.","ДД ПК214+4,5",5343
229345,Пожарная охрана,Датчик дыма,"847-1.1.56.67.",ДД ПК215,5343
229346,Пожарная охрана,Датчик дыма,"847-1.1.56.68.","ДД ПК215+4,5",5343
229348,Пожарная охрана,Датчик дыма,"847-1.1.56.70.",ДД ПК215+7К,5343
229349,Пожарная охрана,Датчик дыма,"847-1.1.56.71.","ДД ПК215+8,5",5343
229350,Пожарная охрана,Датчик дыма,"847-1.1.56.72.",ДД ПК216+3,5343
229352,Пожарная охрана,Датчик дыма,"847-1.1.56.74.",ДД ПК217К,5343
229353,Пожарная охрана,Датчик дыма,"847-1.1.56.75.",ДД ПК217+1К,5343
229394,Пожарная охрана,Датчик дыма,"847-1.1.57.40.",ДД ПК217+3К,5343
229393,Пожарная охрана,Датчик дыма,"847-1.1.57.39.","ДД ПК217+3,5К",5343
229392,Пожарная охрана,Датчик дыма,"847-1.1.57.38.","ДД ПК217+7,5",5343
229391,Пожарная охрана,Датчик дыма,"847-1.1.57.37.",ДД ПК218+2,5343
229390,Пожарная охрана,Датчик дыма,"847-1.1.57.36.",ДД ПК218+6,5343
229389,Пожарная охрана,Датчик дыма,"847-1.1.57.35.",ДД ПК219+1,5343
229388,Пожарная охрана,Датчик дыма,"847-1.1.57.34.",ДД ПК219+5,5343
229387,Пожарная охрана,Датчик дыма,"847-1.1.57.33.",ДД ПК220,5343
229386,Пожарная охрана,Датчик дыма,"847-1.1.57.32.",ДД ПК220+4,5343
229385,Пожарная охрана,Датчик дыма,"847-1.1.57.31.",ДД ПК220+9,5343
229384,Пожарная охрана,Датчик дыма,"847-1.1.57.30.",ДД ПК221+4,5343
229383,Пожарная охрана,Датчик дыма,"847-1.1.57.29.","ДД ПК221+8,5",5343
229382,Пожарная охрана,Датчик дыма,"847-1.1.57.28.",ДД ПК222+2,5343
229381,Пожарная охрана,Датчик дыма,"847-1.1.57.27.","ДД ПК222+6,5",5343
229380,Пожарная охрана,Датчик дыма,"847-1.1.57.26.",ДД ПК223+1,5343
229379,Пожарная охрана,Датчик дыма,"847-1.1.57.25.","ДД ПК223+5,5",5343
229378,Пожарная охрана,Датчик дыма,"847-1.1.57.24.",ДД ПК224,5343
229377,Пожарная охрана,Датчик дыма,"847-1.1.57.23.","ДД ПК224+4,5",5343
229376,Пожарная охрана,Датчик дыма,"847-1.1.57.22.","ДД ПК224+9,5",5343
229375,Пожарная охрана,Датчик дыма,"847-1.1.57.21.",ДД ПК225+4,5343
229374,Пожарная охрана,Датчик дыма,"847-1.1.57.20.","ДД ПК225+8,5",5343
229373,Пожарная охрана,Датчик дыма,"847-1.1.57.19.",ДД ПК226+3,5343
229372,Пожарная охрана,Датчик дыма,"847-1.1.57.18.","ДД ПК226+7,5",5343
229371,Пожарная охрана,Датчик дыма,"847-1.1.57.17.",ДД ПК227+3,5343
229370,Пожарная охрана,Датчик дыма,"847-1.1.57.16.",ДД ПК227+7,5343
229369,Пожарная охрана,Датчик дыма,"847-1.1.57.15.",ДД ПК228+2,5343
229368,Пожарная охрана,Датчик дыма,"847-1.1.57.14.","ДД ПК228+6,5",5343
229367,Пожарная охрана,Датчик дыма,"847-1.1.57.13.",ДД ПК229,5343
229366,Пожарная охрана,Датчик дыма,"847-1.1.57.12.","ДД ПК229+4,5",5343
229365,Пожарная охрана,Датчик дыма,"847-1.1.57.11.",ДД ПК229+9,5343
229364,Пожарная охрана,Датчик дыма,"847-1.1.57.10.","ДД ПК230+3,5",5343
229363,Пожарная охрана,Датчик дыма,"847-1.1.57.9.",ДД ПК230+8,5343
229362,Пожарная охрана,Датчик дыма,"847-1.1.57.8.","ДД ПК231+2,5",5343
229361,Пожарная охрана,Датчик дыма,"847-1.1.57.7.",ДД ПК231+7,5343
229360,Пожарная охрана,Датчик дыма,"847-1.1.57.6.",ДД ПК231+7К,5343
229356,Пожарная охрана,Датчик дыма,"847-1.1.57.2.",ДД ПК232+7К,5343
229359,Пожарная охрана,Датчик дыма,"847-1.1.57.5.",ДД ПК232К,5343
229357,Пожарная охрана,Датчик дыма,"847-1.1.57.3.",ДД ПК232+5,5343
229396,Пожарная охрана,Датчик дыма,"847-1.1.57.42.",ДД ПК233+1,5343
229397,Пожарная охрана,Датчик дыма,"847-1.1.57.43.",ДД ПК233+5,5343
229398,Пожарная охрана,Датчик дыма,"847-1.1.57.44.","ДД ПК233+9,5",5343
229399,Пожарная охрана,Датчик дыма,"847-1.1.57.45.",ДД ПК234+4,5343
229400,Пожарная охрана,Датчик дыма,"847-1.1.57.46.","ДД ПК234+8,5",5343
229401,Пожарная охрана,Датчик дыма,"847-1.1.57.47.",ДД ПК235+2,5343
229402,Пожарная охрана,Датчик дыма,"847-1.1.57.48.","ДД ПК235+6,5",5343
229403,Пожарная охрана,Датчик дыма,"847-1.1.57.49.",ДД ПК236+1,5343
229404,Пожарная охрана,Датчик дыма,"847-1.1.57.50.","ДД ПК236+5,5",5343
229405,Пожарная охрана,Датчик дыма,"847-1.1.57.51.",ДД ПК236+9,5343
229406,Пожарная охрана,Датчик дыма,"847-1.1.57.52.","ДД ПК237+3,5",5343
229407,Пожарная охрана,Датчик дыма,"847-1.1.57.53.",ДД ПК237+8,5343
229408,Пожарная охрана,Датчик дыма,"847-1.1.57.54.",ДД ПК238+2,5343
229409,Пожарная охрана,Датчик дыма,"847-1.1.57.55.","ДД ПК238+6,5",5343
229410,Пожарная охрана,Датчик дыма,"847-1.1.57.56.",ДД ПК239+1,5343
229411,Пожарная охрана,Датчик дыма,"847-1.1.57.57.",ДД ПК239+5,5343
229412,Пожарная охрана,Датчик дыма,"847-1.1.57.58.",ДД ПК240,5343
229413,Пожарная охрана,Датчик дыма,"847-1.1.57.59.","ДД ПК240+4,5",5343
229414,Пожарная охрана,Датчик дыма,"847-1.1.57.60.",ДД ПК240+9,5343
229415,Пожарная охрана,Датчик дыма,"847-1.1.57.61.","ДД ПК241+3,5",5343
229416,Пожарная охрана,Датчик дыма,"847-1.1.57.62.",ДД ПК241+8,5343
229417,Пожарная охрана,Датчик дыма,"847-1.1.57.63.",ДД ПК242+2,5343
229418,Пожарная охрана,Датчик дыма,"847-1.1.57.64.","ДД ПК242+6,5",5343
229419,Пожарная охрана,Датчик дыма,"847-1.1.57.65.","ДД ПК243+1,5",5343
229420,Пожарная охрана,Датчик дыма,"847-1.1.57.66.","ДД ПК243+5,5",5343
229421,Пожарная охрана,Датчик дыма,"847-1.1.57.67.",ДД ПК243+6К,5343
229425,Пожарная охрана,Датчик дыма,"847-1.1.57.71.",ДД ПК244,5343
229424,Пожарная охрана,Датчик дыма,"847-1.1.57.70.",ДД ПК244К,5343
229422,Пожарная охрана,Датчик дыма,"847-1.1.57.68.",ДД ПК244 щит.3,5343
229423,Пожарная охрана,Датчик дыма,"847-1.1.57.69.",ДД ПК244+1 щит.3,5343
229426,Пожарная охрана,Датчик дыма,"847-1.1.57.72.","ДД ПК244+4,5",5343
229427,Пожарная охрана,Датчик дыма,"847-1.1.57.73.","ДД ПК244+8,5",5343
229428,Пожарная охрана,Датчик дыма,"847-1.1.57.74.","ДД ПК245+2,5",5343
229429,Пожарная охрана,Датчик дыма,"847-1.1.57.75.",ДД ПК245+7,5343
229430,Пожарная охрана,Датчик дыма,"847-1.1.57.76.","ДД ПК246+1,5",5343
229431,Пожарная охрана,Датчик дыма,"847-1.1.57.77.","ДД ПК246+5,5",5343
229433,Пожарная охрана,Датчик дыма,"847-1.1.57.79.",ДД ПК246+6К,5343
229434,Пожарная охрана,Датчик дыма,"847-1.1.57.80.",ДД ПК246+8К,5343
229432,Пожарная охрана,Датчик дыма,"847-1.1.57.78.",ДД ПК247,5343
229475,Пожарная охрана,Датчик дыма,"847-1.1.58.40.",ДД ПК247+3К,5343
229474,Пожарная охрана,Датчик дыма,"847-1.1.58.39.",ДД ПК247+4К,5343
229473,Пожарная охрана,Датчик дыма,"847-1.1.58.38.",ДД ПК247+6,5343
229472,Пожарная охрана,Датчик дыма,"847-1.1.58.37.",ДД ПК248,5343
229471,Пожарная охрана,Датчик дыма,"847-1.1.58.36.","ДД ПК248+4,5",5343
229470,Пожарная охрана,Датчик дыма,"847-1.1.58.35.","ДД ПК248+8,5",5343
229469,Пожарная охрана,Датчик дыма,"847-1.1.58.34.",ДД ПК249+3,5343
229468,Пожарная охрана,Датчик дыма,"847-1.1.58.33.","ДД ПК249+7,5",5343
229467,Пожарная охрана,Датчик дыма,"847-1.1.58.32.","ДД ПК250+1,5",5343
229466,Пожарная охрана,Датчик дыма,"847-1.1.58.31.","ДД ПК250+5,5",5343
229465,Пожарная охрана,Датчик дыма,"847-1.1.58.30.",ДД ПК251,5343
229464,Пожарная охрана,Датчик дыма,"847-1.1.58.29.",ДД ПК251+4,5343
229463,Пожарная охрана,Датчик дыма,"847-1.1.58.28.",ДД ПК251+8,5343
229462,Пожарная охрана,Датчик дыма,"847-1.1.58.27.",ДД ПК252+2,5343
229461,Пожарная охрана,Датчик дыма,"847-1.1.58.26.",ДД ПК252+6,5343
229460,Пожарная охрана,Датчик дыма,"847-1.1.58.25.","ДД ПК253+0,5",5343
229459,Пожарная охрана,Датчик дыма,"847-1.1.58.24.","ДД ПК253+4,5",5343
229458,Пожарная охрана,Датчик дыма,"847-1.1.58.23.",ДД ПК253+9,5343
229457,Пожарная охрана,Датчик дыма,"847-1.1.58.22.","ДД ПК254+3,5",5343
229456,Пожарная охрана,Датчик дыма,"847-1.1.58.21.",ДД ПК254+8,5343
229455,Пожарная охрана,Датчик дыма,"847-1.1.58.20.",ДД ПК255+2,5343
229454,Пожарная охрана,Датчик дыма,"847-1.1.58.19.",ДД ПК255+6,5343
229453,Пожарная охрана,Датчик дыма,"847-1.1.58.18.",ДД ПК256,5343
229452,Пожарная охрана,Датчик дыма,"847-1.1.58.17.",ДД ПК256+4,5343
229451,Пожарная охрана,Датчик дыма,"847-1.1.58.16.",ДД ПК256+8,5343
229450,Пожарная охрана,Датчик дыма,"847-1.1.58.15.",ДД ПК257+2,5343
229449,Пожарная охрана,Датчик дыма,"847-1.1.58.14.",ДД ПК257+6,5343
229448,Пожарная охрана,Датчик дыма,"847-1.1.58.13.",ДД ПК258,5343
229447,Пожарная охрана,Датчик дыма,"847-1.1.58.12.",ДД ПК258+4,5343
229446,Пожарная охрана,Датчик дыма,"847-1.1.58.11.",ДД ПК258+8,5343
229445,Пожарная охрана,Датчик дыма,"847-1.1.58.10.","ДД ПК259+2,5",5343
229444,Пожарная охрана,Датчик дыма,"847-1.1.58.9.",ДД ПК259+7,5343
229443,Пожарная охрана,Датчик дыма,"847-1.1.58.8.","ДД ПК260+1,5",5343
229442,Пожарная охрана,Датчик дыма,"847-1.1.58.7.","ДД ПК260+5,5",5343
229441,Пожарная охрана,Датчик дыма,"847-1.1.58.6.","ДД ПК260+9,5",5343
229440,Пожарная охрана,Датчик дыма,"847-1.1.58.5.",ДД ПК261+4,5343
229439,Пожарная охрана,Датчик дыма,"847-1.1.58.4.",ДД ПК261+4К,5343
229438,Пожарная охрана,Датчик дыма,"847-1.1.58.3.",ДД ПК261+8К,5343
229437,Пожарная охрана,Датчик дыма,"847-1.1.58.2.",ДД ПК261+8,5343
229476,Пожарная охрана,Датчик дыма,"847-1.1.58.41.",ДД ПК262+6,5343
229479,Пожарная охрана,Датчик дыма,"847-1.1.58.44.",ДД ПК263+1,5343
229478,Пожарная охрана,Датчик дыма,"847-1.1.58.43.",ДД ПК263+1К,5343
229480,Пожарная охрана,Датчик дыма,"847-1.1.58.45.",ДД ПК263+5,5343
229481,Пожарная охрана,Датчик дыма,"847-1.1.58.46.",ДД ПК263+9,5343
229477,Пожарная охрана,Датчик дыма,"847-1.1.58.42.",ДД ПК263К,5343
229482,Пожарная охрана,Датчик дыма,"847-1.1.58.47.","ДД ПК264+3,5",5343
229483,Пожарная охрана,Датчик дыма,"847-1.1.58.48.",ДД ПК264+8,5343
229484,Пожарная охрана,Датчик дыма,"847-1.1.58.49.",ДД ПК265+2,5343
229485,Пожарная охрана,Датчик дыма,"847-1.1.58.50.",ДД ПК265+6,5343
229486,Пожарная охрана,Датчик дыма,"847-1.1.58.51.",ДД ПК266,5343
229487,Пожарная охрана,Датчик дыма,"847-1.1.58.52.","ДД ПК266+4,5",5343
229488,Пожарная охрана,Датчик дыма,"847-1.1.58.53.",ДД ПК266+9,5343
229491,Пожарная охрана,Датчик дыма,"847-1.1.58.56.",ДД ПК267+3,5343
229489,Пожарная охрана,Датчик дыма,"847-1.1.58.54.","ДД ПК267+3,5",5343
229490,Пожарная охрана,Датчик дыма,"847-1.1.58.55.","ДД ПК267+5,5",5343
229492,Пожарная охрана,Датчик дыма,"847-1.1.58.57.",ДД ПК267+7,5343
229493,Пожарная охрана,Датчик дыма,"847-1.1.58.58.",ДД ПК268+2,5343
229494,Пожарная охрана,Датчик дыма,"847-1.1.58.59.","ДД ПК268+6,5",5343
229495,Пожарная охрана,Датчик дыма,"847-1.1.58.60.","ДД ПК269+1,5",5343
229496,Пожарная охрана,Датчик дыма,"847-1.1.58.61.",ДД ПК269+7,5343
229497,Пожарная охрана,Датчик дыма,"847-1.1.58.62.",ДД ПК270+1,5343
229498,Пожарная охрана,Датчик дыма,"847-1.1.58.63.",ДД ПК270+5,5343
229499,Пожарная охрана,Датчик дыма,"847-1.1.58.64.","ДД ПК270+9,5",5343
229500,Пожарная охрана,Датчик дыма,"847-1.1.58.65.",ДД ПК271+4,5343
229501,Пожарная охрана,Датчик дыма,"847-1.1.58.66.",ДД ПК271+8,5343
229502,Пожарная охрана,Датчик дыма,"847-1.1.58.67.","ДД ПК272+2,5",5343
229503,Пожарная охрана,Датчик дыма,"847-1.1.58.68.",ДД ПК272+7,5343
229504,Пожарная охрана,Датчик дыма,"847-1.1.58.69.",ДД ПК273+1,5343
229505,Пожарная охрана,Датчик дыма,"847-1.1.58.70.",ДД ПК273+5,5343
229506,Пожарная охрана,Датчик дыма,"847-1.1.58.71.","ДД ПК273+9,5",5343
229507,Пожарная охрана,Датчик дыма,"847-1.1.58.72.",ДД ПК274+2,5343
229508,Пожарная охрана,Датчик дыма,"847-1.1.58.73.",ДД ПК274+7,5343
229509,Пожарная охрана,Датчик дыма,"847-1.1.58.74.",ДД ПК275+1,5343
229510,Пожарная охрана,Датчик дыма,"847-1.1.58.75.",ДД ПК275+5,5343
232218,Пожарная охрана,Датчик дыма,"847-1.1.58.76.",ДД ПК275+9,5343
232219,Пожарная охрана,Датчик дыма,"847-1.1.58.77.",ДД ПК276+2К,5343
232220,Пожарная охрана,Датчик дыма,"847-1.1.58.78.",ДД ПК276+3К,5343
229551,Пожарная охрана,Датчик дыма,"847-1.1.59.40.",ДД ПК276+5К,5343
229550,Пожарная охрана,Датчик дыма,"847-1.1.59.39.",ДД ПК276+6К,5343
229549,Пожарная охрана,Датчик дыма,"847-1.1.59.38.","ДД ПК276+8,5",5343
229548,Пожарная охрана,Датчик дыма,"847-1.1.59.37.",ДД ПК277+3,5343
229547,Пожарная охрана,Датчик дыма,"847-1.1.59.36.",ДД ПК277+5,5343
229545,Пожарная охрана,Датчик дыма,"847-1.1.59.34.",ДД ПК277+7,5343
229544,Пожарная охрана,Датчик дыма,"847-1.1.59.33.","ДД ПК278+1,5",5343
229546,Пожарная охрана,Датчик дыма,"847-1.1.59.35.","ДД ПК278+1,5",5343
229543,Пожарная охрана,Датчик дыма,"847-1.1.59.32.","ДД ПК279+3,5",5343
229542,Пожарная охрана,Датчик дыма,"847-1.1.59.31.","ДД ПК279+7,5",5343
229541,Пожарная охрана,Датчик дыма,"847-1.1.59.30.","ДД ПК280+2,5",5343
229540,Пожарная охрана,Датчик дыма,"847-1.1.59.29.",ДД ПК280+6,5343
229539,Пожарная охрана,Датчик дыма,"847-1.1.59.28.",ДД ПК281,5343
229538,Пожарная охрана,Датчик дыма,"847-1.1.59.27.",ДД ПК281+4,5343
229537,Пожарная охрана,Датчик дыма,"847-1.1.59.26.",ДД ПК281+8,5343
229536,Пожарная охрана,Датчик дыма,"847-1.1.59.25.",ДД ПК282+2,5343
229535,Пожарная охрана,Датчик дыма,"847-1.1.59.24.","ДД ПК282+6,5",5343
229534,Пожарная охрана,Датчик дыма,"847-1.1.59.23.",ДД ПК283+1,5343
229533,Пожарная охрана,Датчик дыма,"847-1.1.59.22.",ДД ПК283+5,5343
229532,Пожарная охрана,Датчик дыма,"847-1.1.59.21.",ДД ПК283+9,5343
229531,Пожарная охрана,Датчик дыма,"847-1.1.59.20.",ДД ПК284+3,5343
229530,Пожарная охрана,Датчик дыма,"847-1.1.59.19.",ДД ПК284+7,5343
229529,Пожарная охрана,Датчик дыма,"847-1.1.59.18.","ДД ПК285+1,5",5343
229527,Пожарная охрана,Датчик дыма,"847-1.1.59.16.",ДД ПК286,5343
229526,Пожарная охрана,Датчик дыма,"847-1.1.59.15.",ДД ПК286+4,5343
229525,Пожарная охрана,Датчик дыма,"847-1.1.59.14.",ДД ПК286+8,5343
229524,Пожарная охрана,Датчик дыма,"847-1.1.59.13.",ДД ПК287+2,5343
229523,Пожарная охрана,Датчик дыма,"847-1.1.59.12.",ДД ПК287+6,5343
229522,Пожарная охрана,Датчик дыма,"847-1.1.59.11.","ДД ПК288+0,5",5343
229521,Пожарная охрана,Датчик дыма,"847-1.1.59.10.","ДД ПК288+4,5",5343
229520,Пожарная охрана,Датчик дыма,"847-1.1.59.9.","ДД ПК288+8,5",5343
229519,Пожарная охрана,Датчик дыма,"847-1.1.59.8.",ДД ПК289+3,5343
229518,Пожарная охрана,Датчик дыма,"847-1.1.59.7.","ДД ПК289+7,5",5343
229517,Пожарная охрана,Датчик дыма,"847-1.1.59.6.",ДД ПК290+2,5343
229516,Пожарная охрана,Датчик дыма,"847-1.1.59.5.",ДД ПК290+6,5343
229514,Пожарная охрана,Датчик дыма,"847-1.1.59.3.",ДД ПК290+6К,5343
229515,Пожарная охрана,Датчик дыма,"847-1.1.59.4.",ДД ПК291+1,5343
229553,Пожарная охрана,Датчик дыма,"847-1.1.59.42.",ДД ПК291+6К,5343
229554,Пожарная охрана,Датчик дыма,"847-1.1.59.43.",ДД ПК291+8,5343
229513,Пожарная охрана,Датчик дыма,"847-1.1.59.2.",ДД ПК291К,5343
229555,Пожарная охрана,Датчик дыма,"847-1.1.59.44.","ДД ПК292+2,5",5343
229556,Пожарная охрана,Датчик дыма,"847-1.1.59.45.","ДД ПК292+6,5",5343
229557,Пожарная охрана,Датчик дыма,"847-1.1.59.46.",ДД ПК293,5343
229559,Пожарная охрана,Датчик дыма,"847-1.1.59.48.","ДД ПК293+8,5",5343
229558,Пожарная охрана,Датчик дыма,"847-1.1.59.47.",ДД ПК294+2,5343
229560,Пожарная охрана,Датчик дыма,"847-1.1.59.49.",ДД ПК294+2,5343
229561,Пожарная охрана,Датчик дыма,"847-1.1.59.50.",ДД ПК294+6,5343
229562,Пожарная охрана,Датчик дыма,"847-1.1.59.51.",ДД ПК295,5343
229563,Пожарная охрана,Датчик дыма,"847-1.1.59.52.",ДД ПК295+4,5343
229564,Пожарная охрана,Датчик дыма,"847-1.1.59.53.",ДД ПК295+8,5343
229565,Пожарная охрана,Датчик дыма,"847-1.1.59.54.",ДД ПК296+2,5343
229566,Пожарная охрана,Датчик дыма,"847-1.1.59.55.",ДД ПК296+6,5343
229567,Пожарная охрана,Датчик дыма,"847-1.1.59.56.",ДД ПК297,5343
229568,Пожарная охрана,Датчик дыма,"847-1.1.59.57.",ДД ПК297+4,5343
229569,Пожарная охрана,Датчик дыма,"847-1.1.59.58.",ДД ПК297+8,5343
229570,Пожарная охрана,Датчик дыма,"847-1.1.59.59.",ДД ПК298+2,5343
229571,Пожарная охрана,Датчик дыма,"847-1.1.59.60.",ДД ПК298+6,5343
229572,Пожарная охрана,Датчик дыма,"847-1.1.59.61.",ДД ПК299,5343
229573,Пожарная охрана,Датчик дыма,"847-1.1.59.62.","ДД ПК299+4,5",5343
229574,Пожарная охрана,Датчик дыма,"847-1.1.59.63.",ДД ПК299+8,5343
229575,Пожарная охрана,Датчик дыма,"847-1.1.59.64.","ДД ПК300+2,5",5343
229576,Пожарная охрана,Датчик дыма,"847-1.1.59.65.",ДД ПК300+7,5343
229577,Пожарная охрана,Датчик дыма,"847-1.1.59.66.",ДД ПК301+1,5343
229578,Пожарная охрана,Датчик дыма,"847-1.1.59.67.",ДД ПК301+5,5343
229579,Пожарная охрана,Датчик дыма,"847-1.1.59.68.",ДД ПК301+8,5343
229580,Пожарная охрана,Датчик дыма,"847-1.1.59.69.",ДД ПК302+2К,5343
229581,Пожарная охрана,Датчик дыма,"847-1.1.59.70.",ДД ПК302+5К,5343
232279,Охранная подсистема,КД Дверь,"847-1.1.33.6.",КД отс. дверь ПК204,5343
228468,Охранная подсистема,Датчик движения,"847-1.1.33.4.",ОД АВ ПК203+5,5343
228467,Охранная подсистема,КД АВ,"847-1.1.33.3.",КД АВ ПК203+5,5343
228469,Температурная подсистема,Датчик температуры,"847-1.1.33.5.",ТЕМП ПК203+5,5343
228476,Охранная подсистема,КД Дверь,"847-1.1.34.4.",КД дверь ВК ПК205,5343
228477,Охранная подсистема,Датчик движения,"847-1.1.34.5.",ОД АВ ПК205,5343
228475,Охранная подсистема,КД АВ,"847-1.1.34.3.",КД АВ ПК205,5343
228474,Температурная подсистема,Датчик температуры,"847-1.1.34.2.",ТЕМП ПК204+7,5343
228484,Охранная подсистема,КД Дверь,"847-1.1.35.3.",КД отс. дверь ПК217,5343
228486,Охранная подсистема,Датчик движения,"847-1.1.35.5.",ОД АВ ПК217,5343
228485,Охранная подсистема,КД АВ,"847-1.1.35.4.",КД АВ ПК217,5343
228487,Температурная подсистема,Датчик температуры,"847-1.1.35.6.",ТЕМП ПК216+8,5343
228492,Охранная подсистема,КД Дверь,"847-1.1.36.2.",КД дверь ВК ПК217+3,5343
228494,Охранная подсистема,Датчик движения,"847-1.1.36.4.",ОД АВ ПК217+3,5343
228493,Охранная подсистема,КД АВ,"847-1.1.36.3.",КД АВ ПК217+3,5343
228495,Температурная подсистема,Датчик температуры,"847-1.1.36.5.",ТЕМП ПК217+3,5343
228502,Охранная подсистема,КД Дверь,"847-1.1.37.3.",КД отс. дверь ПК232+2,5343
228504,Охранная подсистема,Датчик движения,"847-1.1.37.5.",ОД АВ ПК232,5343
228503,Охранная подсистема,КД АВ,"847-1.1.37.4.",КД АВ ПК232,5343
228505,Температурная подсистема,Датчик температуры,"847-1.1.37.6.",ТЕМП ПК231+6,5343
228515,Охранная подсистема,КД Дверь,"847-1.1.38.7.",КД дверь ВК ПК232+7,5343
228510,Охранная подсистема,КД Дверь,"847-1.1.38.2.",КД дверь ВК ПК232+7,5343
228512,Охранная подсистема,Датчик движения,"847-1.1.38.4.",ОД АВ ПК232+7,5343
228511,Охранная подсистема,КД АВ,"847-1.1.38.3.",КД АВ ПК232+7,5343
228513,Температурная подсистема,Датчик температуры,"847-1.1.38.5.",ТЕМП ПК232+7,5343
228522,Охранная подсистема,КД Дверь,"847-1.1.39.4.",КД дверь ПК244 щит.3,5343
228524,Охранная подсистема,Датчик движения,"847-1.1.39.6.",ОД ПК244 щит.3,5343
228530,Охранная подсистема,КД Дверь,"847-1.1.40.2.",КД отс. дверь ПК247+1,5343
228532,Охранная подсистема,Датчик движения,"847-1.1.40.4.",ОД АВ ПК247,5343
228533,Температурная подсистема,Датчик температуры,"847-1.1.40.5.",ТЕМП ПК246,5343
228539,Охранная подсистема,КД Дверь,"847-1.1.41.2.",КД дверь ВК ПК247+3,5343
228541,Охранная подсистема,Датчик движения,"847-1.1.41.4.",ОД АВ ПК247+3,5343
228540,Охранная подсистема,КД АВ,"847-1.1.41.3.",КД АВ ПК247+3,5343
228542,Температурная подсистема,Датчик температуры,"847-1.1.41.5.",ТЕМП ПК247+9,5343
228549,Охранная подсистема,КД Дверь,"847-1.1.42.3.",КД отс. дверь ПК262+2,5343
228551,Охранная подсистема,Датчик движения,"847-1.1.42.5.",ОД АВ ПК262,5343
228550,Охранная подсистема,КД АВ,"847-1.1.42.4.",КД АВ ПК262,5343
228552,Температурная подсистема,Датчик температуры,"847-1.1.42.6.",ТЕМП ПК261,5343
228557,Охранная подсистема,КД Дверь,"847-1.1.43.2.",КД дверь ВК ПК263,5343
228559,Охранная подсистема,Датчик движения,"847-1.1.43.4.",ОД АВ ПК263,5343
228558,Охранная подсистема,КД АВ,"847-1.1.43.3.",КД АВ ПК263,5343
228560,Температурная подсистема,Датчик температуры,"847-1.1.43.5.",ТЕМП ПК263,5343
228567,Охранная подсистема,КД Дверь,"847-1.1.44.3.",КД отс. дверь ПК276+4,5343
228570,Охранная подсистема,Датчик движения,"847-1.1.44.6.",ОД АВ ПК276+3,5343
228568,Охранная подсистема,КД АВ,"847-1.1.44.4.",КД АВ ПК276+3,5343
228571,Температурная подсистема,Датчик температуры,"847-1.1.44.7.",ТЕМП ПК275+9,5343
228577,Охранная подсистема,КД Дверь,"847-1.1.45.2.",КД дверь ВК ПК276+5,5343
228579,Охранная подсистема,Датчик движения,"847-1.1.45.4.",ОД АВ ПК276+5,5343
228578,Охранная подсистема,КД АВ,"847-1.1.45.3.",КД АВ ПК276+5,5343
228580,Температурная подсистема,Датчик температуры,"847-1.1.45.5.",ТЕМП ПК277,5343
228589,Охранная подсистема,Датчик движения,"847-1.1.46.5.",ОД АВ ПК291,5343
228588,Охранная подсистема,КД АВ,"847-1.1.46.4.",КД АВ ПК291,5343
228590,Температурная подсистема,Датчик температуры,"847-1.1.46.6.",ТЕМП ПК290+1,5343
228595,Охранная подсистема,КД Дверь,"847-1.1.47.2.",КД дверь ВК ПК291+3,5343
228597,Охранная подсистема,Датчик движения,"847-1.1.47.4.",ОД АВ ПК291+3,5343
228596,Охранная подсистема,КД АВ,"847-1.1.47.3.",КД АВ ПК291+3,5343
228598,Температурная подсистема,Датчик температуры,"847-1.1.47.5.",ТЕМП ПК292+2,5343
228606,Охранная подсистема,Датчик движения,"847-1.1.48.4.",ОД АВ ПК302,5343
228605,Охранная подсистема,КД АВ,"847-1.1.48.3.",КД АВ ПК302,5343
228607,Температурная подсистема,Датчик температуры,"847-1.1.48.5.",ТЕМП ПК301+8,5343
230192,Пожарная охрана,Состояние УИР-Р,"847-1.1.185.2.",УСРСБ ПК203+5 Состояние речевого устройства,5343
230198,Пожарная охрана,Состояние УИР-Р,"847-1.1.186.2.",УСРСБ ПК205 Состояние речевого устройства,5343
230204,Пожарная охрана,Состояние УИР-Р,"847-1.1.187.2.",УСРСБ ПК208+9 Состояние речевого устройства,5343
230210,Пожарная охрана,Состояние УИР-Р,"847-1.1.188.2.",УСРСБ ПК213 Состояние речевого устройства,5343
230216,Пожарная охрана,Состояние УИР-Р,"847-1.1.189.2.",УСРСБ ПК215+3 Состояние речевого устройства,5343
230222,Пожарная охрана,Состояние УИР-Р,"847-1.1.190.2.",УСРСБ ПК217 Состояние речевого устройства,5343
230228,Пожарная охрана,Состояние УИР-Р,"847-1.1.191.2.",УСРСБ ПК217+3 Состояние речевого устройства,5343
230234,Пожарная охрана,Состояние УИР-Р,"847-1.1.192.2.",УСРСБ ПК218+8 Состояние речевого устройства,5343
230240,Пожарная охрана,Состояние УИР-Р,"847-1.1.193.2.","УСРСБ ПК223+8,5 Состояние речевого устройства",5343
230246,Пожарная охрана,Состояние УИР-Р,"847-1.1.194.2.",УСРСБ ПК229 Состояние речевого устройства,5343
230252,Пожарная охрана,Состояние УИР-Р,"847-1.1.195.2.",УСРСБ ПК232 Состояние речевого устройства,5343
230258,Пожарная охрана,Состояние УИР-Р,"847-1.1.196.2.",УСРСБ ПК233 Состояние речевого устройства,5343
230264,Пожарная охрана,Состояние УИР-Р,"847-1.1.197.2.",УСРСБ ПК237 Состояние речевого устройства,5343
230270,Пожарная охрана,Состояние УИР-Р,"847-1.1.198.2.",УСРСБ ПК242 Состояние речевого устройства,5343
230276,Пожарная охрана,Состояние УИР-Р,"847-1.1.199.2.",УСРСБ ПК244 щит.3 Состояние речевого устройства,5343
230282,Пожарная охрана,Состояние УИР-Р,"847-1.1.200.2.",УСРСБ ПК247 Состояние речевого устройства,5343
230288,Пожарная охрана,Состояние УИР-Р,"847-1.1.201.2.",УСРСБ ПК247+3 Состояние речевого устройства,5343
230294,Пожарная охрана,Состояние УИР-Р,"847-1.1.202.2.",УСРСБ ПК251+4 Состояние речевого устройства,5343
230300,Пожарная охрана,Состояние УИР-Р,"847-1.1.203.2.","УСРСБ ПК256+1,5 Состояние речевого устройства",5343
230306,Пожарная охрана,Состояние УИР-Р,"847-1.1.204.2.",УСРСБ ПК262 Состояние речевого устройства,5343
230312,Пожарная охрана,Состояние УИР-Р,"847-1.1.205.2.",УСРСБ ПК263 Состояние речевого устройства,5343
230318,Пожарная охрана,Состояние УИР-Р,"847-1.1.206.2.",УСРСБ ПК267 Состояние речевого устройства,5343
230324,Пожарная охрана,Состояние УИР-Р,"847-1.1.207.2.",УСРСБ ПК271+7 Состояние речевого устройства,5343
230330,Пожарная охрана,Состояние УИР-Р,"847-1.1.208.2.",УСРСБ ПК276+3 Состояние речевого устройства,5343
230336,Пожарная охрана,Состояние УИР-Р,"847-1.1.209.2.",УСРСБ ПК276+5 Состояние речевого устройства,5343
230342,Пожарная охрана,Состояние УИР-Р,"847-1.1.210.2.",УСРСБ ПК281+2 Состояние речевого устройства,5343
230348,Пожарная охрана,Состояние УИР-Р,"847-1.1.211.2.","УСРСБ ПК286+2,5 Состояние речевого устройства",5343
230354,Пожарная охрана,Состояние УИР-Р,"847-1.1.212.2.",УСРСБ ПК291 Состояние речевого устройства,5343
230360,Пожарная охрана,Состояние УИР-Р,"847-1.1.213.2.",УСРСБ ПК291+3 Состояние речевого устройства,5343
230366,Пожарная охрана,Состояние УИР-Р,"847-1.1.214.2.",УСРСБ ПК296+8 Состояние речевого устройства,5343
230372,Пожарная охрана,Состояние УИР-Р,"847-1.1.215.2.",УСРСБ ПК302 Состояние речевого устройства,5343
228531,Охранная подсистема,КД АВ,"847-1.1.40.3.",КД АВ ПК247,5343
228587,Охранная подсистема,КД Дверь,"847-1.1.46.3.",КД отс. дверь ПК291+2,5343
229351,Пожарная охрана,Датчик дыма,"847-1.1.56.73.","ДД ПК216+7,5",5343
229358,Пожарная охрана,Датчик дыма,"847-1.1.57.4.",ДД ПК232+1,5343
229395,Пожарная охрана,Датчик дыма,"847-1.1.57.41.",ДД ПК233К,5343
229552,Пожарная охрана,Датчик дыма,"847-1.1.59.41.",ДД ПК291+5К,5343
261882,Пожарная охрана,Датчик дыма,"418-1.1.902.1.",Дым ПК0,5537
261883,Пожарная охрана,Датчик дыма,"418-1.1.902.2.",Дым ПК0,5537
261884,Пожарная охрана,Датчик дыма,"418-1.1.902.3.",Дым ПК0,5537
261885,Пожарная охрана,Датчик дыма,"418-1.1.902.4.",Дым ПК0,5537
261886,Пожарная охрана,Датчик дыма,"418-1.1.902.5.",Дым ПК1+1,5537
261887,Пожарная охрана,Датчик дыма,"418-1.1.902.6.",Дым ПК1+9,5537
261888,Пожарная охрана,Датчик дыма,"418-1.1.902.7.",Дым ПК2+8,5537
261889,Пожарная охрана,Датчик дыма,"418-1.1.902.8.",Дым ПК3+6,5537
261890,Пожарная охрана,Датчик дыма,"418-1.1.902.9.",Дым ПК4+3,5537
261891,Пожарная охрана,Датчик дыма,"418-1.1.902.10.",Дым ПК5+2,5537
261892,Пожарная охрана,Датчик дыма,"418-1.1.902.11.",Дым ПК6+2,5537
261893,Пожарная охрана,Датчик дыма,"418-1.1.902.12.",Дым ПК7,5537
261894,Пожарная охрана,Датчик дыма,"418-1.1.902.13.",Дым ПК7+7,5537
261895,Пожарная охрана,Датчик дыма,"418-1.1.902.14.",Дым ПК8+6,5537
261896,Пожарная охрана,Датчик дыма,"418-1.1.902.15.",Дым ПК9+2,5537
261897,Пожарная охрана,Датчик дыма,"418-1.1.902.16.",Дым ПК10+3,5537
261898,Пожарная охрана,Датчик дыма,"418-1.1.902.17.",Дым ПК11+2,5537
261899,Пожарная охрана,Датчик дыма,"418-1.1.902.18.",Дым ПК12+1,5537
261900,Пожарная охрана,Датчик дыма,"418-1.1.902.19.",Дым ПК13 ур2,5537
261901,Пожарная охрана,Датчик дыма,"418-1.1.902.20.",Дым ПК13 ур2,5537
261902,Пожарная охрана,Датчик дыма,"418-1.1.902.21.",Дым ПК13+3 ур2,5537
261904,Пожарная охрана,Датчик дыма,"418-1.1.902.23.",Дым ПК13+6,5537
261903,Пожарная охрана,Датчик дыма,"418-1.1.902.22.",Дым ПК13+6 ур2,5537
261905,Пожарная охрана,Датчик дыма,"418-1.1.902.24.",Дым ПК14+1,5537
261906,Пожарная охрана,Датчик дыма,"418-1.1.902.25.",Дым ПК15,5537
261907,Пожарная охрана,Датчик дыма,"418-1.1.902.26.",Дым ПК15+7,5537
261908,Пожарная охрана,Датчик дыма,"418-1.1.902.27.",Дым ПК16+7,5537
261909,Пожарная охрана,Датчик дыма,"418-1.1.902.28.",Дым ПК17+4,5537
261910,Пожарная охрана,Датчик дыма,"418-1.1.902.29.",Дым ПК18+3,5537
261911,Пожарная охрана,Датчик дыма,"418-1.1.902.30.",Дым ПК19+2,5537
261912,Пожарная охрана,Датчик дыма,"418-1.1.902.31.",Дым ПК20+1,5537
261913,Пожарная охрана,Датчик дыма,"418-1.1.902.32.",Дым ПК21,5537
261914,Пожарная охрана,Датчик дыма,"418-1.1.902.33.",Дым ПК21+8,5537
261915,Пожарная охрана,Датчик дыма,"418-1.1.902.34.",Дым ПК22+5,5537
261916,Пожарная охрана,Датчик дыма,"418-1.1.902.35.",Дым ПК23+5,5537
261917,Пожарная охрана,Датчик дыма,"418-1.1.902.36.",Дым ПК24+3,5537
261918,Пожарная охрана,Датчик дыма,"418-1.1.902.37.",Дым ПК25+2,5537
261919,Пожарная охрана,Датчик дыма,"418-1.1.902.38.",Дым ПК26,5537
261920,Пожарная охрана,Датчик дыма,"418-1.1.902.39.",Дым ПК26+9,5537
261921,Пожарная охрана,Датчик дыма,"418-1.1.902.40.",Дым ПК27+8,5537
261922,Пожарная охрана,Датчик дыма,"418-1.1.902.41.",Дым ПК28+8,5537
261923,Пожарная охрана,Датчик дыма,"418-1.1.902.42.",Дым ПК28+8 ур2,5537
261924,Пожарная охрана,Датчик дыма,"418-1.1.902.43.",Дым ПК28+8 ур2,5537
261925,Пожарная охрана,Датчик дыма,"418-1.1.902.44.",Дым ПК28+8 ур2,5537
261926,Пожарная охрана,Датчик дыма,"418-1.1.902.45.",Дым ПК28+8 ур2,5537
261927,Пожарная охрана,Датчик дыма,"418-1.1.902.46.",Дым ПК28+8 щит,5537
261928,Пожарная охрана,Датчик дыма,"418-1.1.902.47.",Дым ПК28+8 щит,5537
261933,Пожарная охрана,Датчик дыма,"418-1.1.902.52.",Дым ПК29,5537
261929,Пожарная охрана,Датчик дыма,"418-1.1.902.48.",Дым ПК29 ур2,5537
261930,Пожарная охрана,Датчик дыма,"418-1.1.902.49.",Дым ПК29 ур2,5537
261931,Пожарная охрана,Датчик дыма,"418-1.1.902.50.",Дым ПК29 ур2,5537
261932,Пожарная охрана,Датчик дыма,"418-1.1.902.51.",Дым ПК29 ур2,5537
261934,Пожарная охрана,Датчик дыма,"418-1.1.902.53.",Дым ПК30,5537
261935,Пожарная охрана,Датчик дыма,"418-1.1.902.54.",Дым ПК30+9,5537
261936,Пожарная охрана,Датчик дыма,"418-1.1.902.55.",Дым ПК31+7,5537
261937,Пожарная охрана,Датчик дыма,"418-1.1.902.56.",Дым ПК32+6,5537
261938,Пожарная охрана,Датчик дыма,"418-1.1.902.57.",Дым ПК33+3,5537
261939,Пожарная охрана,Датчик дыма,"418-1.1.902.58.",Дым ПК34+1,5537
261940,Пожарная охрана,Датчик дыма,"418-1.1.902.59.",Дым ПК35+1,5537
261941,Пожарная охрана,Датчик дыма,"418-1.1.902.60.",Дым ПК35+9,5537
261942,Пожарная охрана,Датчик дыма,"418-1.1.902.61.",Дым ПК36+8,5537
261943,Пожарная охрана,Датчик дыма,"418-1.1.902.62.",Дым ПК37+7,5537
261944,Пожарная охрана,Датчик дыма,"418-1.1.902.63.",Дым ПК38+6,5537
261945,Пожарная охрана,Датчик дыма,"418-1.1.902.64.",Дым ПК39+3,5537
261946,Пожарная охрана,Датчик дыма,"418-1.1.902.65.",Дым ПК40+2,5537
261947,Пожарная охрана,Датчик дыма,"418-1.1.902.66.",Дым ПК41,5537
261948,Пожарная охрана,Датчик дыма,"418-1.1.902.67.",Дым ПК42+4 ур3,5537
261949,Пожарная охрана,Датчик дыма,"418-1.1.902.68.",Дым ПК42+6 ур3,5537
261953,Пожарная охрана,Датчик дыма,"418-1.1.902.72.",Дым ПК42+8 ур2,5537
261954,Пожарная охрана,Датчик дыма,"418-1.1.902.73.",Дым ПК42+8 ур2,5537
261950,Пожарная охрана,Датчик дыма,"418-1.1.902.69.",Дым ПК42+8 ур3,5537
261952,Пожарная охрана,Датчик дыма,"418-1.1.902.71.",Дым ПК42+8 ур3,5537
261951,Пожарная охрана,Датчик дыма,"418-1.1.902.70.",Дым ПК42+9 ур3,5537
261955,Пожарная охрана,Датчик дыма,"418-1.1.902.74.",Дым ПК44,5537
261956,Пожарная охрана,Датчик дыма,"418-1.1.902.75.",Дым ПК44+8,5537
261957,Пожарная охрана,Датчик дыма,"418-1.1.902.76.",Дым ПК45+7,5537
261958,Пожарная охрана,Датчик дыма,"418-1.1.902.77.",Дым ПК46+5,5537
261959,Пожарная охрана,Датчик дыма,"418-1.1.902.78.",Дым ПК47+4,5537
261960,Пожарная охрана,Датчик дыма,"418-1.1.902.79.",Дым ПК48+2,5537
261961,Пожарная охрана,Датчик дыма,"418-1.1.902.80.",Дым ПК49,5537
261966,Пожарная охрана,Датчик дыма,"418-1.1.903.1.",Дым ПК49+9,5537
261967,Пожарная охрана,Датчик дыма,"418-1.1.903.2.",Дым ПК50+8,5537
261968,Пожарная охрана,Датчик дыма,"418-1.1.903.3.",Дым ПК51+6,5537
261969,Пожарная охрана,Датчик дыма,"418-1.1.903.4.",Дым ПК52+5,5537
261970,Пожарная охрана,Датчик дыма,"418-1.1.903.5.",Дым ПК53+3,5537
261971,Пожарная охрана,Датчик дыма,"418-1.1.903.6.",Дым ПК54+2,5537
261972,Пожарная охрана,Датчик дыма,"418-1.1.903.7.",Дым ПК55+5,5537
261975,Пожарная охрана,Датчик дыма,"418-1.1.903.10.",Дым ПК55+5 ур2,5537
261976,Пожарная охрана,Датчик дыма,"418-1.1.903.11.",Дым ПК55+5 ур2,5537
261973,Пожарная охрана,Датчик дыма,"418-1.1.903.8.",Дым ПК55+5 ур2,5537
261974,Пожарная охрана,Датчик дыма,"418-1.1.903.9.",Дым ПК55+5 ур2,5537
261979,Пожарная охрана,Датчик дыма,"418-1.1.903.14.",Дым ПК55+8,5537
261977,Пожарная охрана,Датчик дыма,"418-1.1.903.12.",Дым ПК55+8 ур2,5537
261978,Пожарная охрана,Датчик дыма,"418-1.1.903.13.",Дым ПК55+8 ур2,5537
261980,Пожарная охрана,Датчик дыма,"418-1.1.903.15.",Дым ПК56+2,5537
261981,Пожарная охрана,Датчик дыма,"418-1.1.903.16.",Дым ПК57,5537
261982,Пожарная охрана,Датчик дыма,"418-1.1.903.17.",Дым ПК57+8,5537
261983,Пожарная охрана,Датчик дыма,"418-1.1.903.18.",Дым ПК58+7,5537
261984,Пожарная охрана,Датчик дыма,"418-1.1.903.19.",Дым ПК59+5,5537
261985,Пожарная охрана,Датчик дыма,"418-1.1.903.20.",Дым ПК60+4,5537
261986,Пожарная охрана,Датчик дыма,"418-1.1.903.21.",Дым ПК61+2,5537
261987,Пожарная охрана,Датчик дыма,"418-1.1.903.22.",Дым ПК62+1,5537
261988,Пожарная охрана,Датчик дыма,"418-1.1.903.23.",Дым ПК62+9,5537
261989,Пожарная охрана,Датчик дыма,"418-1.1.903.24.",Дым ПК63+7,5537
261990,Пожарная охрана,Датчик дыма,"418-1.1.903.25.",Дым ПК64+6,5537
261991,Пожарная охрана,Датчик дыма,"418-1.1.903.26.",Дым ПК65+5,5537
261992,Пожарная охрана,Датчик дыма,"418-1.1.903.27.",Дым ПК66+3,5537
261993,Пожарная охрана,Датчик дыма,"418-1.1.903.28.",Дым ПК67+3,5537
261994,Пожарная охрана,Датчик дыма,"418-1.1.903.29.",Дым ПК68+1,5537
261995,Пожарная охрана,Датчик дыма,"418-1.1.903.30.",Дым ПК68+9,5537
261996,Пожарная охрана,Датчик дыма,"418-1.1.903.31.",Дым ПК69+5,5537
261997,Пожарная охрана,Датчик дыма,"418-1.1.903.32.",Дым ПК69+5,5537
261998,Пожарная охрана,Датчик дыма,"418-1.1.903.33.",Дым ПК69+5,5537
261999,Пожарная охрана,Датчик дыма,"418-1.1.903.34.",Дым ПК69+5,5537
262000,Пожарная охрана,Датчик дыма,"418-1.1.903.35.",Дым ПК69+5,5537
262001,Пожарная охрана,Датчик дыма,"418-1.1.903.36.",Дым ПК69+7 ур3 ,5537
262003,Пожарная охрана,Датчик дыма,"418-1.1.903.38.",Дым ПК69+7 ур3,5537
262005,Пожарная охрана,Датчик дыма,"418-1.1.903.40.",Дым ПК69+9 ур2,5537
262006,Пожарная охрана,Датчик дыма,"418-1.1.903.41.",Дым ПК69+9 ур2,5537
262002,Пожарная охрана,Датчик дыма,"418-1.1.903.37.",Дым ПК69+9 ур3,5537
262004,Пожарная охрана,Датчик дыма,"418-1.1.903.39.",Дым ПК69+9 ур3,5537
262007,Пожарная охрана,Датчик дыма,"418-1.1.903.42.",Дым ПК71+2,5537
262008,Пожарная охрана,Датчик дыма,"418-1.1.903.43.",Дым ПК72,5537
262009,Пожарная охрана,Датчик дыма,"418-1.1.903.44.",Дым ПК72+8,5537
262010,Пожарная охрана,Датчик дыма,"418-1.1.903.45.",Дым ПК73+6,5537
262011,Пожарная охрана,Датчик дыма,"418-1.1.903.46.",Дым ПК74+5,5537
262012,Пожарная охрана,Датчик дыма,"418-1.1.903.47.",Дым ПК75+3,5537
262013,Пожарная охрана,Датчик дыма,"418-1.1.903.48.",Дым ПК76+3,5537
262014,Пожарная охрана,Датчик дыма,"418-1.1.903.49.",Дым ПК77,5537
262015,Пожарная охрана,Датчик дыма,"418-1.1.903.50.",Дым ПК77+8,5537
262016,Пожарная охрана,Датчик дыма,"418-1.1.903.51.",Дым ПК78+7,5537
262017,Пожарная охрана,Датчик дыма,"418-1.1.903.52.",Дым ПК79+6,5537
262018,Пожарная охрана,Датчик дыма,"418-1.1.903.53.",Дым ПК80+5,5537
262019,Пожарная охрана,Датчик дыма,"418-1.1.903.54.",Дым ПК81+3,5537
262020,Пожарная охрана,Датчик дыма,"418-1.1.903.55.",Дым ПК81+7,5537
262021,Пожарная охрана,Датчик дыма,"418-1.1.903.56.",Дым ПК81+7 ур2,5537
262022,Пожарная охрана,Датчик дыма,"418-1.1.903.57.",Дым ПК81+7 ур2,5537
262023,Пожарная охрана,Датчик дыма,"418-1.1.903.58.",Дым ПК81+7 ур2,5537
262024,Пожарная охрана,Датчик дыма,"418-1.1.903.59.",Дым ПК81+7 ур2,5537
262028,Пожарная охрана,Датчик дыма,"418-1.1.903.63.",Дым ПК82,5537
262025,Пожарная охрана,Датчик дыма,"418-1.1.903.60.",Дым ПК82 ур2,5537
262026,Пожарная охрана,Датчик дыма,"418-1.1.903.61.",Дым ПК82 ур2,5537
262027,Пожарная охрана,Датчик дыма,"418-1.1.903.62.",Дым ПК82 ур2,5537
262029,Пожарная охрана,Датчик дыма,"418-1.1.903.64.",Дым ПК83+2,5537
262030,Пожарная охрана,Датчик дыма,"418-1.1.903.65.",Дым ПК84,5537
262031,Пожарная охрана,Датчик дыма,"418-1.1.903.66.",Дым ПК84+8,5537
262032,Пожарная охрана,Датчик дыма,"418-1.1.903.67.",Дым ПК85+7,5537
262033,Пожарная охрана,Датчик дыма,"418-1.1.903.68.",Дым ПК86+5,5537
262034,Пожарная охрана,Датчик дыма,"418-1.1.903.69.",Дым ПК87+4,5537
262035,Пожарная охрана,Датчик дыма,"418-1.1.903.70.",Дым ПК88+2,5537
262036,Пожарная охрана,Датчик дыма,"418-1.1.903.71.",Дым ПК89+1,5537
262037,Пожарная охрана,Датчик дыма,"418-1.1.903.72.",Дым ПК89+9,5537
262038,Пожарная охрана,Датчик дыма,"418-1.1.903.73.",Дым ПК90+8,5537
262039,Пожарная охрана,Датчик дыма,"418-1.1.903.74.",Дым ПК91+6,5537
262040,Пожарная охрана,Датчик дыма,"418-1.1.903.75.",Дым ПК92+5,5537
262041,Пожарная охрана,Датчик дыма,"418-1.1.903.76.",Дым ПК93+1,5537
262058,Пожарная охрана,Датчик дыма,"418-1.1.904.13.",Дым ПК100+2,5537
262059,Пожарная охрана,Датчик дыма,"418-1.1.904.14.",Дым ПК101+2,5537
262060,Пожарная охрана,Датчик дыма,"418-1.1.904.15.",Дым ПК102,5537
262061,Пожарная охрана,Датчик дыма,"418-1.1.904.16.",Дым ПК102+8,5537
262062,Пожарная охрана,Датчик дыма,"418-1.1.904.17.",Дым ПК103+7,5537
262063,Пожарная охрана,Датчик дыма,"418-1.1.904.18.",Дым ПК104+6,5537
262064,Пожарная охрана,Датчик дыма,"418-1.1.904.19.",Дым ПК105+3,5537
262065,Пожарная охрана,Датчик дыма,"418-1.1.904.20.",Дым ПК106,5537
262066,Пожарная охрана,Датчик дыма,"418-1.1.904.21.",Дым ПК106 ур2,5537
262067,Пожарная охрана,Датчик дыма,"418-1.1.904.22.",Дым ПК106 ур2,5537
262068,Пожарная охрана,Датчик дыма,"418-1.1.904.23.",Дым ПК106 ур2,5537
262069,Пожарная охрана,Датчик дыма,"418-1.1.904.24.",Дым ПК106 ур2,5537
262070,Пожарная охрана,Датчик дыма,"418-1.1.904.25.",Дым ПК106+3,5537
262071,Пожарная охрана,Датчик дыма,"418-1.1.904.26.",Дым ПК106+3,5537
262072,Пожарная охрана,Датчик дыма,"418-1.1.904.27.",Дым ПК106+3,5537
262073,Пожарная охрана,Датчик дыма,"418-1.1.904.28.",Дым ПК107+2,5537
262074,Пожарная охрана,Датчик дыма,"418-1.1.904.29.",Дым ПК108,5537
262075,Пожарная охрана,Датчик дыма,"418-1.1.904.30.",Дым ПК108+8,5537
262076,Пожарная охрана,Датчик дыма,"418-1.1.904.31.",Дым ПК109+5,5537
262077,Пожарная охрана,Датчик дыма,"418-1.1.904.32.",Дым ПК110+3,5537
262078,Пожарная охрана,Датчик дыма,"418-1.1.904.33.",Дым ПК111+3,5537
262079,Пожарная охрана,Датчик дыма,"418-1.1.904.34.",Дым ПК112+2,5537
262080,Пожарная охрана,Датчик дыма,"418-1.1.904.35.",Дым ПК113+1,5537
262081,Пожарная охрана,Датчик дыма,"418-1.1.904.36.",Дым ПК113+9,5537
262082,Пожарная охрана,Датчик дыма,"418-1.1.904.37.",Дым ПК114+7,5537
262083,Пожарная охрана,Датчик дыма,"418-1.1.904.38.",Дым ПК115+6,5537
262084,Пожарная охрана,Датчик дыма,"418-1.1.904.39.",Дым ПК116+5,5537
262085,Пожарная охрана,Датчик дыма,"418-1.1.904.40.",Дым ПК117+2,5537
262086,Пожарная охрана,Датчик дыма,"418-1.1.904.41.",Дым ПК118+2,5537
262087,Пожарная охрана,Датчик дыма,"418-1.1.904.42.",Дым ПК119+1,5537
262088,Пожарная охрана,Датчик дыма,"418-1.1.904.43.",Дым ПК119+9,5537
262089,Пожарная охрана,Датчик дыма,"418-1.1.904.44.",Дым ПК120+8,5537
262090,Пожарная охрана,Датчик дыма,"418-1.1.904.45.",Дым ПК122,5537
262091,Пожарная охрана,Датчик дыма,"418-1.1.904.46.",Дым ПК122 ур2,5537
262092,Пожарная охрана,Датчик дыма,"418-1.1.904.47.",Дым ПК122 ур2,5537
262093,Пожарная охрана,Датчик дыма,"418-1.1.904.48.",Дым ПК122 ур2,5537
262094,Пожарная охрана,Датчик дыма,"418-1.1.904.49.",Дым ПК122 ур2,5537
262097,Пожарная охрана,Датчик дыма,"418-1.1.904.52.",Дым ПК122+5,5537
262095,Пожарная охрана,Датчик дыма,"418-1.1.904.50.",Дым ПК122+5 ур2,5537
262096,Пожарная охрана,Датчик дыма,"418-1.1.904.51.",Дым ПК122+5 ур2,5537
262098,Пожарная охрана,Датчик дыма,"418-1.1.904.53.",Дым ПК123+1,5537
262102,Пожарная охрана,Датчик дыма,"418-1.1.904.57.",Дым ПК123+6,5537
262099,Пожарная охрана,Датчик дыма,"418-1.1.904.54.",Дым ПК124,5537
262100,Пожарная охрана,Датчик дыма,"418-1.1.904.55.",Дым ПК124+8,5537
262101,Пожарная охрана,Датчик дыма,"418-1.1.904.56.",Дым ПК125+6,5537
262103,Пожарная охрана,Датчик дыма,"418-1.1.904.58.",Дым ПК128+2 ур2,5537
262105,Пожарная охрана,Датчик дыма,"418-1.1.904.60.",Дым ПК128+2 ур2,5537
262107,Пожарная охрана,Датчик дыма,"418-1.1.904.62.",Дым ПК128+5,5537
262104,Пожарная охрана,Датчик дыма,"418-1.1.904.59.",Дым ПК128+6 ур2,5537
262106,Пожарная охрана,Датчик дыма,"418-1.1.904.61.",Дым ПК128+6 ур2,5537
262108,Пожарная охрана,Датчик дыма,"418-1.1.904.63.",Дым ПК129+1,5537
262109,Пожарная охрана,Датчик дыма,"418-1.1.904.64.",Дым ПК129+9,5537
262110,Пожарная охрана,Датчик дыма,"418-1.1.904.65.",Дым ПК130+6,5537
262111,Пожарная охрана,Датчик дыма,"418-1.1.904.66.",Дым ПК131+3,5537
262112,Пожарная охрана,Датчик дыма,"418-1.1.904.67.",Дым ПК132+3,5537
262113,Пожарная охрана,Датчик дыма,"418-1.1.904.68.",Дым ПК133+2,5537
262114,Пожарная охрана,Датчик дыма,"418-1.1.904.69.",Дым ПК134+1,5537
262115,Пожарная охрана,Датчик дыма,"418-1.1.904.70.",Дым ПК134+9,5537
262116,Пожарная охрана,Датчик дыма,"418-1.1.904.71.",Дым ПК135+8,5537
262117,Пожарная охрана,Датчик дыма,"418-1.1.904.72.",Дым ПК136+5,5537
262118,Пожарная охрана,Датчик дыма,"418-1.1.904.73.",Дым ПК137+4,5537
262119,Пожарная охрана,Датчик дыма,"418-1.1.904.74.",Дым ПК137+9,5537
262120,Пожарная охрана,Датчик дыма,"418-1.1.904.75.",Дым ПК138 ур2,5537
262121,Пожарная охрана,Датчик дыма,"418-1.1.904.76.",Дым ПК138 ур2,5537
262126,Пожарная охрана,Датчик дыма,"418-1.1.904.81.",Дым ПК138 ур2,5537
262127,Пожарная охрана,Датчик дыма,"418-1.1.904.82.",Дым ПК138 ур2,5537
262122,Пожарная охрана,Датчик дыма,"418-1.1.904.77.",Дым ПК138+3 ур2,5537
262123,Пожарная охрана,Датчик дыма,"418-1.1.904.78.",Дым ПК138+3 ур2,5537
262124,Пожарная охрана,Датчик дыма,"418-1.1.904.79.",Дым ПК138+3 ур2,5537
262125,Пожарная охрана,Датчик дыма,"418-1.1.904.80.",Дым ПК138+3 ур2,5537
262046,Пожарная охрана,Датчик дыма,"418-1.1.904.1.",Дым ПК93+3,5537
262047,Пожарная охрана,Датчик дыма,"418-1.1.904.2.",Дым ПК93+5,5537
262048,Пожарная охрана,Датчик дыма,"418-1.1.904.3.",Дым ПК93+5,5537
262049,Пожарная охрана,Датчик дыма,"418-1.1.904.4.",Дым ПК93+9,5537
262050,Пожарная охрана,Датчик дыма,"418-1.1.904.5.",Дым ПК93+9,5537
262051,Пожарная охрана,Датчик дыма,"418-1.1.904.6.",Дым ПК94+3,5537
262052,Пожарная охрана,Датчик дыма,"418-1.1.904.7.",Дым ПК95+1,5537
262053,Пожарная охрана,Датчик дыма,"418-1.1.904.8.","Дым ПК95+9,5",5537
262054,Пожарная охрана,Датчик дыма,"418-1.1.904.9.",Дым ПК96+9,5537
262055,Пожарная охрана,Датчик дыма,"418-1.1.904.10.",Дым ПК97+7,5537
262056,Пожарная охрана,Датчик дыма,"418-1.1.904.11.",Дым ПК98+5,5537
262057,Пожарная охрана,Датчик дыма,"418-1.1.904.12.",Дым ПК99+4,5537
262142,Пожарная охрана,Датчик дыма,"418-1.1.906.1.",Дым ПК138+3,5537
262143,Пожарная охрана,Датчик дыма,"418-1.1.906.2.",Дым ПК139+1,5537
262144,Пожарная охрана,Датчик дыма,"418-1.1.906.3.",Дым ПК140,5537
262145,Пожарная охрана,Датчик дыма,"418-1.1.906.4.",Дым ПК140+8,5537
262146,Пожарная охрана,Датчик дыма,"418-1.1.906.5.",Дым ПК141+7,5537
262147,Пожарная охрана,Датчик дыма,"418-1.1.906.6.",Дым ПК142+2,5537
262148,Пожарная охрана,Датчик дыма,"418-1.1.906.7.",Дым ПК143+4,5537
262149,Пожарная охрана,Датчик дыма,"418-1.1.906.8.",Дым ПК144+2,5537
262150,Пожарная охрана,Датчик дыма,"418-1.1.906.9.",Дым ПК145+1,5537
262151,Пожарная охрана,Датчик дыма,"418-1.1.906.10.",Дым ПК146,5537
262152,Пожарная охрана,Датчик дыма,"418-1.1.906.11.",Дым ПК147+1,5537
262153,Пожарная охрана,Датчик дыма,"418-1.1.906.12.",Дым ПК147+1 ур2,5537
262154,Пожарная охрана,Датчик дыма,"418-1.1.906.13.",Дым ПК147+1 ур2,5537
262155,Пожарная охрана,Датчик дыма,"418-1.1.906.14.",Дым ПК147+3 ур2,5537
262156,Пожарная охрана,Датчик дыма,"418-1.1.906.15.",Дым ПК147+3 ур2,5537
262157,Пожарная охрана,Датчик дыма,"418-1.1.906.16.",Дым ПК147+5 ур2,5537
262158,Пожарная охрана,Датчик дыма,"418-1.1.906.17.",Дым ПК147+5 ур2,5537
262159,Пожарная охрана,Датчик дыма,"418-1.1.906.18.",Дым ПК147+7,5537
262160,Пожарная охрана,Датчик дыма,"418-1.1.906.19.",Дым ПК148+1,5537
262161,Пожарная охрана,Датчик дыма,"418-1.1.906.20.",Дым ПК149,5537
262162,Пожарная охрана,Датчик дыма,"418-1.1.906.21.",Дым ПК149+9,5537
262163,Пожарная охрана,Датчик дыма,"418-1.1.906.22.",Дым ПК150+8,5537
262164,Пожарная охрана,Датчик дыма,"418-1.1.906.23.",Дым ПК151+6,5537
262165,Пожарная охрана,Датчик дыма,"418-1.1.906.24.",Дым ПК152+3,5537
262166,Пожарная охрана,Датчик дыма,"418-1.1.906.25.",Дым ПК153+2,5537
262167,Пожарная охрана,Датчик дыма,"418-1.1.906.26.",Дым ПК154,5537
262168,Пожарная охрана,Датчик дыма,"418-1.1.906.27.",Дым ПК154+9,5537
262169,Пожарная охрана,Датчик дыма,"418-1.1.906.28.",Дым ПК155+8,5537
262170,Пожарная охрана,Датчик дыма,"418-1.1.906.29.",Дым ПК156+8,5537
262713,Пожарная охрана,Состояние УИР-Р,"418-1.1.458.1.",УСРСБ ПК70 ур.1,5537
262509,Пожарная охрана,Датчик дыма,"418-1.1.912.20.",Дым ПК343,5539
262510,Пожарная охрана,Датчик дыма,"418-1.1.912.21.",Дым ПК343,5539
262511,Пожарная охрана,Датчик дыма,"418-1.1.912.22.",Дым ПК343,5539
262512,Пожарная охрана,Датчик дыма,"418-1.1.912.23.",Дым ПК343,5539
262513,Пожарная охрана,Датчик дыма,"418-1.1.912.24.",Дым ПК343,5539
262514,Пожарная охрана,Датчик дыма,"418-1.1.912.25.",Дым ПК343 Г1ПК0,5539
262515,Пожарная охрана,Датчик дыма,"418-1.1.912.26.",Дым ПК343 Г1ПК1,5539
262516,Пожарная охрана,Датчик дыма,"418-1.1.912.27.",Дым ПК344,5539
262517,Пожарная охрана,Датчик дыма,"418-1.1.912.28.",Дым ПК344,5539
262518,Пожарная охрана,Датчик дыма,"418-1.1.912.29.",Дым ПК344,5539
262519,Пожарная охрана,Датчик дыма,"418-1.1.912.30.",Дым ПК344,5539
262520,Пожарная охрана,Датчик дыма,"418-1.1.912.31.",Дым ПК344+3,5539
262521,Пожарная охрана,Датчик дыма,"418-1.1.912.32.",Дым ПК344+7,5539
262522,Пожарная охрана,Датчик дыма,"418-1.1.912.33.",Дым ПК344+8,5539
262523,Пожарная охрана,Датчик дыма,"418-1.1.912.34.","Дым ПК345+6,5",5539
262524,Пожарная охрана,Датчик дыма,"418-1.1.912.35.","Дым ПК346+4,5",5539
262525,Пожарная охрана,Датчик дыма,"418-1.1.912.36.",Дым ПК347+3,5539
262526,Пожарная охрана,Датчик дыма,"418-1.1.912.37.","Дым ПК348+1,5",5539
262527,Пожарная охрана,Датчик дыма,"418-1.1.912.38.",Дым ПК349,5539
262528,Пожарная охрана,Датчик дыма,"418-1.1.912.39.","Дым ПК349+8,5",5539
262529,Пожарная охрана,Датчик дыма,"418-1.1.912.40.",Дым ПК350+7,5539
262530,Пожарная охрана,Датчик дыма,"418-1.1.912.41.","Дым ПК351+5,5",5539
262531,Пожарная охрана,Датчик дыма,"418-1.1.912.42.",Дым ПК352+4,5539
262532,Пожарная охрана,Датчик дыма,"418-1.1.912.43.","Дым ПК353+2,5",5539
262533,Пожарная охрана,Датчик дыма,"418-1.1.912.44.",Дым ПК354+1,5539
262534,Пожарная охрана,Датчик дыма,"418-1.1.912.45.",Дым ПК355,5539
262536,Пожарная охрана,Датчик дыма,"418-1.1.912.47.",Дым ПК355 ур2 ,5539
262537,Пожарная охрана,Датчик дыма,"418-1.1.912.48.",Дым ПК355 ур2,5539
262538,Пожарная охрана,Датчик дыма,"418-1.1.912.49.",Дым ПК355+2 ур2,5539
262539,Пожарная охрана,Датчик дыма,"418-1.1.912.50.",Дым ПК355+2 ур2,5539
262540,Пожарная охрана,Датчик дыма,"418-1.1.912.51.",Дым ПК355+5 ур2,5539
262541,Пожарная охрана,Датчик дыма,"418-1.1.912.52.",Дым ПК355+5 ур2,5539
262535,Пожарная охрана,Датчик дыма,"418-1.1.912.46.",Дым ПК355+7 ур2,5539
262544,Пожарная охрана,Датчик дыма,"418-1.1.912.55.",Дым ПК355+8,5539
262542,Пожарная охрана,Датчик дыма,"418-1.1.912.53.",Дым ПК355+8 ур2,5539
262543,Пожарная охрана,Датчик дыма,"418-1.1.912.54.",Дым ПК355+9 ур2,5539
262545,Пожарная охрана,Датчик дыма,"418-1.1.912.56.",Дым ПК356+1,5539
262546,Пожарная охрана,Датчик дыма,"418-1.1.912.57.",Дым ПК357,5539
262547,Пожарная охрана,Датчик дыма,"418-1.1.912.58.",Дым ПК357+9,5539
262548,Пожарная охрана,Датчик дыма,"418-1.1.912.59.",Дым ПК358+7,5539
262549,Пожарная охрана,Датчик дыма,"418-1.1.912.60.",Дым ПК359+6,5539
262550,Пожарная охрана,Датчик дыма,"418-1.1.912.61.",Дым ПК360+3,5539
262551,Пожарная охрана,Датчик дыма,"418-1.1.912.62.",Дым ПК361+2,5539
262552,Пожарная охрана,Датчик дыма,"418-1.1.912.63.",Дым ПК362+1,5539
262553,Пожарная охрана,Датчик дыма,"418-1.1.912.64.",Дым ПК362+9,5539
262554,Пожарная охрана,Датчик дыма,"418-1.1.912.65.",Дым ПК363+8,5539
262555,Пожарная охрана,Датчик дыма,"418-1.1.912.66.",Дым ПК364+8,5539
262556,Пожарная охрана,Датчик дыма,"418-1.1.912.67.",Дым ПК365+1 ур2,5539
262557,Пожарная охрана,Датчик дыма,"418-1.1.912.68.",Дым ПК365+2 ур2,5539
262558,Пожарная охрана,Датчик дыма,"418-1.1.912.69.",Дым ПК365+3 ур2,5539
262559,Пожарная охрана,Датчик дыма,"418-1.1.912.70.",Дым ПК365+6,5539
262560,Пожарная охрана,Датчик дыма,"418-1.1.912.71.",Дым ПК366+4,5539
262561,Пожарная охрана,Датчик дыма,"418-1.1.912.72.",Дым ПК367+2,5539
262562,Пожарная охрана,Датчик дыма,"418-1.1.912.73.",Дым ПК368+1,5539
262563,Пожарная охрана,Датчик дыма,"418-1.1.912.74.",Дым ПК368+9,5539
262564,Пожарная охрана,Датчик дыма,"418-1.1.912.75.",Дым ПК369+8,5539
262565,Пожарная охрана,Датчик дыма,"418-1.1.912.76.",Дым ПК370+5,5539
262566,Пожарная охрана,Датчик дыма,"418-1.1.912.77.",Дым ПК371+4,5539
262567,Пожарная охрана,Датчик дыма,"418-1.1.912.78.",Дым ПК372+3,5539
262568,Пожарная охрана,Датчик дыма,"418-1.1.912.79.",Дым ПК373+3,5539
262569,Пожарная охрана,Датчик дыма,"418-1.1.912.80.",Дым ПК373+3 ур2,5539
262570,Пожарная охрана,Датчик дыма,"418-1.1.912.81.",Дым ПК373+3 ур2,5539
262571,Пожарная охрана,Датчик дыма,"418-1.1.912.82.",Дым ПК373+3 ур2,5539
262572,Пожарная охрана,Датчик дыма,"418-1.1.912.83.",Дым ПК373+5 ур2,5539
262573,Пожарная охрана,Датчик дыма,"418-1.1.912.84.",Дым ПК373+5 ур2,5539
262574,Пожарная охрана,Датчик дыма,"418-1.1.912.85.",Дым ПК373+5 ур2,5539
262579,Пожарная охрана,Датчик дыма,"418-1.1.913.1.",Дым ПК374,5539
262580,Пожарная охрана,Датчик дыма,"418-1.1.913.2.",Дым ПК375+2,5539
262581,Пожарная охрана,Датчик дыма,"418-1.1.913.3.",Дым ПК376,5539
262582,Пожарная охрана,Датчик дыма,"418-1.1.913.4.",Дым ПК376+9,5539
262583,Пожарная охрана,Датчик дыма,"418-1.1.913.5.",Дым ПК377+9,5539
262584,Пожарная охрана,Датчик дыма,"418-1.1.913.6.",Дым ПК378+7,5539
262585,Пожарная охрана,Датчик дыма,"418-1.1.913.7.",Дым ПК379+4,5539
262586,Пожарная охрана,Датчик дыма,"418-1.1.913.8.",Дым ПК380+3,5539
262587,Пожарная охрана,Датчик дыма,"418-1.1.913.9.",Дым ПК381+1,5539
262588,Пожарная охрана,Датчик дыма,"418-1.1.913.10.",Дым ПК381+9,5539
262589,Пожарная охрана,Датчик дыма,"418-1.1.913.11.",Дым ПК382+8,5539
262590,Пожарная охрана,Датчик дыма,"418-1.1.913.12.",Дым ПК383+7,5539
262591,Пожарная охрана,Датчик дыма,"418-1.1.913.13.",Дым ПК384+4,5539
262592,Пожарная охрана,Датчик дыма,"418-1.1.913.14.",Дым ПК385,5539
262593,Пожарная охрана,Датчик дыма,"418-1.1.913.15.",Дым ПК385 ур2,5539
262594,Пожарная охрана,Датчик дыма,"418-1.1.913.16.",Дым ПК385 ур2,5539
262595,Пожарная охрана,Датчик дыма,"418-1.1.913.17.",Дым ПК385 ур2,5539
262599,Пожарная охрана,Датчик дыма,"418-1.1.913.21.",Дым ПК385+2,5539
262596,Пожарная охрана,Датчик дыма,"418-1.1.913.18.",Дым ПК385+2 ур2,5539
262597,Пожарная охрана,Датчик дыма,"418-1.1.913.19.",Дым ПК385+2 ур2,5539
262598,Пожарная охрана,Датчик дыма,"418-1.1.913.20.",Дым ПК385+2 ур2,5539
262600,Пожарная охрана,Датчик дыма,"418-1.1.913.22.",Дым ПК386+1,5539
262601,Пожарная охрана,Датчик дыма,"418-1.1.913.23.",Дым ПК386+9,5539
262602,Пожарная охрана,Датчик дыма,"418-1.1.913.24.",Дым ПК387+9,5539
262603,Пожарная охрана,Датчик дыма,"418-1.1.913.25.",Дым ПК388+7,5539
262604,Пожарная охрана,Датчик дыма,"418-1.1.913.26.",Дым ПК389+3,5539
262605,Пожарная охрана,Датчик дыма,"418-1.1.913.27.",Дым ПК390+3,5539
262606,Пожарная охрана,Датчик дыма,"418-1.1.913.28.",Дым ПК391+1,5539
262607,Пожарная охрана,Датчик дыма,"418-1.1.913.29.",Дым ПК392+1,5539
262608,Пожарная охрана,Датчик дыма,"418-1.1.913.30.",Дым ПК392+9,5539
262609,Пожарная охрана,Датчик дыма,"418-1.1.913.31.",Дым ПК394,5539
262610,Пожарная охрана,Датчик дыма,"418-1.1.913.32.",Дым ПК394 ур2,5539
262611,Пожарная охрана,Датчик дыма,"418-1.1.913.33.",Дым ПК394 ур2,5539
262612,Пожарная охрана,Датчик дыма,"418-1.1.913.34.",Дым ПК394 ур2,5539
262616,Пожарная охрана,Датчик дыма,"418-1.1.913.38.",Дым ПК394+5,5539
262613,Пожарная охрана,Датчик дыма,"418-1.1.913.35.",Дым ПК394+5 ур2,5539
262614,Пожарная охрана,Датчик дыма,"418-1.1.913.36.",Дым ПК394+5 ур2,5539
262615,Пожарная охрана,Датчик дыма,"418-1.1.913.37.",Дым ПК394+5 ур2,5539
262617,Пожарная охрана,Датчик дыма,"418-1.1.913.39.",Дым ПК395+1,5539
262618,Пожарная охрана,Датчик дыма,"418-1.1.913.40.",Дым ПК396,5539
262619,Пожарная охрана,Датчик дыма,"418-1.1.913.41.",Дым ПК396+9,5539
262620,Пожарная охрана,Датчик дыма,"418-1.1.913.42.",Дым ПК397+7,5539
262621,Пожарная охрана,Датчик дыма,"418-1.1.913.43.",Дым ПК398+7,5539
262622,Пожарная охрана,Датчик дыма,"418-1.1.913.44.",Дым ПК399+4,5539
262623,Пожарная охрана,Датчик дыма,"418-1.1.913.45.",Дым ПК400+3,5539
262624,Пожарная охрана,Датчик дыма,"418-1.1.913.46.",Дым ПК401+1,5539
262625,Пожарная охрана,Датчик дыма,"418-1.1.913.47.",Дым ПК401+9,5539
262626,Пожарная охрана,Датчик дыма,"418-1.1.913.48.",Дым ПК402+8,5539
262627,Пожарная охрана,Датчик дыма,"418-1.1.913.49.",Дым ПК403+8,5539
262628,Пожарная охрана,Датчик дыма,"418-1.1.913.50.",Дым ПК403+8 ур2,5539
262629,Пожарная охрана,Датчик дыма,"418-1.1.913.51.",Дым ПК403+8 ур2,5539
262630,Пожарная охрана,Датчик дыма,"418-1.1.913.52.",Дым ПК403+8 ур2,5539
262634,Пожарная охрана,Датчик дыма,"418-1.1.913.56.",Дым ПК404,5539
262631,Пожарная охрана,Датчик дыма,"418-1.1.913.53.",Дым ПК404 ур2,5539
262632,Пожарная охрана,Датчик дыма,"418-1.1.913.54.",Дым ПК404 ур2,5539
262633,Пожарная охрана,Датчик дыма,"418-1.1.913.55.",Дым ПК404 ур2,5539
262635,Пожарная охрана,Датчик дыма,"418-1.1.913.57.",Дым ПК405+1,5539
262636,Пожарная охрана,Датчик дыма,"418-1.1.913.58.",Дым ПК406+1,5539
262637,Пожарная охрана,Датчик дыма,"418-1.1.913.59.",Дым ПК406+8,5539
262638,Пожарная охрана,Датчик дыма,"418-1.1.913.60.",Дым ПК407+7,5539
262639,Пожарная охрана,Датчик дыма,"418-1.1.913.61.",Дым ПК408+5,5539
262640,Пожарная охрана,Датчик дыма,"418-1.1.913.62.",Дым ПК409+4,5539
262641,Пожарная охрана,Датчик дыма,"418-1.1.913.63.",Дым ПК410+3,5539
262642,Пожарная охрана,Датчик дыма,"418-1.1.913.64.",Дым ПК411+1,5539
262643,Пожарная охрана,Датчик дыма,"418-1.1.913.65.",Дым ПК412,5539
262644,Пожарная охрана,Датчик дыма,"418-1.1.913.66.",Дым ПК412+8,5539
262645,Пожарная охрана,Датчик дыма,"418-1.1.913.67.",Дым ПК413+7,5539
262646,Пожарная охрана,Датчик дыма,"418-1.1.913.68.",Дым ПК413+7 ур2,5539
262647,Пожарная охрана,Датчик дыма,"418-1.1.913.69.",Дым ПК413+7 ур2,5539
262651,Пожарная охрана,Датчик дыма,"418-1.1.913.73.",Дым ПК414 Г1ПК0,5539
262652,Пожарная охрана,Датчик дыма,"418-1.1.913.74.",Дым ПК414 Г1ПК1+5,5539
262653,Пожарная охрана,Датчик дыма,"418-1.1.913.75.",Дым ПК414 Г1ПК2,5539
262654,Пожарная охрана,Датчик дыма,"418-1.1.913.76.",Дым ПК414 Г1ПК2,5539
262650,Пожарная охрана,Датчик дыма,"418-1.1.913.72.",Дым ПК414 ур2,5539
262649,Пожарная охрана,Датчик дыма,"418-1.1.913.71.",Дым ПК414+2 ур2,5539
262648,Пожарная охрана,Датчик дыма,"418-1.1.913.70.",Дым ПК414+4 ур2,5539
262660,Пожарная охрана,Датчик дыма,"418-1.1.914.2.",Дым ПК414,5539
262661,Пожарная охрана,Датчик дыма,"418-1.1.914.3.",Дым ПК415+2,5539
262662,Пожарная охрана,Датчик дыма,"418-1.1.914.4.",Дым ПК415+9,5539
262663,Пожарная охрана,Датчик дыма,"418-1.1.914.5.",Дым ПК416+8,5539
262664,Пожарная охрана,Датчик дыма,"418-1.1.914.6.",Дым ПК417+8,5539
262665,Пожарная охрана,Датчик дыма,"418-1.1.914.7.",Дым ПК418+5,5539
262669,Пожарная охрана,Датчик дыма,"418-1.1.914.11.",Дым ПК419+4,5539
262668,Пожарная охрана,Датчик дыма,"418-1.1.914.10.",Дым ПК419+4 ур2,5539
262666,Пожарная охрана,Датчик дыма,"418-1.1.914.8.",Дым ПК419+4 ур2,5539
262667,Пожарная охрана,Датчик дыма,"418-1.1.914.9.",Дым ПК419+4 ур2,5539
262670,Пожарная охрана,Датчик дыма,"418-1.1.914.12.",Дым ПК420+2,5539
262671,Пожарная охрана,Датчик дыма,"418-1.1.914.13.",Дым ПК421+1,5539
262672,Пожарная охрана,Датчик дыма,"418-1.1.914.14.",Дым ПК421+9,5539
262673,Пожарная охрана,Датчик дыма,"418-1.1.914.15.",Дым ПК422+6,5539
262674,Пожарная охрана,Датчик дыма,"418-1.1.914.16.",Дым ПК422+7,5539
262679,Пожарная охрана,Датчик дыма,"418-1.1.914.21.",Дым ПК423 ур2,5539
262680,Пожарная охрана,Датчик дыма,"418-1.1.914.22.",Дым ПК423 ур2,5539
262677,Пожарная охрана,Датчик дыма,"418-1.1.914.19.",Дым ПК423+2 ур3,5539
262678,Пожарная охрана,Датчик дыма,"418-1.1.914.20.",Дым ПК423+2 ур3,5539
262681,Пожарная охрана,Датчик дыма,"418-1.1.914.23.",Дым ПК423+4 ур2,5539
262682,Пожарная охрана,Датчик дыма,"418-1.1.914.24.",Дым ПК423+4 ур2,5539
262675,Пожарная охрана,Датчик дыма,"418-1.1.914.17.",Дым ПК423+4 ур3,5539
262676,Пожарная охрана,Датчик дыма,"418-1.1.914.18.",Дым ПК423+4 ур3,5539
262683,Пожарная охрана,Датчик дыма,"418-1.1.914.25.",Дым ПК424+2,5539
262684,Пожарная охрана,Датчик дыма,"418-1.1.914.26.",Дым ПК424+4,5539
262685,Пожарная охрана,Датчик дыма,"418-1.1.914.27.",Дым ПК424+6,5539
262686,Пожарная охрана,Датчик дыма,"418-1.1.914.28.","Дым ПК425+1,5",5539
262687,Пожарная охрана,Датчик дыма,"418-1.1.914.29.",Дым ПК426+1,5539
262688,Пожарная охрана,Датчик дыма,"418-1.1.914.30.",Дым ПК426+8,5539
262689,Пожарная охрана,Датчик дыма,"418-1.1.914.31.",Дым ПК427+8,5539
262690,Пожарная охрана,Датчик дыма,"418-1.1.914.32.",Дым ПК428+7,5539
262691,Пожарная охрана,Датчик дыма,"418-1.1.914.33.",Дым ПК429+3,5539
262692,Пожарная охрана,Датчик дыма,"418-1.1.914.34.",Дым ПК430+2,5539
262693,Пожарная охрана,Датчик дыма,"418-1.1.914.35.",Дым ПК431+1,5539
262694,Пожарная охрана,Датчик дыма,"418-1.1.914.36.",Дым ПК432,5539
262695,Пожарная охрана,Датчик дыма,"418-1.1.914.37.",Дым ПК432+5,5539
262696,Пожарная охрана,Датчик дыма,"418-1.1.914.38.",Дым ПК432+9,5539
262697,Пожарная охрана,Датчик дыма,"418-1.1.914.39.",Дым ПК433 ур2,5539
262698,Пожарная охрана,Датчик дыма,"418-1.1.914.40.",Дым ПК433 ур2,5539
262699,Пожарная охрана,Датчик дыма,"418-1.1.914.41.",Дым ПК433 ур2,5539
262700,Пожарная охрана,Датчик дыма,"418-1.1.914.42.",Дым ПК433+9,5539
262701,Пожарная охрана,Датчик дыма,"418-1.1.914.43.",Дым ПК434+5,5539
262702,Пожарная охрана,Датчик дыма,"418-1.1.914.44.",Дым ПК435+4,5539
262703,Пожарная охрана,Датчик дыма,"418-1.1.914.45.",Дым ПК436+2,5539
262659,Пожарная охрана,Датчик дыма,"418-1.1.914.1.",Дым ПК436+8,5539
262704,Пожарная охрана,Датчик дыма,"418-1.1.914.46.",Дым ПК437,5539
262705,Пожарная охрана,Датчик дыма,"418-1.1.914.47.",Дым ПК437,5539
262706,Пожарная охрана,Датчик дыма,"418-1.1.914.48.",Дым ПК437,5539
262707,Пожарная охрана,Датчик дыма,"418-1.1.914.49.",Дым ПК437,5539
262708,Пожарная охрана,Датчик дыма,"418-1.1.914.50.",Дым ПК437,5539
262719,Пожарная охрана,Состояние УИР-Р,"418-1.1.469.1.",УСРСБ ПК171 ур.1,5539
262725,Пожарная охрана,Состояние УИР-Р,"418-1.1.470.1.",УСРСБ ПК424 ур.3,5539
262731,Пожарная охрана,Состояние УИР-Р,"418-1.1.471.1.",УСРСБ ПК414 ГАЛ ПК3,5539
262737,Пожарная охрана,Состояние УИР-Р,"418-1.1.478.1.",УСРСБ ПК343,5539
261872,Охранная подсистема,КД Дверь,"418-1.1.251.1.",КД шкаф ПС щит. ПК28,5540
261873,Диагностическая подсистема,ИБП,"418-1.1.251.2.",АКБ шкаф ПС щит. ПК28,5540
262132,Охранная подсистема,КД Дверь,"418-1.1.255.1.",КД шкаф ПС щит. ПК157,5540
262133,Диагностическая подсистема,ИБП,"418-1.1.255.2.",АКБ шкаф ПС щит. ПК157,5540
262312,Охранная подсистема,КД Дверь,"418-1.1.258.1.",КД шкаф ПС щит. ПК260,5540
262313,Диагностическая подсистема,ИБП,"418-1.1.258.2.",АКБ шкаф ПС щит. ПК260,5540
278100,Пожарная охрана,Состояние УИР-Р,"884-1.1.449.2.",УСРСБ ПК730,5567
278106,Пожарная охрана,Состояние УИР-Р,"884-1.1.450.2.",УСРСБ ПК730 щит.,5567
278112,Пожарная охрана,Состояние УИР-Р,"884-1.1.451.2.",УСРСБ ПК736,5567
278118,Пожарная охрана,Состояние УИР-Р,"884-1.1.452.2.",УСРСБ ПК741,5567
278124,Пожарная охрана,Состояние УИР-Р,"884-1.1.453.2.",УСРСБ ПК746,5567
278130,Пожарная охрана,Состояние УИР-Р,"884-1.1.454.2.",УСРСБ ПК751,5567
278136,Пожарная охрана,Состояние УИР-Р,"884-1.1.455.2.",УСРСБ ПК756,5567
278142,Пожарная охрана,Состояние УИР-Р,"884-1.1.456.2.",УСРСБ ПК759,5567
278148,Пожарная охрана,Состояние УИР-Р,"884-1.1.457.2.",УСРСБ ПК764,5567
278154,Пожарная охрана,Состояние УИР-Р,"884-1.1.458.2.",УСРСБ ПК769,5567
278160,Пожарная охрана,Состояние УИР-Р,"884-1.1.459.2.",УСРСБ ПК774,5567
278166,Пожарная охрана,Состояние УИР-Р,"884-1.1.460.2.",УСРСБ ПК779,5567
278172,Пожарная охрана,Состояние УИР-Р,"884-1.1.461.2.",УСРСБ ПК784,5567
278178,Пожарная охрана,Состояние УИР-Р,"884-1.1.462.2.",УСРСБ ПК789,5567
278184,Пожарная охрана,Состояние УИР-Р,"884-1.1.463.2.",УСРСБ ПК794,5567
278190,Пожарная охрана,Состояние УИР-Р,"884-1.1.464.2.",УСРСБ ПК799,5567
278196,Пожарная охрана,Состояние УИР-Р,"884-1.1.465.2.",УСРСБ ПК804,5567
278202,Пожарная охрана,Состояние УИР-Р,"884-1.1.466.2.",УСРСБ ПК807,5567
278208,Пожарная охрана,Состояние УИР-Р,"884-1.1.467.2.",УСРСБ ПК812,5567
278214,Пожарная охрана,Состояние УИР-Р,"884-1.1.468.2.",УСРСБ ПК817,5567
278220,Пожарная охрана,Состояние УИР-Р,"884-1.1.469.2.",УСРСБ ПК822,5567
278226,Пожарная охрана,Состояние УИР-Р,"884-1.1.470.2.",УСРСБ ПК827,5567
278232,Пожарная охрана,Состояние УИР-Р,"884-1.1.471.2.",УСРСБ ПК833,5567
278238,Пожарная охрана,Состояние УИР-Р,"884-1.1.472.2.",УСРСБ ПК838,5567
278244,Пожарная охрана,Состояние УИР-Р,"884-1.1.473.2.",УСРСБ ПК843,5567
278250,Пожарная охрана,Состояние УИР-Р,"884-1.1.474.2.",УСРСБ ПК848,5567
278256,Пожарная охрана,Состояние УИР-Р,"884-1.1.475.2.",УСРСБ ПК853,5567
278262,Пожарная охрана,Состояние УИР-Р,"884-1.1.476.2.",УСРСБ ПК858,5567
278268,Пожарная охрана,Состояние УИР-Р,"884-1.1.477.2.",УСРСБ ПК863,5567
278376,Пожарная охрана,Датчик дыма,"884-1.1.954.36.",Дым ПК708 (маск.по тф),5567
278375,Пожарная охрана,Датчик дыма,"884-1.1.954.35.",Дым ПК709+1,5567
278374,Пожарная охрана,Датчик дыма,"884-1.1.954.34.",Дым ПК710,5567
278373,Пожарная охрана,Датчик дыма,"884-1.1.954.33.",Дым ПК710+9,5567
278372,Пожарная охрана,Датчик дыма,"884-1.1.954.32.",Дым ПК711+7,5567
278371,Пожарная охрана,Датчик дыма,"884-1.1.954.31.",Дым ПК712+5,5567
278370,Пожарная охрана,Датчик дыма,"884-1.1.954.30.",Дым ПК713+4,5567
278369,Пожарная охрана,Датчик дыма,"884-1.1.954.29.",Дым ПК714+1,5567
278368,Пожарная охрана,Датчик дыма,"884-1.1.954.28.",Дым ПК715,5567
278367,Пожарная охрана,Датчик дыма,"884-1.1.954.27.",Дым ПК715+9,5567
278366,Пожарная охрана,Датчик дыма,"884-1.1.954.26.",Дым ПК716+7,5567
278365,Пожарная охрана,Датчик дыма,"884-1.1.954.25.",Дым ПК717+4,5567
278364,Пожарная охрана,Датчик дыма,"884-1.1.954.24.",Дым ПК718+2,5567
278363,Пожарная охрана,Датчик дыма,"884-1.1.954.23.",Дым ПК718+9,5567
278362,Пожарная охрана,Датчик дыма,"884-1.1.954.22.",Дым ПК719+7,5567
278361,Пожарная охрана,Датчик дыма,"884-1.1.954.21.",Дым ПК720+8,5567
278360,Пожарная охрана,Датчик дыма,"884-1.1.954.20.",Дым ПК721,5567
278359,Пожарная охрана,Датчик дыма,"884-1.1.954.19.",Дым ПК722+1,5567
278358,Пожарная охрана,Датчик дыма,"884-1.1.954.18.",Дым ПК722+8,5567
278357,Пожарная охрана,Датчик дыма,"884-1.1.954.17.",Дым ПК723+4,5567
278356,Пожарная охрана,Датчик дыма,"884-1.1.954.16.",Дым ПК724+3,5567
278355,Пожарная охрана,Датчик дыма,"884-1.1.954.15.",Дым ПК724+9,5567
278354,Пожарная охрана,Датчик дыма,"884-1.1.954.14.",Дым ПК725+6,5567
278353,Пожарная охрана,Датчик дыма,"884-1.1.954.13.",Дым ПК726+6,5567
278352,Пожарная охрана,Датчик дыма,"884-1.1.954.12.",Дым ПК727,5567
278351,Пожарная охрана,Датчик дыма,"884-1.1.954.11.",Дым ПК727+9,5567
278274,Пожарная охрана,Состояние УИР-Р,"884-1.1.478.2.",УСРСБ Г1ПК7,5567
278350,Пожарная охрана,Датчик дыма,"884-1.1.954.10.",Дым ПК728+5,5567
278349,Пожарная охрана,Датчик дыма,"884-1.1.954.9.",Дым ПК729+2,5567
278377,Пожарная охрана,Датчик дыма,"884-1.1.954.37.",Дым ПК730,5567
278378,Пожарная охрана,Датчик дыма,"884-1.1.954.38.",Дым ПК730+6,5567
278379,Пожарная охрана,Датчик дыма,"884-1.1.954.39.",Дым ПК731+5,5567
278380,Пожарная охрана,Датчик дыма,"884-1.1.954.40.",Дым ПК732+5,5567
278381,Пожарная охрана,Датчик дыма,"884-1.1.954.41.",Дым ПК733+4,5567
278382,Пожарная охрана,Датчик дыма,"884-1.1.954.42.",Дым ПК734+1,5567
278383,Пожарная охрана,Датчик дыма,"884-1.1.954.43.",Дым ПК735,5567
278384,Пожарная охрана,Датчик дыма,"884-1.1.954.44.",Дым ПК735+9,5567
278385,Пожарная охрана,Датчик дыма,"884-1.1.954.45.",Дым ПК736+8,5567
278386,Пожарная охрана,Датчик дыма,"884-1.1.954.46.",Дым ПК737+7,5567
278387,Пожарная охрана,Датчик дыма,"884-1.1.954.47.",Дым ПК738+6,5567
278388,Пожарная охрана,Датчик дыма,"884-1.1.954.48.",Дым ПК739+5,5567
278389,Пожарная охрана,Датчик дыма,"884-1.1.954.49.",Дым ПК740+3,5567
278390,Пожарная охрана,Датчик дыма,"884-1.1.954.50.",Дым ПК741+5,5567
278391,Пожарная охрана,Датчик дыма,"884-1.1.954.51.",Дым ПК742,5567
278392,Пожарная охрана,Датчик дыма,"884-1.1.954.52.",Дым ПК742+9,5567
278393,Пожарная охрана,Датчик дыма,"884-1.1.954.53.",Дым ПК744,5567
278394,Пожарная охрана,Датчик дыма,"884-1.1.954.54.",Дым ПК744+8,5567
278395,Пожарная охрана,Датчик дыма,"884-1.1.954.55.",Дым ПК745+7,5567
278396,Пожарная охрана,Датчик дыма,"884-1.1.954.56.",Дым ПК746+6,5567
278397,Пожарная охрана,Датчик дыма,"884-1.1.954.57.",Дым ПК747+2,5567
278398,Пожарная охрана,Датчик дыма,"884-1.1.954.58.",Дым ПК748+3,5567
278399,Пожарная охрана,Датчик дыма,"884-1.1.954.59.",Дым ПК749+2,5567
278400,Пожарная охрана,Датчик дыма,"884-1.1.954.60.",Дым ПК750+1,5567
278401,Пожарная охрана,Датчик дыма,"884-1.1.954.61.",Дым ПК750+9,5567
278402,Пожарная охрана,Датчик дыма,"884-1.1.954.62.",Дым ПК751+6,5567
278403,Пожарная охрана,Датчик дыма,"884-1.1.954.63.",Дым ПК752+6,5567
278404,Пожарная охрана,Датчик дыма,"884-1.1.954.64.",Дым ПК753+6,5567
278405,Пожарная охрана,Датчик дыма,"884-1.1.954.65.",Дым ПК754+5,5567
278406,Пожарная охрана,Датчик дыма,"884-1.1.954.66.",Дым ПК755+7,5567
278407,Пожарная охрана,Датчик дыма,"884-1.1.954.67.",Дым ПК756+3,5567
278408,Пожарная охрана,Датчик дыма,"884-1.1.954.68.",Дым ПК758+2,5567
278409,Пожарная охрана,Датчик дыма,"884-1.1.954.69.",Дым ПК759+1,5567
278410,Пожарная охрана,Датчик дыма,"884-1.1.954.70.",Дым ПК759+9,5567
278345,Пожарная охрана,Датчик дыма,"884-1.1.954.5.",Дым1 ПК730 пом.1,5567
278343,Пожарная охрана,Датчик дыма,"884-1.1.954.3.",Дым1 ПК730 пом.2,5567
278341,Пожарная охрана,Датчик дыма,"884-1.1.954.1.",Дым1 ПК730 пом.3,5567
278347,Пожарная охрана,Датчик дыма,"884-1.1.954.7.",Дым1 ПК730 щит.,5567
278348,Пожарная охрана,Датчик дыма,"884-1.1.954.8.",Дым2 ПК730 щит.),5567
278346,Пожарная охрана,Датчик дыма,"884-1.1.954.6.",Дым2 ПК730 пом.1,5567
278344,Пожарная охрана,Датчик дыма,"884-1.1.954.4.",Дым2 ПК730 пом.2,5567
278342,Пожарная охрана,Датчик дыма,"884-1.1.954.2.",Дым2 ПК730 пом.3,5567
278452,Пожарная охрана,Датчик дыма,"884-1.1.958.37.",Дым ПК760,5567
278451,Пожарная охрана,Датчик дыма,"884-1.1.958.36.",Дым ПК761+9,5567
278450,Пожарная охрана,Датчик дыма,"884-1.1.958.35.",Дым ПК762+8,5567
278449,Пожарная охрана,Датчик дыма,"884-1.1.958.34.",Дым ПК763+7,5567
278448,Пожарная охрана,Датчик дыма,"884-1.1.958.33.",Дым ПК764+5,5567
278447,Пожарная охрана,Датчик дыма,"884-1.1.958.32.",Дым ПК765+4,5567
278446,Пожарная охрана,Датчик дыма,"884-1.1.958.31.",Дым ПК766+1,5567
278445,Пожарная охрана,Датчик дыма,"884-1.1.958.30.",Дым ПК767,5567
278444,Пожарная охрана,Датчик дыма,"884-1.1.958.29.",Дым ПК767+9,5567
278443,Пожарная охрана,Датчик дыма,"884-1.1.958.28.",Дым ПК768+5,5567
278442,Пожарная охрана,Датчик дыма,"884-1.1.958.27.",Дым ПК769+4,5567
278441,Пожарная охрана,Датчик дыма,"884-1.1.958.26.",Дым ПК770+6,5567
278440,Пожарная охрана,Датчик дыма,"884-1.1.958.25.",Дым ПК771+2,5567
278439,Пожарная охрана,Датчик дыма,"884-1.1.958.24.",Дым ПК772,5567
278438,Пожарная охрана,Датчик дыма,"884-1.1.958.23.",Дым ПК772+9,5567
278437,Пожарная охрана,Датчик дыма,"884-1.1.958.22.",Дым ПК773+7,5567
278280,Пожарная охрана,Состояние УИР-Р,"884-1.1.479.2.",УСРСБ Г1ПК10,5567
278436,Пожарная охрана,Датчик дыма,"884-1.1.958.21.",Дым ПК774+3,5567
278433,Пожарная охрана,Датчик дыма,"884-1.1.958.18.",Дым ПК774+7,5567
278432,Пожарная охрана,Датчик дыма,"884-1.1.958.17.",Дым ПК775,5567
278434,Пожарная охрана,Датчик дыма,"884-1.1.958.19.",Дым ПК775+3,5567
278435,Пожарная охрана,Датчик дыма,"884-1.1.958.20.",Дым ПК775+9,5567
278431,Пожарная охрана,Датчик дыма,"884-1.1.958.16.",Дым ПК776+1,5567
278430,Пожарная охрана,Датчик дыма,"884-1.1.958.15.",Дым ПК776+9,5567
278429,Пожарная охрана,Датчик дыма,"884-1.1.958.14.",Дым ПК777+6,5567
278428,Пожарная охрана,Датчик дыма,"884-1.1.958.13.",Дым ПК778+1,5567
278427,Пожарная охрана,Датчик дыма,"884-1.1.958.12.",Дым ПК778+9,5567
278426,Пожарная охрана,Датчик дыма,"884-1.1.958.11.",Дым ПК779+7,5567
278425,Пожарная охрана,Датчик дыма,"884-1.1.958.10.",Дым ПК780+5,5567
278424,Пожарная охрана,Датчик дыма,"884-1.1.958.9.",Дым ПК781+6,5567
278423,Пожарная охрана,Датчик дыма,"884-1.1.958.8.",Дым ПК782+5,5567
278422,Пожарная охрана,Датчик дыма,"884-1.1.958.7.",Дым ПК783+1,5567
278421,Пожарная охрана,Датчик дыма,"884-1.1.958.6.",Дым ПК783+9,5567
278420,Пожарная охрана,Датчик дыма,"884-1.1.958.5.",Дым ПК784+9,5567
278419,Пожарная охрана,Датчик дыма,"884-1.1.958.4.",Дым ПК785+6,5567
278418,Пожарная охрана,Датчик дыма,"884-1.1.958.3.",Дым ПК786+5,5567
278417,Пожарная охрана,Датчик дыма,"884-1.1.958.2.",Дым ПК787+2,5567
278416,Пожарная охрана,Датчик дыма,"884-1.1.958.1.",Дым ПК788+1,5567
278453,Пожарная охрана,Датчик дыма,"884-1.1.958.38.",Дым ПК788+9,5567
278454,Пожарная охрана,Датчик дыма,"884-1.1.958.39.",Дым ПК789+8,5567
278455,Пожарная охрана,Датчик дыма,"884-1.1.958.40.",Дым ПК790+6,5567
278456,Пожарная охрана,Датчик дыма,"884-1.1.958.41.",Дым ПК791+6,5567
278457,Пожарная охрана,Датчик дыма,"884-1.1.958.42.",Дым ПК792+6,5567
278458,Пожарная охрана,Датчик дыма,"884-1.1.958.43.",Дым ПК793+2,5567
278459,Пожарная охрана,Датчик дыма,"884-1.1.958.44.",Дым ПК794+3,5567
278460,Пожарная охрана,Датчик дыма,"884-1.1.958.45.",Дым ПК795+2,5567
278461,Пожарная охрана,Датчик дыма,"884-1.1.958.46.",Дым ПК795+9,5567
278462,Пожарная охрана,Датчик дыма,"884-1.1.958.47.",Дым ПК796+1,5567
278463,Пожарная охрана,Датчик дыма,"884-1.1.958.48.",Дым ПК797,5567
278464,Пожарная охрана,Датчик дыма,"884-1.1.958.49.",Дым ПК797+8,5567
278465,Пожарная охрана,Датчик дыма,"884-1.1.958.50.",Дым ПК798+2,5567
278466,Пожарная охрана,Датчик дыма,"884-1.1.958.51.",Дым ПК799+2,5567
278467,Пожарная охрана,Датчик дыма,"884-1.1.958.52.",Дым ПК800,5567
278468,Пожарная охрана,Датчик дыма,"884-1.1.958.53.",Дым ПК800+9,5567
278469,Пожарная охрана,Датчик дыма,"884-1.1.958.54.",Дым ПК801+8,5567
278470,Пожарная охрана,Датчик дыма,"884-1.1.958.55.",Дым ПК802+8,5567
278471,Пожарная охрана,Датчик дыма,"884-1.1.958.56.",Дым ПК803+7,5567
278472,Пожарная охрана,Датчик дыма,"884-1.1.958.57.",Дым ПК804+6,5567
278473,Пожарная охрана,Датчик дыма,"884-1.1.958.58.",Дым ПК805+6,5567
278474,Пожарная охрана,Датчик дыма,"884-1.1.958.59.",Дым ПК806+5,5567
278475,Пожарная охрана,Датчик дыма,"884-1.1.958.60.",Дым ПК807+6,5567
278476,Пожарная охрана,Датчик дыма,"884-1.1.958.61.",Дым ПК808+2,5567
278477,Пожарная охрана,Датчик дыма,"884-1.1.958.62.",Дым ПК808+9,5567
278478,Пожарная охрана,Датчик дыма,"884-1.1.958.63.",Дым ПК809+2,5567
278479,Пожарная охрана,Датчик дыма,"884-1.1.958.64.",Дым ПК809+9,5567
278480,Пожарная охрана,Датчик дыма,"884-1.1.958.65.",Дым ПК811+4,5567
278481,Пожарная охрана,Датчик дыма,"884-1.1.958.66.",Дым ПК812+5,5567
278482,Пожарная охрана,Датчик дыма,"884-1.1.958.67.",Дым ПК813+5,5567
278483,Пожарная охрана,Датчик дыма,"884-1.1.958.68.",Дым ПК814+2,5567
278484,Пожарная охрана,Датчик дыма,"884-1.1.958.69.",Дым ПК815+3,5567
278485,Пожарная охрана,Датчик дыма,"884-1.1.958.70.",Дым ПК816+2,5567
278486,Пожарная охрана,Датчик дыма,"884-1.1.958.71.",Дым ПК817+2,5567
278487,Пожарная охрана,Датчик дыма,"884-1.1.958.72.",Дым ПК817+9,5567
278488,Пожарная охрана,Датчик дыма,"884-1.1.958.73.",Дым ПК818+3,5567
278489,Пожарная охрана,Датчик дыма,"884-1.1.958.74.",Дым1 ПК774,5567
278490,Пожарная охрана,Датчик дыма,"884-1.1.958.75.",Дым2 ПК774,5567
278529,Пожарная охрана,Датчик дыма,"884-1.1.961.36.",Дым ПК819+2,5567
278528,Пожарная охрана,Датчик дыма,"884-1.1.961.35.",Дым ПК820,5567
278526,Пожарная охрана,Датчик дыма,"884-1.1.961.33.",Дым ПК821+9,5567
278525,Пожарная охрана,Датчик дыма,"884-1.1.961.32.",Дым ПК822+8,5567
278524,Пожарная охрана,Датчик дыма,"884-1.1.961.31.",Дым ПК823+5,5567
278523,Пожарная охрана,Датчик дыма,"884-1.1.961.30.",Дым ПК824+5,5567
278522,Пожарная охрана,Датчик дыма,"884-1.1.961.29.",Дым ПК825+6,5567
278521,Пожарная охрана,Датчик дыма,"884-1.1.961.28.",Дым ПК826+4,5567
278520,Пожарная охрана,Датчик дыма,"884-1.1.961.27.",Дым ПК826+4,5567
278519,Пожарная охрана,Датчик дыма,"884-1.1.961.26.",Дым ПК826+7,5567
278518,Пожарная охрана,Датчик дыма,"884-1.1.961.25.",Дым ПК827,5567
278517,Пожарная охрана,Датчик дыма,"884-1.1.961.24.",Дым ПК827+2,5567
278516,Пожарная охрана,Датчик дыма,"884-1.1.961.23.",Дым ПК827+7,5567
278515,Пожарная охрана,Датчик дыма,"884-1.1.961.22.",Дым ПК828+4,5567
278514,Пожарная охрана,Датчик дыма,"884-1.1.961.21.",Дым ПК829+5,5567
278513,Пожарная охрана,Датчик дыма,"884-1.1.961.20.",Дым ПК830+8,5567
278512,Пожарная охрана,Датчик дыма,"884-1.1.961.19.",Дым ПК831+6,5567
278511,Пожарная охрана,Датчик дыма,"884-1.1.961.18.",Дым ПК832+3,5567
278510,Пожарная охрана,Датчик дыма,"884-1.1.961.17.",Дым ПК833,5567
278509,Пожарная охрана,Датчик дыма,"884-1.1.961.16.",Дым ПК833+8,5567
278508,Пожарная охрана,Датчик дыма,"884-1.1.961.15.",Дым ПК834+6,5567
278507,Пожарная охрана,Датчик дыма,"884-1.1.961.14.",Дым ПК835+5,5567
278506,Пожарная охрана,Датчик дыма,"884-1.1.961.13.",Дым ПК836+3,5567
278505,Пожарная охрана,Датчик дыма,"884-1.1.961.12.",Дым ПК837+2,5567
278504,Пожарная охрана,Датчик дыма,"884-1.1.961.11.",Дым ПК838+2,5567
278503,Пожарная охрана,Датчик дыма,"884-1.1.961.10.",Дым ПК839+1,5567
278502,Пожарная охрана,Датчик дыма,"884-1.1.961.9.",Дым ПК839+9,5567
278501,Пожарная охрана,Датчик дыма,"884-1.1.961.8.",Дым ПК840+4,5567
278500,Пожарная охрана,Датчик дыма,"884-1.1.961.7.",Дым ПК841+5,5567
278499,Пожарная охрана,Датчик дыма,"884-1.1.961.6.",Дым ПК842+4,5567
278498,Пожарная охрана,Датчик дыма,"884-1.1.961.5.",Дым ПК843+1,5567
278497,Пожарная охрана,Датчик дыма,"884-1.1.961.4.",Дым ПК844,5567
278496,Пожарная охрана,Датчик дыма,"884-1.1.961.3.",Дым ПК844+9,5567
278495,Пожарная охрана,Датчик дыма,"884-1.1.961.2.",Дым ПК845+6,5567
278494,Пожарная охрана,Датчик дыма,"884-1.1.961.1.",Дым ПК846+5,5567
278532,Пожарная охрана,Датчик дыма,"884-1.1.961.39.",Дым ПК848+1,5567
278533,Пожарная охрана,Датчик дыма,"884-1.1.961.40.",Дым ПК849+4,5567
278534,Пожарная охрана,Датчик дыма,"884-1.1.961.41.",Дым ПК850+2,5567
278535,Пожарная охрана,Датчик дыма,"884-1.1.961.42.",Дым ПК851,5567
278536,Пожарная охрана,Датчик дыма,"884-1.1.961.43.",Дым ПК851+9,5567
278537,Пожарная охрана,Датчик дыма,"884-1.1.961.44.",Дым ПК852+8,5567
278538,Пожарная охрана,Датчик дыма,"884-1.1.961.45.",Дым ПК853+6,5567
278539,Пожарная охрана,Датчик дыма,"884-1.1.961.46.",Дым ПК855+2,5567
278540,Пожарная охрана,Датчик дыма,"884-1.1.961.47.",Дым ПК856+1,5567
278541,Пожарная охрана,Датчик дыма,"884-1.1.961.48.",Дым ПК857+5,5567
278542,Пожарная охрана,Датчик дыма,"884-1.1.961.49.",Дым ПК858+7,5567
278543,Пожарная охрана,Датчик дыма,"884-1.1.961.50.",Дым ПК859+3,5567
278544,Пожарная охрана,Датчик дыма,"884-1.1.961.51.",Дым ПК859+9,5567
278545,Пожарная охрана,Датчик дыма,"884-1.1.961.52.",Дым ПК860+3,5567
278546,Пожарная охрана,Датчик дыма,"884-1.1.961.53.",Дым ПК861+1,5567
278547,Пожарная охрана,Датчик дыма,"884-1.1.961.54.",Дым ПК861+9,5567
278568,Пожарная охрана,Датчик дыма,"884-1.1.961.75.",Дым ПК863,5567
278566,Пожарная охрана,Датчик дыма,"884-1.1.961.73.",Дым ПК863 Г1ПК0+5,5567
278563,Пожарная охрана,Датчик дыма,"884-1.1.961.70.",Дым ПК863 Г1ПК0+5,5567
278562,Пожарная охрана,Датчик дыма,"884-1.1.961.69.",Дым ПК863 Г1ПК1+3,5567
278561,Пожарная охрана,Датчик дыма,"884-1.1.961.68.",Дым ПК863 Г1ПК2+1,5567
278560,Пожарная охрана,Датчик дыма,"884-1.1.961.67.",Дым ПК863 Г1ПК3,5567
278559,Пожарная охрана,Датчик дыма,"884-1.1.961.66.",Дым ПК863 Г1ПК3+9,5567
278558,Пожарная охрана,Датчик дыма,"884-1.1.961.65.",Дым ПК863 Г1ПК4+7,5567
278556,Пожарная охрана,Датчик дыма,"884-1.1.961.63.",Дым ПК863 Г1ПК5+4,5567
278557,Пожарная охрана,Датчик дыма,"884-1.1.961.64.",Дым ПК863 Г1ПК5+6,5567
278555,Пожарная охрана,Датчик дыма,"884-1.1.961.62.",Дым ПК863 Г1ПК6+4,5567
278554,Пожарная охрана,Датчик дыма,"884-1.1.961.61.",Дым ПК863 Г1ПК6+9,5567
278553,Пожарная охрана,Датчик дыма,"884-1.1.961.60.",Дым ПК863 Г1ПК7+7,5567
278552,Пожарная охрана,Датчик дыма,"884-1.1.961.59.",Дым ПК863 Г1ПК8+6,5567
278551,Пожарная охрана,Датчик дыма,"884-1.1.961.58.",Дым ПК863 Г1ПК9+5,5567
278550,Пожарная охрана,Датчик дыма,"884-1.1.961.57.",Дым ПК863+3,5567
278567,Пожарная охрана,Датчик дыма,"884-1.1.961.74.",Дым ПК863+3,5567
278530,Пожарная охрана,Датчик дыма,"884-1.1.961.37.",Дым1 ПК847+7,5567
278548,Пожарная охрана,Датчик дыма,"884-1.1.961.55.",Дым1 ПК862+7,5567
278564,Пожарная охрана,Датчик дыма,"884-1.1.961.71.",Дым1 ПК863 Г1ПК0+1,5567
278549,Пожарная охрана,Датчик дыма,"884-1.1.961.56.",Дым2 ПК862+7,5567
278565,Пожарная охрана,Датчик дыма,"884-1.1.961.72.",Дым2 ПК863 Г1ПК0+1,5567
278531,Пожарная охрана,Датчик дыма,"884-1.1.961.38.",Дым2 ПК847+7,5567
278076,Пожарная охрана,Состояние УИР-Р,"884-1.1.445.2.",УСРСБ ПК710,5567
278082,Пожарная охрана,Состояние УИР-Р,"884-1.1.446.2.",УСРСБ ПК715,5567
278088,Пожарная охрана,Состояние УИР-Р,"884-1.1.447.2.",УСРСБ ПК720,5567
267808,Пожарная охрана,Датчик дыма,"884-1.1.943.1.",Дым ПК706+6,5567
267809,Пожарная охрана,Датчик дыма,"884-1.1.943.2.",Дым ПК705+8 (маск.по тф),5567
267810,Пожарная охрана,Датчик дыма,"884-1.1.943.3.",Дым ПК705 (маск.по тф),5567
267811,Пожарная охрана,Датчик дыма,"884-1.1.943.4.",Дым ПК704+4 (маск.по тф),5567
267812,Пожарная охрана,Датчик дыма,"884-1.1.943.5.",Дым ПК703+3 (маск.по тф),5567
267813,Пожарная охрана,Датчик дыма,"884-1.1.943.6.",Дым ПК702+4 (маск.по тф),5567
267814,Пожарная охрана,Датчик дыма,"884-1.1.943.7.",Дым ПК701+5 (маск.по тф),5567
267815,Пожарная охрана,Датчик дыма,"884-1.1.943.8.",Дым ПК700+5 (маск.по тф),5567
267816,Пожарная охрана,Датчик дыма,"884-1.1.943.9.",Дым ПК699+6 (маск.по тф),5567
267817,Пожарная охрана,Датчик дыма,"884-1.1.943.10.",Дым ПК698+8 (маск.по тф),5567
267818,Пожарная охрана,Датчик дыма,"884-1.1.943.11.",Дым ПК697+9 (маск.по тф),5567
267819,Пожарная охрана,Датчик дыма,"884-1.1.943.12.",Дым ПК697+1 (маск.по тф),5567
267820,Пожарная охрана,Датчик дыма,"884-1.1.943.13.",Дым ПК696+3 (маск.по тф),5567
267821,Пожарная охрана,Датчик дыма,"884-1.1.943.14.",Дым ПК695+6 (маск.по тф),5567
267822,Пожарная охрана,Датчик дыма,"884-1.1.943.15.",Дым ПК694+8 (маск.по тф),5567
267823,Пожарная охрана,Датчик дыма,"884-1.1.943.16.",Дым ПК693+9 (маск.по тф),5567
267824,Пожарная охрана,Датчик дыма,"884-1.1.943.17.",Дым ПК693 (маск.по тф),5567
267825,Пожарная охрана,Датчик дыма,"884-1.1.943.18.",Дым ПК692+2 (маск.по тф),5567
267826,Пожарная охрана,Датчик дыма,"884-1.1.943.19.",Дым ПК691+5 (маск.по тф),5567
267827,Пожарная охрана,Датчик дыма,"884-1.1.943.20.",Дым ПК690+8 (маск.по тф),5567
267828,Пожарная охрана,Датчик дыма,"884-1.1.943.21.",Дым ПК690+1 (маск.по тф),5567
267829,Пожарная охрана,Датчик дыма,"884-1.1.943.22.",Дым ПК689+3 (маск.по тф),5567
267830,Пожарная охрана,Датчик дыма,"884-1.1.943.23.",Дым ПК688+4 (маск.по тф),5567
267831,Пожарная охрана,Датчик дыма,"884-1.1.943.24.",Дым ПК687+5 (маск.по тф),5567
267832,Пожарная охрана,Датчик дыма,"884-1.1.943.25.",Дым ПК686+4 (маск.по тф),5567
267833,Пожарная охрана,Датчик дыма,"884-1.1.943.26.",Дым ПК685+3 (маск.по тф),5567
267834,Пожарная охрана,Датчик дыма,"884-1.1.943.27.",Дым ПК684+3 (маск.по тф),5567
267837,Пожарная охрана,Датчик дыма,"884-1.1.943.30.",Дым ПК683+5 кам.,5567
267835,Пожарная охрана,Датчик дыма,"884-1.1.943.28.",Дым ПК683+5 (маск.по тф),5567
267838,Пожарная охрана,Датчик дыма,"884-1.1.943.31.",Дым ПК683+3 кам.,5567
267836,Пожарная охрана,Датчик дыма,"884-1.1.943.29.",Дым ПК683+3 (маск.по тф),5567
267841,Пожарная охрана,Датчик дыма,"884-1.1.943.34.",Дым ПК682+8,5567
267839,Пожарная охрана,Датчик дыма,"884-1.1.943.32.",Дым ПК682+7 кам.,5567
267840,Пожарная охрана,Датчик дыма,"884-1.1.943.33.",Дым ПК682+5 кам.,5567
267842,Пожарная охрана,Датчик дыма,"884-1.1.943.35.",Дым ПК682+2,5567
267843,Пожарная охрана,Датчик дыма,"884-1.1.943.36.",Дым ПК681+9,5567
267844,Пожарная охрана,Датчик дыма,"884-1.1.943.37.",Дым ПК681+4,5567
267845,Пожарная охрана,Датчик дыма,"884-1.1.943.38.",Дым ПК680+8,5567
267846,Пожарная охрана,Датчик дыма,"884-1.1.943.39.",Дым ПК680+2,5567
267847,Пожарная охрана,Датчик дыма,"884-1.1.943.40.",Дым ПК679+4,5567
267848,Пожарная охрана,Датчик дыма,"884-1.1.943.41.",Дым ПК678+4,5567
267849,Пожарная охрана,Датчик дыма,"884-1.1.943.42.",Дым ПК677+4,5567
267850,Пожарная охрана,Датчик дыма,"884-1.1.943.43.",Дым ПК676+5,5567
267851,Пожарная охрана,Датчик дыма,"884-1.1.943.44.",Дым ПК675+5,5567
267852,Пожарная охрана,Датчик дыма,"884-1.1.943.45.",Дым ПК674+5,5567
267853,Пожарная охрана,Датчик дыма,"884-1.1.943.46.",Дым ПК673+6,5567
267854,Пожарная охрана,Датчик дыма,"884-1.1.943.47.",Дым ПК672+9,5567
267856,Пожарная охрана,Датчик дыма,"884-1.1.943.49.",Дым ПК672+7 кам.,5567
267855,Пожарная охрана,Датчик дыма,"884-1.1.943.48.",Дым ПК672+3 кам.,5567
267857,Пожарная охрана,Датчик дыма,"884-1.1.943.50.",Дым ПК671+8 кам.,5567
267746,Пожарная охрана,Датчик дыма,"884-1.1.939.14.",Дым ПК672+3 кам.,5567
267745,Пожарная охрана,Датчик дыма,"884-1.1.939.13.",Дым ПК672 Г2 ПК7+9,5567
267744,Пожарная охрана,Датчик дыма,"884-1.1.939.12.",Дым ПК672 Г2 ПК7+2,5567
267743,Пожарная охрана,Датчик дыма,"884-1.1.939.11.",Дым ПК672 Г2 ПК6+3,5567
267742,Пожарная охрана,Датчик дыма,"884-1.1.939.10.",Дым ПК672 Г2 ПК5+5,5567
267741,Пожарная охрана,Датчик дыма,"884-1.1.939.9.",Дым ПК672 Г2 ПК4+7,5567
267740,Пожарная охрана,Датчик дыма,"884-1.1.939.8.",Дым ПК672 Г2 ПК3+9,5567
267739,Пожарная охрана,Датчик дыма,"884-1.1.939.7.",Дым ПК672 Г2 ПК3+3,5567
267738,Пожарная охрана,Датчик дыма,"884-1.1.939.6.",Дым ПК672 Г2 ПК2+4,5567
267737,Пожарная охрана,Датчик дыма,"884-1.1.939.5.",Дым ПК672 Г2 ПК1+7,5567
267736,Пожарная охрана,Датчик дыма,"884-1.1.939.4.",Дым ПК672 Г2 ПК1,5567
267735,Пожарная охрана,Датчик дыма,"884-1.1.939.3.",Дым ПК672 Г2 ПК0+1,5567
267734,Пожарная охрана,Датчик дыма,"884-1.1.939.2.",Дым ПК672 Г2 ПК0,5567
267733,Пожарная охрана,Датчик дыма,"884-1.1.939.1.",Дым ПК672 Г2 ПК0,5567
267747,Пожарная охрана,Датчик дыма,"884-1.1.939.15.",Дым ПК671+8 кам.,5567
267748,Пожарная охрана,Датчик дыма,"884-1.1.939.16.",Дым ПК671+7 кам.,5567
267749,Пожарная охрана,Датчик дыма,"884-1.1.939.17.",Дым ПК671+2,5567
267750,Пожарная охрана,Датчик дыма,"884-1.1.939.18.",Дым ПК670+4,5567
267751,Пожарная охрана,Датчик дыма,"884-1.1.939.19.",Дым ПК669+3,5567
267752,Пожарная охрана,Датчик дыма,"884-1.1.939.20.",Дым ПК668,5567
267753,Пожарная охрана,Датчик дыма,"884-1.1.939.21.",Дым ПК667,5567
267754,Пожарная охрана,Датчик дыма,"884-1.1.939.22.",Дым ПК666,5567
267755,Пожарная охрана,Датчик дыма,"884-1.1.939.23.",Дым ПК664+5,5567
267756,Пожарная охрана,Датчик дыма,"884-1.1.939.24.",Дым ПК663,5567
267757,Пожарная охрана,Датчик дыма,"884-1.1.939.25.",Дым ПК661+9,5567
267758,Пожарная охрана,Датчик дыма,"884-1.1.939.26.",Дым ПК661,5567
267759,Пожарная охрана,Датчик дыма,"884-1.1.939.27.",Дым ПК659+9,5567
267760,Пожарная охрана,Датчик дыма,"884-1.1.939.28.",Дым ПК658+8,5567
267761,Пожарная охрана,Датчик дыма,"884-1.1.939.29.",Дым ПК657+8,5567
267762,Пожарная охрана,Датчик дыма,"884-1.1.939.30.",Дым ПК657,5567
267763,Пожарная охрана,Датчик дыма,"884-1.1.939.31.",Дым ПК656+2,5567
267764,Пожарная охрана,Датчик дыма,"884-1.1.939.32.",Дым ПК655+4,5567
267765,Пожарная охрана,Датчик дыма,"884-1.1.939.33.",Дым ПК654+7,5567
267766,Пожарная охрана,Датчик дыма,"884-1.1.939.34.",Дым ПК653+8,5567
267767,Пожарная охрана,Датчик дыма,"884-1.1.939.35.",Дым ПК653,5567
267768,Пожарная охрана,Датчик дыма,"884-1.1.939.36.",Дым ПК652+1,5567
267770,Пожарная охрана,Датчик дыма,"884-1.1.939.38.",Дым ПК651+5 кам.,5567
267771,Пожарная охрана,Датчик дыма,"884-1.1.939.39.",Дым ПК651+5 кам.,5567
267769,Пожарная охрана,Датчик дыма,"884-1.1.939.37.",Дым ПК651+5,5567
267772,Пожарная охрана,Датчик дыма,"884-1.1.939.40.",Дым ПК651+1,5567
267773,Пожарная охрана,Датчик дыма,"884-1.1.939.41.",Дым ПК650+4,5567
267774,Пожарная охрана,Датчик дыма,"884-1.1.939.42.",Дым ПК649+5,5567
267775,Пожарная охрана,Датчик дыма,"884-1.1.939.43.",Дым ПК648+8,5567
267776,Пожарная охрана,Датчик дыма,"884-1.1.939.44.",Дым ПК647+9,5567
267777,Пожарная охрана,Датчик дыма,"884-1.1.939.45.",Дым ПК647,5567
267778,Пожарная охрана,Датчик дыма,"884-1.1.939.46.",Дым ПК646+1,5567
267779,Пожарная охрана,Датчик дыма,"884-1.1.939.47.",Дым ПК645+4,5567
267780,Пожарная охрана,Датчик дыма,"884-1.1.939.48.",Дым ПК644+6,5567
267781,Пожарная охрана,Датчик дыма,"884-1.1.939.49.",Дым ПК643+8,5567
267782,Пожарная охрана,Датчик дыма,"884-1.1.939.50.",Дым ПК643,5567
267783,Пожарная охрана,Датчик дыма,"884-1.1.939.51.",Дым ПК642+1,5567
267784,Пожарная охрана,Датчик дыма,"884-1.1.939.52.",Дым ПК641+3,5567
267785,Пожарная охрана,Датчик дыма,"884-1.1.939.53.",Дым ПК640+5,5567
267786,Пожарная охрана,Датчик дыма,"884-1.1.939.54.",Дым ПК639+6,5567
267787,Пожарная охрана,Датчик дыма,"884-1.1.939.55.",Дым ПК638+7,5567
267788,Пожарная охрана,Датчик дыма,"884-1.1.939.56.",Дым ПК637+7,5567
267789,Пожарная охрана,Датчик дыма,"884-1.1.939.57.",Дым ПК637,5567
267790,Пожарная охрана,Датчик дыма,"884-1.1.939.58.",Дым ПК636+1,5567
267791,Пожарная охрана,Датчик дыма,"884-1.1.939.59.",Дым ПК635+3,5567
267792,Пожарная охрана,Датчик дыма,"884-1.1.939.60.",Дым ПК634+5,5567
267793,Пожарная охрана,Датчик дыма,"884-1.1.939.61.",Дым ПК633+8,5567
267804,Пожарная охрана,Датчик дыма,"884-1.1.939.72.",Дым ПК633+7 кам.,5567
267798,Пожарная охрана,Датчик дыма,"884-1.1.939.66.",Дым ПК633+2 кам.,5567
267794,Пожарная охрана,Датчик дыма,"884-1.1.939.62.",Дым ПК633+1,5567
267801,Пожарная охрана,Датчик дыма,"884-1.1.939.69.",Дым ПК633 кам.,5567
267802,Пожарная охрана,Датчик дыма,"884-1.1.939.70.",Дым ПК633 кам.,5567
267799,Пожарная охрана,Датчик дыма,"884-1.1.939.67.",Дым ПК633 кам.,5567
267800,Пожарная охрана,Датчик дыма,"884-1.1.939.68.",Дым ПК633 кам.,5567
267803,Пожарная охрана,Датчик дыма,"884-1.1.939.71.",Дым ПК633 кам.,5567
267796,Пожарная охрана,Датчик дыма,"884-1.1.939.64.",Дым ПК632+8 ВК,5567
267795,Пожарная охрана,Датчик дыма,"884-1.1.939.63.",Дым ПК632+8 ВК,5567
267797,Пожарная охрана,Датчик дыма,"884-1.1.939.65.",Дым ПК632+7,5567
267680,Пожарная охрана,Датчик дыма,"884-1.1.934.21.",Дым ПК632+4 тело,5567
267681,Пожарная охрана,Датчик дыма,"884-1.1.934.22.",Дым ПК632+4,5567
267674,Пожарная охрана,Датчик дыма,"884-1.1.934.15.",Дым ПК632 Г3 ПК9+6,5567
267673,Пожарная охрана,Датчик дыма,"884-1.1.934.14.",Дым ПК632 Г3 ПК8+8,5567
267672,Пожарная охрана,Датчик дыма,"884-1.1.934.13.",Дым ПК632 Г3 ПК8,5567
267671,Пожарная охрана,Датчик дыма,"884-1.1.934.12.",Дым ПК632 Г3 ПК7+2,5567
267670,Пожарная охрана,Датчик дыма,"884-1.1.934.11.",Дым ПК632 Г3 ПК6+3,5567
267669,Пожарная охрана,Датчик дыма,"884-1.1.934.10.",Дым ПК632 Г3 ПК5+5,5567
267668,Пожарная охрана,Датчик дыма,"884-1.1.934.9.",Дым ПК632 Г3 ПК4+5,5567
267667,Пожарная охрана,Датчик дыма,"884-1.1.934.8.",Дым ПК632 Г3 ПК3+8,5567
267666,Пожарная охрана,Датчик дыма,"884-1.1.934.7.",Дым ПК632 Г3 ПК2+9,5567
267665,Пожарная охрана,Датчик дыма,"884-1.1.934.6.",Дым ПК632 Г3 ПК2+1,5567
267678,Пожарная охрана,Датчик дыма,"884-1.1.934.19.",Дым ПК632 Г3 ПК13+3,5567
267677,Пожарная охрана,Датчик дыма,"884-1.1.934.18.",Дым ПК632 Г3 ПК12+2,5567
267676,Пожарная охрана,Датчик дыма,"884-1.1.934.17.",Дым ПК632 Г3 ПК11+3,5567
267675,Пожарная охрана,Датчик дыма,"884-1.1.934.16.",Дым ПК632 Г3 ПК10+5,5567
267664,Пожарная охрана,Датчик дыма,"884-1.1.934.5.",Дым ПК632 Г3 ПК1+2,5567
267662,Пожарная охрана,Датчик дыма,"884-1.1.934.3.",Дым ПК632 Г3 ПК0+2,5567
267663,Пожарная охрана,Датчик дыма,"884-1.1.934.4.",Дым ПК632 Г3 ПК0+2,5567
267660,Пожарная охрана,Датчик дыма,"884-1.1.934.1.",Дым ПК632 Г3 ПК0 АНС,5567
267661,Пожарная охрана,Датчик дыма,"884-1.1.934.2.",Дым ПК632 Г3 ПК0 АНС,5567
267683,Пожарная охрана,Датчик дыма,"884-1.1.934.24.",Дым ПК632 ВК,5567
267682,Пожарная охрана,Датчик дыма,"884-1.1.934.23.",Дым ПК632 ВК,5567
267679,Пожарная охрана,Датчик дыма,"884-1.1.934.20.",Дым ПК632,5567
267686,Пожарная охрана,Датчик дыма,"884-1.1.934.27.",Дым ПК631+9,5567
267687,Пожарная охрана,Датчик дыма,"884-1.1.934.28.",Дым ПК631+1,5567
267688,Пожарная охрана,Датчик дыма,"884-1.1.934.29.",Дым ПК630+1,5567
267689,Пожарная охрана,Датчик дыма,"884-1.1.934.30.",Дым ПК629,5567
267690,Пожарная охрана,Датчик дыма,"884-1.1.934.31.",Дым ПК628+1,5567
267691,Пожарная охрана,Датчик дыма,"884-1.1.934.32.",Дым ПК627+3,5567
267692,Пожарная охрана,Датчик дыма,"884-1.1.934.33.",Дым ПК626+3,5567
267693,Пожарная охрана,Датчик дыма,"884-1.1.934.34.",Дым ПК625+3,5567
267694,Пожарная охрана,Датчик дыма,"884-1.1.934.35.",Дым ПК624+1,5567
267695,Пожарная охрана,Датчик дыма,"884-1.1.934.36.",Дым ПК622+8,5567
267696,Пожарная охрана,Датчик дыма,"884-1.1.934.37.",Дым ПК622+4,5567
267697,Пожарная охрана,Датчик дыма,"884-1.1.934.38.",Дым ПК622,5567
267698,Пожарная охрана,Датчик дыма,"884-1.1.934.39.",Дым ПК621+4,5567
267702,Пожарная охрана,Датчик дыма,"884-1.1.934.43.",Дым ПК620+5 карм.,5567
267701,Пожарная охрана,Датчик дыма,"884-1.1.934.42.",Дым ПК620+5 карм.,5567
267703,Пожарная охрана,Датчик дыма,"884-1.1.934.44.",Дым ПК620+5,5567
267700,Пожарная охрана,Датчик дыма,"884-1.1.934.41.",Дым ПК620+2 карм.,5567
267699,Пожарная охрана,Датчик дыма,"884-1.1.934.40.",Дым ПК620+2 карм.,5567
267704,Пожарная охрана,Датчик дыма,"884-1.1.934.45.",Дым ПК620,5567
267705,Пожарная охрана,Датчик дыма,"884-1.1.934.46.",Дым ПК619+6,5567
267706,Пожарная охрана,Датчик дыма,"884-1.1.934.47.",Дым ПК618+7,5567
267707,Пожарная охрана,Датчик дыма,"884-1.1.934.48.",Дым ПК617+8,5567
267708,Пожарная охрана,Датчик дыма,"884-1.1.934.49.",Дым ПК616+9,5567
267709,Пожарная охрана,Датчик дыма,"884-1.1.934.50.",Дым ПК616+1,5567
267710,Пожарная охрана,Датчик дыма,"884-1.1.934.51.",Дым ПК615+3,5567
267711,Пожарная охрана,Датчик дыма,"884-1.1.934.52.",Дым ПК614+5,5567
267712,Пожарная охрана,Датчик дыма,"884-1.1.934.53.",Дым ПК613+7,5567
267713,Пожарная охрана,Датчик дыма,"884-1.1.934.54.",Дым ПК612+7,5567
267714,Пожарная охрана,Датчик дыма,"884-1.1.934.55.",Дым ПК611+9,5567
267715,Пожарная охрана,Датчик дыма,"884-1.1.934.56.",Дым ПК611+1,5567
267716,Пожарная охрана,Датчик дыма,"884-1.1.934.57.",Дым ПК610+3,5567
267717,Пожарная охрана,Датчик дыма,"884-1.1.934.58.",Дым ПК609+4,5567
267718,Пожарная охрана,Датчик дыма,"884-1.1.934.59.",Дым ПК608+8,5567
267719,Пожарная охрана,Датчик дыма,"884-1.1.934.60.",Дым ПК607+8,5567
267720,Пожарная охрана,Датчик дыма,"884-1.1.934.61.",Дым ПК607,5567
267721,Пожарная охрана,Датчик дыма,"884-1.1.934.62.",Дым ПК605+7,5567
267722,Пожарная охрана,Датчик дыма,"884-1.1.934.63.",Дым ПК604+8,5567
267723,Пожарная охрана,Датчик дыма,"884-1.1.934.64.",Дым ПК603+3,5567
267724,Пожарная охрана,Датчик дыма,"884-1.1.934.65.",Дым ПК602+2,5567
267725,Пожарная охрана,Датчик дыма,"884-1.1.934.66.",Дым ПК601,5567
267726,Пожарная охрана,Датчик дыма,"884-1.1.934.67.",Дым ПК599+8,5567
267727,Пожарная охрана,Датчик дыма,"884-1.1.934.68.",Дым ПК598+8,5567
267728,Пожарная охрана,Датчик дыма,"884-1.1.934.69.",Дым ПК598,5567
267729,Пожарная охрана,Датчик дыма,"884-1.1.934.70.",Дым ПК597,5567
267652,Пожарная охрана,Датчик дыма,"884-1.1.910.96.",Дым ПК596+7,5567
267651,Пожарная охрана,Датчик дыма,"884-1.1.910.95.",Дым ПК595+8,5567
267650,Пожарная охрана,Датчик дыма,"884-1.1.910.94.",Дым ПК595+1,5567
267649,Пожарная охрана,Датчик дыма,"884-1.1.910.93.",Дым ПК594+3,5567
267648,Пожарная охрана,Датчик дыма,"884-1.1.910.92.",Дым ПК593+6,5567
267647,Пожарная охрана,Датчик дыма,"884-1.1.910.91.",Дым ПК592+8,5567
267646,Пожарная охрана,Датчик дыма,"884-1.1.910.90.",Дым ПК591+9,5567
267645,Пожарная охрана,Датчик дыма,"884-1.1.910.89.",Дым ПК590+9,5567
267644,Пожарная охрана,Датчик дыма,"884-1.1.910.88.",Дым ПК589+8,5567
267643,Пожарная охрана,Датчик дыма,"884-1.1.910.87.",Дым ПК588+7,5567
267642,Пожарная охрана,Датчик дыма,"884-1.1.910.86.",Дым ПК587+8,5567
267641,Пожарная охрана,Датчик дыма,"884-1.1.910.85.",Дым ПК586+8,5567
267640,Пожарная охрана,Датчик дыма,"884-1.1.910.84.",Дым ПК586,5567
267639,Пожарная охрана,Датчик дыма,"884-1.1.910.83.",Дым ПК585+6,5567
267638,Пожарная охрана,Датчик дыма,"884-1.1.910.82.",Дым ПК584+8,5567
267637,Пожарная охрана,Датчик дыма,"884-1.1.910.81.",Дым ПК584+4,5567
267636,Пожарная охрана,Датчик дыма,"884-1.1.910.80.",Дым ПК583+5,5567
267633,Пожарная охрана,Датчик дыма,"884-1.1.910.77.",Дым ПК583+3 перех.,5567
267632,Пожарная охрана,Датчик дыма,"884-1.1.910.76.",Дым ПК583+3 перех.,5567
267634,Пожарная охрана,Датчик дыма,"884-1.1.910.78.",Дым ПК583 Г5 ПК4,5567
267635,Пожарная охрана,Датчик дыма,"884-1.1.910.79.",Дым ПК583 Г5 ПК4,5567
267626,Пожарная охрана,Датчик дыма,"884-1.1.910.70.",Дым ПК583 Г5 ПК3+8,5567
267625,Пожарная охрана,Датчик дыма,"884-1.1.910.69.",Дым ПК583 Г5 ПК3+8,5567
267654,Пожарная охрана,Датчик дыма,"884-1.1.910.98.",Дым ПК583 Г5 ПК3+1,5567
267627,Пожарная охрана,Датчик дыма,"884-1.1.910.71.",Дым ПК583 Г5 ПК2+9,5567
267628,Пожарная охрана,Датчик дыма,"884-1.1.910.72.",Дым ПК583 Г5 ПК2,5567
267629,Пожарная охрана,Датчик дыма,"884-1.1.910.73.",Дым ПК583 Г5 ПК1+1,5567
267630,Пожарная охрана,Датчик дыма,"884-1.1.910.74.",Дым ПК583 Г5 ПК0+2,5567
267631,Пожарная охрана,Датчик дыма,"884-1.1.910.75.",Дым ПК583 Г5 ПК0,5567
267618,Пожарная охрана,Датчик дыма,"884-1.1.910.62.",Дым ПК583 Г4 ПК5+8,5567
267653,Пожарная охрана,Датчик дыма,"884-1.1.910.97.",Дым ПК583 Г4 ПК5,5567
267619,Пожарная охрана,Датчик дыма,"884-1.1.910.63.",Дым ПК583 Г4 ПК4+9,5567
267620,Пожарная охрана,Датчик дыма,"884-1.1.910.64.",Дым ПК583 Г4 ПК4,5567
267621,Пожарная охрана,Датчик дыма,"884-1.1.910.65.",Дым ПК583 Г4 ПК3,5567
267622,Пожарная охрана,Датчик дыма,"884-1.1.910.66.",Дым ПК583 Г4 ПК2+1,5567
267623,Пожарная охрана,Датчик дыма,"884-1.1.910.67.",Дым ПК583 Г4 ПК1+2,5567
267624,Пожарная охрана,Датчик дыма,"884-1.1.910.68.",Дым ПК583 Г4 ПК0+2,5567
267616,Пожарная охрана,Датчик дыма,"884-1.1.910.60.",Дым ПК582+5,5567
267617,Пожарная охрана,Датчик дыма,"884-1.1.910.61.",Дым ПК582+5,5567
267611,Пожарная охрана,Датчик дыма,"884-1.1.910.55.",Дым ПК582+2 поворот,5567
267610,Пожарная охрана,Датчик дыма,"884-1.1.910.54.",Дым ПК582+2 поворот,5567
267613,Пожарная охрана,Датчик дыма,"884-1.1.910.57.",Дым ПК582 АНС,5567
267612,Пожарная охрана,Датчик дыма,"884-1.1.910.56.",Дым ПК582 АНС,5567
267609,Пожарная охрана,Датчик дыма,"884-1.1.910.53.",Дым ПК581+4,5567
267608,Пожарная охрана,Датчик дыма,"884-1.1.910.52.",Дым ПК580+8,5567
267607,Пожарная охрана,Датчик дыма,"884-1.1.910.51.",Дым ПК579+9,5567
267606,Пожарная охрана,Датчик дыма,"884-1.1.910.50.",Дым ПК578+9,5567
267605,Пожарная охрана,Датчик дыма,"884-1.1.910.49.",Дым ПК577+9,5567
267604,Пожарная охрана,Датчик дыма,"884-1.1.910.48.",Дым ПК577,5567
267603,Пожарная охрана,Датчик дыма,"884-1.1.910.47.",Дым ПК576+2,5567
267602,Пожарная охрана,Датчик дыма,"884-1.1.910.46.",Дым ПК575+3,5567
267601,Пожарная охрана,Датчик дыма,"884-1.1.910.45.",Дым ПК574+3,5567
267600,Пожарная охрана,Датчик дыма,"884-1.1.910.44.",Дым ПК573+5 карм.,5567
267599,Пожарная охрана,Датчик дыма,"884-1.1.910.43.",Дым ПК573+2 карм.,5567
267598,Пожарная охрана,Датчик дыма,"884-1.1.910.42.",Дым ПК573+2,5567
267597,Пожарная охрана,Датчик дыма,"884-1.1.910.41.",Дым ПК572+6,5567
267596,Пожарная охрана,Датчик дыма,"884-1.1.910.40.",Дым ПК572+1,5567
267595,Пожарная охрана,Датчик дыма,"884-1.1.910.39.",Дым ПК571,5567
267594,Пожарная охрана,Датчик дыма,"884-1.1.910.38.",Дым ПК570,5567
267593,Пожарная охрана,Датчик дыма,"884-1.1.910.37.",Дым ПК569,5567
267592,Пожарная охрана,Датчик дыма,"884-1.1.910.36.",Дым ПК568+1,5567
267591,Пожарная охрана,Датчик дыма,"884-1.1.910.35.",Дым ПК567+2,5567
267590,Пожарная охрана,Датчик дыма,"884-1.1.910.34.",Дым ПК566+8 ВК,5567
267589,Пожарная охрана,Датчик дыма,"884-1.1.910.33.",Дым ПК566+7 ВК,5567
267586,Пожарная охрана,Датчик дыма,"884-1.1.910.30.",Дым ПК566+5,5567
267587,Пожарная охрана,Датчик дыма,"884-1.1.910.31.",Дым ПК566 ВК,5567
267588,Пожарная охрана,Датчик дыма,"884-1.1.910.32.",Дым ПК566 ВК,5567
267585,Пожарная охрана,Датчик дыма,"884-1.1.910.29.",Дым ПК565+7,5567
267584,Пожарная охрана,Датчик дыма,"884-1.1.910.28.",Дым ПК564+4,5567
267583,Пожарная охрана,Датчик дыма,"884-1.1.910.27.",Дым ПК563+3,5567
267582,Пожарная охрана,Датчик дыма,"884-1.1.910.26.",Дым ПК562+4,5567
267581,Пожарная охрана,Датчик дыма,"884-1.1.910.25.",Дым ПК561+4,5567
267580,Пожарная охрана,Датчик дыма,"884-1.1.910.24.",Дым ПК560+5,5567
267579,Пожарная охрана,Датчик дыма,"884-1.1.910.23.",Дым ПК559+8,5567
267577,Пожарная охрана,Датчик дыма,"884-1.1.910.21.",Дым ПК559 карм.,5567
267578,Пожарная охрана,Датчик дыма,"884-1.1.910.22.",Дым ПК559 карм.,5567
267576,Пожарная охрана,Датчик дыма,"884-1.1.910.20.",Дым ПК558+8 карм.,5567
267575,Пожарная охрана,Датчик дыма,"884-1.1.910.19.",Дым ПК558+8 карм.,5567
267574,Пожарная охрана,Датчик дыма,"884-1.1.910.18.",Дым ПК558+6,5567
267573,Пожарная охрана,Датчик дыма,"884-1.1.910.17.",Дым ПК557+7,5567
267572,Пожарная охрана,Датчик дыма,"884-1.1.910.16.",Дым ПК556+8,5567
267571,Пожарная охрана,Датчик дыма,"884-1.1.910.15.",Дым ПК555+9,5567
267570,Пожарная охрана,Датчик дыма,"884-1.1.910.14.",Дым ПК555+1,5567
267569,Пожарная охрана,Датчик дыма,"884-1.1.910.13.",Дым ПК554+1,5567
267568,Пожарная охрана,Датчик дыма,"884-1.1.910.12.",Дым ПК553+2,5567
267567,Пожарная охрана,Датчик дыма,"884-1.1.910.11.",Дым ПК552+3,5567
267566,Пожарная охрана,Датчик дыма,"884-1.1.910.10.",Дым ПК551+7 карм.,5567
267565,Пожарная охрана,Датчик дыма,"884-1.1.910.9.",Дым ПК551+4 карм.,5567
267564,Пожарная охрана,Датчик дыма,"884-1.1.910.8.",Дым ПК551+2,5567
267563,Пожарная охрана,Датчик дыма,"884-1.1.910.7.",Дым ПК550+2,5567
267562,Пожарная охрана,Датчик дыма,"884-1.1.910.6.",Дым ПК549+2,5567
267561,Пожарная охрана,Датчик дыма,"884-1.1.910.5.",Дым ПК548+1,5567
267560,Пожарная охрана,Датчик дыма,"884-1.1.910.4.",Дым ПК546+9,5567
267559,Пожарная охрана,Датчик дыма,"884-1.1.910.3.",Дым ПК546+2,5567
267558,Пожарная охрана,Датчик дыма,"884-1.1.910.2.",Дым ПК545+2,5567
267557,Пожарная охрана,Датчик дыма,"884-1.1.910.1.",Дым ПК544,5567
267550,Пожарная охрана,Датчик дыма,"884-1.1.903.59.",Дым ПК543+2,5567
267549,Пожарная охрана,Датчик дыма,"884-1.1.903.58.",Дым ПК542+7,5567
267548,Пожарная охрана,Датчик дыма,"884-1.1.903.57.",Дым ПК542,5567
267547,Пожарная охрана,Датчик дыма,"884-1.1.903.56.",Дым ПК541+4,5567
267546,Пожарная охрана,Датчик дыма,"884-1.1.903.55.",Дым ПК540+7,5567
267545,Пожарная охрана,Датчик дыма,"884-1.1.903.54.",Дым ПК539+9,5567
267544,Пожарная охрана,Датчик дыма,"884-1.1.903.53.",Дым ПК538+8,5567
267543,Пожарная охрана,Датчик дыма,"884-1.1.903.52.",Дым ПК537+9,5567
267542,Пожарная охрана,Датчик дыма,"884-1.1.903.51.",Дым ПК537,5567
267541,Пожарная охрана,Датчик дыма,"884-1.1.903.50.",Дым ПК535+9,5567
267540,Пожарная охрана,Датчик дыма,"884-1.1.903.49.",Дым ПК534+9,5567
267538,Пожарная охрана,Датчик дыма,"884-1.1.903.47.",Дым ПК534 карм.,5567
267539,Пожарная охрана,Датчик дыма,"884-1.1.903.48.",Дым ПК533+9,5567
267537,Пожарная охрана,Датчик дыма,"884-1.1.903.46.",Дым ПК533+6 карм.,5567
267536,Пожарная охрана,Датчик дыма,"884-1.1.903.45.",Дым ПК533,5567
267535,Пожарная охрана,Датчик дыма,"884-1.1.903.44.",Дым ПК532+3,5567
267534,Пожарная охрана,Датчик дыма,"884-1.1.903.43.",Дым ПК531+3,5567
267533,Пожарная охрана,Датчик дыма,"884-1.1.903.42.",Дым ПК530+4,5567
267532,Пожарная охрана,Датчик дыма,"884-1.1.903.41.",Дым ПК529+5,5567
267531,Пожарная охрана,Датчик дыма,"884-1.1.903.40.",Дым ПК529,5567
267530,Пожарная охрана,Датчик дыма,"884-1.1.903.39.",Дым ПК527+9,5567
267529,Пожарная охрана,Датчик дыма,"884-1.1.903.38.",Дым ПК527,5567
267528,Пожарная охрана,Датчик дыма,"884-1.1.903.37.",Дым ПК526,5567
267527,Пожарная охрана,Датчик дыма,"884-1.1.903.36.",Дым ПК525+2,5567
267526,Пожарная охрана,Датчик дыма,"884-1.1.903.35.",Дым ПК524+5,5567
267525,Пожарная охрана,Датчик дыма,"884-1.1.903.34.",Дым ПК523+6,5567
267524,Пожарная охрана,Датчик дыма,"884-1.1.903.33.",Дым ПК522+7,5567
267523,Пожарная охрана,Датчик дыма,"884-1.1.903.32.",Дым ПК521+9,5567
267552,Пожарная охрана,Датчик дыма,"884-1.1.903.61.",Дым ПК521 Г6ПК0,5567
267551,Пожарная охрана,Датчик дыма,"884-1.1.903.60.",Дым ПК521 Г6ПК0,5567
267522,Пожарная охрана,Датчик дыма,"884-1.1.903.31.",Дым ПК521 Г6 ПК3,5567
267493,Пожарная охрана,Датчик дыма,"884-1.1.903.2.",Дым ПК521 Г6 ПК2+8,5567
267492,Пожарная охрана,Датчик дыма,"884-1.1.903.1.",Дым ПК521 Г6 ПК2+1,5567
267494,Пожарная охрана,Датчик дыма,"884-1.1.903.3.",Дым ПК521 Г6 ПК1+6,5567
267495,Пожарная охрана,Датчик дыма,"884-1.1.903.4.",Дым ПК520+7,5567
267496,Пожарная охрана,Датчик дыма,"884-1.1.903.5.",Дым ПК519+7,5567
267497,Пожарная охрана,Датчик дыма,"884-1.1.903.6.",Дым ПК518+5,5567
267498,Пожарная охрана,Датчик дыма,"884-1.1.903.7.",Дым ПК517+4,5567
267499,Пожарная охрана,Датчик дыма,"884-1.1.903.8.",Дым ПК517 карм.,5567
267500,Пожарная охрана,Датчик дыма,"884-1.1.903.9.",Дым ПК516+7 карм.,5567
267501,Пожарная охрана,Датчик дыма,"884-1.1.903.10.",Дым ПК516+5,5567
267502,Пожарная охрана,Датчик дыма,"884-1.1.903.11.",Дым ПК515+4,5567
267503,Пожарная охрана,Датчик дыма,"884-1.1.903.12.",Дым ПК514+4,5567
267504,Пожарная охрана,Датчик дыма,"884-1.1.903.13.",Дым ПК513+2,5567
267505,Пожарная охрана,Датчик дыма,"884-1.1.903.14.",Дым ПК512+4,5567
267506,Пожарная охрана,Датчик дыма,"884-1.1.903.15.",Дым ПК511+5,5567
267507,Пожарная охрана,Датчик дыма,"884-1.1.903.16.",Дым ПК511 ВК,5567
267508,Пожарная охрана,Датчик дыма,"884-1.1.903.17.",Дым ПК511 ВК,5567
267511,Пожарная охрана,Датчик дыма,"884-1.1.903.20.",Дым ПК510+9,5567
267510,Пожарная охрана,Датчик дыма,"884-1.1.903.19.",Дым ПК510+5 ВК,5567
267509,Пожарная охрана,Датчик дыма,"884-1.1.903.18.",Дым ПК510+5 ВК,5567
267512,Пожарная охрана,Датчик дыма,"884-1.1.903.21.",Дым ПК510+4,5567
267513,Пожарная охрана,Датчик дыма,"884-1.1.903.22.",Дым ПК509+4,5567
267514,Пожарная охрана,Датчик дыма,"884-1.1.903.23.",Дым ПК508+5,5567
267519,Пожарная охрана,Датчик дыма,"884-1.1.903.28.",Дым ПК507+4,5567
267515,Пожарная охрана,Датчик дыма,"884-1.1.903.24.",Дым ПК507+3,5567
267520,Пожарная охрана,Датчик дыма,"884-1.1.903.29.",Дым ПК507+3,5567
267518,Пожарная охрана,Датчик дыма,"884-1.1.903.27.",Дым ПК507,5567
267517,Пожарная охрана,Датчик дыма,"884-1.1.903.26.",Дым ПК506+6,5567
267516,Пожарная охрана,Датчик дыма,"884-1.1.903.25.",Дым ПК506+6,5567
267521,Пожарная охрана,Датчик дыма,"884-1.1.903.30.",Дым ПК506+6,5567
267322,Пожарная охрана,Состояние УИР-Р,"884-1.1.444.1.",УСРСБ ПК708,5567
267316,Пожарная охрана,Состояние УИР-Р,"884-1.1.443.1.",УСРСБ ПК695,5567
267310,Пожарная охрана,Состояние УИР-Р,"884-1.1.442.1.",УСРСБ ПК683,5567
267304,Пожарная охрана,Состояние УИР-Р,"884-1.1.441.1.",УСРСБ ПК672 Г2 ПК0,5567
267298,Пожарная охрана,Состояние УИР-Р,"884-1.1.440.1.",УСРСБ ПК672,5567
267292,Пожарная охрана,Состояние УИР-Р,"884-1.1.439.1.",УСРСБ ПК662,5567
267286,Пожарная охрана,Состояние УИР-Р,"884-1.1.438.1.",УСРСБ ПК653,5567
267280,Пожарная охрана,Состояние УИР-Р,"884-1.1.437.1.",УСРСБ ПК642,5567
267274,Пожарная охрана,Состояние УИР-Р,"884-1.1.436.1.",УСРСБ ПК632 Г3 ПК1,5567
267268,Пожарная охрана,Состояние УИР-Р,"884-1.1.435.1.",УСРСБ ПК632 Г3 ПК13,5567
267262,Пожарная охрана,Состояние УИР-Р,"884-1.1.434.1.",УСРСБ ПК632,5567
267256,Пожарная охрана,Состояние УИР-Р,"884-1.1.433.1.",УСРСБ ПК620,5567
267250,Пожарная охрана,Состояние УИР-Р,"884-1.1.432.1.",УСРСБ ПК610,5567
267244,Пожарная охрана,Состояние УИР-Р,"884-1.1.431.1.",УСРСБ ПК597,5567
267238,Пожарная охрана,Состояние УИР-Р,"884-1.1.421.1.",УСРСБ ПК593,5567
267232,Пожарная охрана,Состояние УИР-Р,"884-1.1.420.1.",УСРСБ ПК588,5567
267226,Пожарная охрана,Состояние УИР-Р,"884-1.1.419.1.",УСРСБ ПК583 Г4 ПК0,5567
267220,Пожарная охрана,Состояние УИР-Р,"884-1.1.418.1.",УСРСБ ПК583,5567
267214,Пожарная охрана,Состояние УИР-Р,"884-1.1.417.1.",УСРСБ АНС ПК583,5567
267208,Пожарная охрана,Состояние УИР-Р,"884-1.1.416.1.",УСРСБ ПК581,5567
267202,Пожарная охрана,Состояние УИР-Р,"884-1.1.415.1.",УСРСБ ПК576,5567
267196,Пожарная охрана,Состояние УИР-Р,"884-1.1.414.1.",УСРСБ ПК571,5567
267190,Пожарная охрана,Состояние УИР-Р,"884-1.1.413.1.",УСРСБ ПК566,5567
267184,Пожарная охрана,Состояние УИР-Р,"884-1.1.412.1.",УСРСБ ПК560,5567
267178,Пожарная охрана,Состояние УИР-Р,"884-1.1.411.1.",УСРСБ ПК555,5567
267172,Пожарная охрана,Состояние УИР-Р,"884-1.1.410.1.",УСРСБ ПК550,5567
267166,Пожарная охрана,Состояние УИР-Р,"884-1.1.409.1.",УСРСБ ПК543,5567
267160,Пожарная охрана,Состояние УИР-Р,"884-1.1.408.1.",УСРСБ ПК538,5567
267154,Пожарная охрана,Состояние УИР-Р,"884-1.1.407.1.",УСРСБ ПК533,5567
267148,Пожарная охрана,Состояние УИР-Р,"884-1.1.406.1.",УСРСБ ПК528,5567
267142,Пожарная охрана,Состояние УИР-Р,"884-1.1.405.1.",УСРСБ ПК521 Г6 ПК3,5567
267136,Пожарная охрана,Состояние УИР-Р,"884-1.1.404.1.",УСРСБ ПК521,5567
267130,Пожарная охрана,Состояние УИР-Р,"884-1.1.403.1.",УСРСБ ПК516,5567
267124,Пожарная охрана,Состояние УИР-Р,"884-1.1.402.1.",УСРСБ ПК511,5567
267118,Пожарная охрана,Состояние УИР-Р,"884-1.1.401.1.",УСРСБ ПК507,5567
267615,Пожарная охрана,Датчик дыма,"884-1.1.910.59.",Дым ПК582 щит.,5567
267614,Пожарная охрана,Датчик дыма,"884-1.1.910.58.",Дым ПК582 щит.,5567
267685,Пожарная охрана,Датчик дыма,"884-1.1.934.26.",Дым ПК632 щит.,5567
267684,Пожарная охрана,Датчик дыма,"884-1.1.934.25.",Дым ПК632 щит.,5567
278094,Пожарная охрана,Состояние УИР-Р,"884-1.1.448.2.",УСРСБ ПК725,5567
278527,Пожарная охрана,Датчик дыма,"884-1.1.961.34.",Дым ПК820+9,5567
316137,Охранная подсистема,КД Дверь,"884-1.1.214.2.","Шкаф ОПС, АКМ, ДУ ПК863",5574
316138,Диагностическая подсистема,ИБП,"884-1.1.214.3.","ББП ОПС, АКМ, ДУ ПК863",5574
267864,Охранная подсистема,КД Дверь,"884-1.1.203.1.","КД шкаф ОПС, АКМ, ДУ ДП ЦДТ",5574
267866,Диагностическая подсистема,ИБП,"884-1.1.203.3.","АКБ шкаф ОПС, АКМ, ДУ ДП ЦДТ",5574
266707,Охранная подсистема,КД Дверь,"884-1.1.208.10.",КД дверь шкаф ДУ ПК583 щит.,5574
266699,Охранная подсистема,КД Дверь,"884-1.1.208.1.","КД дверь шкаф ОПС, АКМ, ДУ ПК583 щит.",5574
266700,Диагностическая подсистема,ИБП,"884-1.1.208.2.","АКБ шкаф ОПС, АКМ, ДУ ПК583 щит.",5574
266785,Охранная подсистема,КД Дверь,"884-1.1.235.1.","КД дверь шкаф ОПС, АКМ, ДУ ПК632 щит.",5574
266793,Охранная подсистема,КД Дверь,"884-1.1.235.10.",КД дверь шкаф ДУ ПК632 щит.,5574
266786,Диагностическая подсистема,ИБП,"884-1.1.235.2.","АКБ шкаф ОПС, АКМ, ДУ ПК632 щит.",5574
268885,Диспетчерский контроль,Состояние вентилятора,"885-1.1.322.4.",В9 ПК169,5578
268886,Диспетчерский контроль,Переключатель,"885-1.1.322.8.",Управление В9 ПК169,5578
268075,Диспетчерский контроль,Состояние вентилятора,"885-1.1.320.4.",Вщ ПК169,5578
268077,Диспетчерский контроль,Переключатель,"885-1.1.320.8.",Управление Вщ ПК169,5578
268019,Диспетчерский контроль,Состояние фазы,"885-1.1.309.2.",ФТС ПК48 Г1 ПК5,5578
268020,Диспетчерский контроль,Переключатель,"885-1.1.309.7.",Управление ФТС ПК48 Г1 ПК5,5578
268013,Диспетчерский контроль,Состояние фазы,"885-1.1.308.2.",ФВ2 ПК48 Г1 ПК5,5578
268015,Диспетчерский контроль,Переключатель,"885-1.1.308.7.",Управление ФВ2 ПК48 Г1 ПК5,5578
268014,Диспетчерский контроль,Состояние фазы,"885-1.1.308.4.",ФАНС2 ПК48 Г1 ПК5,5578
268016,Диспетчерский контроль,Переключатель,"885-1.1.308.8.",Управление ФАНС2 ПК48 Г1 ПК5,5578
268008,Диспетчерский контроль,Состояние фазы,"885-1.1.307.4.",ФВ3 ПК48 Г1 ПК5,5578
268007,Диспетчерский контроль,Состояние фазы,"885-1.1.307.2.",ФАНС3 ПК48 Г1 ПК5,5578
268010,Диспетчерский контроль,Переключатель,"885-1.1.307.8.",Управление ФВ3 ПК48 Г1 ПК5,5578
268009,Диспетчерский контроль,Переключатель,"885-1.1.307.7.",Управление ФАНС3 ПК48 Г1 ПК5,5578
268001,Диспетчерский контроль,Состояние фазы,"885-1.1.306.2.",ФВ1 ПК48 Г1 ПК5,5578
268003,Диспетчерский контроль,Переключатель,"885-1.1.306.7.",Управление ФВ1 ПК48 Г1 ПК5,5578
267993,Диспетчерский контроль,Состояние фазы,"885-1.1.305.2.",ФАНС1 ПК48 Г1 ПК5,5578
267998,Диспетчерский контроль,Переключатель,"885-1.1.305.7.",Управление ФАНС1 ПК48 Г1 ПК5,5578
272683,Диспетчерский контроль,Состояние фазы,"885-1.1.329.2.",ФРО2 ПК48 Г1 ПК5,5578
272684,Диспетчерский контроль,Состояние фазы,"885-1.1.329.4.",ФАО2 ПК48 Г1 ПК5,5578
272685,Диспетчерский контроль,Переключатель,"885-1.1.329.7.",Управление ФРО2 ПК48 Г1 ПК5,5578
272686,Диспетчерский контроль,Переключатель,"885-1.1.329.8.",Управление ФАО2 ПК48 Г1 ПК5,5578
268090,Диспетчерский контроль,Состояние фазы,"885-1.1.323.2.",ФТС1 ПК169,5578
268091,Диспетчерский контроль,Состояние фазы,"885-1.1.323.4.",ФТС2 ПК169,5578
268093,Диспетчерский контроль,Переключатель,"885-1.1.323.8.",Управление ФТС2 ПК169,5578
268092,Диспетчерский контроль,Переключатель,"885-1.1.323.7.",Управление ФТС1 ПК169,5578
268074,Диспетчерский контроль,Состояние фазы,"885-1.1.320.2.",ФВ ПК169,5578
268076,Диспетчерский контроль,Переключатель,"885-1.1.320.7.",Управление ФВ ПК169,5578
268071,Диспетчерский контроль,Переключатель,"885-1.1.319.7.",Управление Ф пит. Резерв ПК169,5578
268066,Диспетчерский контроль,Состояние фазы,"885-1.1.319.2.",Ф пит. Резерв ПК169,5578
268061,Диспетчерский контроль,Состояние фазы,"885-1.1.318.4.",ФАО ПК169,5578
268060,Диспетчерский контроль,Состояние фазы,"885-1.1.318.2.",ФРО ПК169,5578
268062,Диспетчерский контроль,Переключатель,"885-1.1.318.7.",Управление ФРО ПК169,5578
268063,Диспетчерский контроль,Переключатель,"885-1.1.318.8.",Управление ФАО ПК169,5578
268043,Диспетчерский контроль,Состояние фазы,"885-1.1.314.3.",РО8 ПК82,5578
268048,Диспетчерский контроль,Состояние фазы,"885-1.1.315.3.",РО9 ПК132,5578
268053,Диспетчерский контроль,Состояние фазы,"885-1.1.316.3.",РО10 ПК132,5578
268057,Диспетчерский контроль,Состояние фазы,"885-1.1.317.1.",РО11 ПК142,5578
268096,Диспетчерский контроль,Состояние фазы,"885-1.1.324.1.",РО5 ПК0,5578
268099,Диспетчерский контроль,Состояние фазы,"885-1.1.325.1.",РО6 ПК20,5578
268102,Диспетчерский контроль,Состояние фазы,"885-1.1.326.1.",РО7 ПК38,5578
268035,Диспетчерский контроль,Состояние насоса,"885-1.1.312.4.",Н2 ПК53 Г2 ПК10,5578
267997,Диспетчерский контроль,Состояние фазы,"885-1.1.305.6.",АВР Ввод2 ПК48 Г1 ПК5,5578
267996,Диспетчерский контроль,Состояние фазы,"885-1.1.305.5.",АВР Ввод1 ПК48 Г1 ПК5,5578
268024,Диспетчерский контроль,Состояние фазы,"885-1.1.310.2.",РО4 ПК52,5578
268023,Диспетчерский контроль,Состояние фазы,"885-1.1.310.1.",РО3 ПК52,5578
268025,Диспетчерский контроль,Состояние вентилятора,"885-1.1.310.4.",В3 ПК53,5578
268029,Диспетчерский контроль,Состояние фазы,"885-1.1.311.1.",ОЗК закр. ПК53,5578
268030,Диспетчерский контроль,Состояние фазы,"885-1.1.311.2.",ОЗК откр. ПК53,5578
268031,Диспетчерский контроль,Переключатель,"885-1.1.311.7.",Управление ОЗК ПК53,5578
268034,Диспетчерский контроль,Состояние насоса,"885-1.1.312.1.",Н1 ПК53 Г2 ПК10,5578
268038,Диспетчерский контроль,Состояние вентилятора,"885-1.1.313.2.",В4 ПК81,5578
268039,Диспетчерский контроль,Переключатель,"885-1.1.313.7.",Управление В4 ПК81,5578
268042,Диспетчерский контроль,Состояние вентилятора,"885-1.1.314.2.",В6 ПК81,5578
268044,Диспетчерский контроль,Переключатель,"885-1.1.314.7.",Управление В6 ПК82,5578
268047,Диспетчерский контроль,Состояние вентилятора,"885-1.1.315.2.",В7 ПК132,5578
268049,Диспетчерский контроль,Переключатель,"885-1.1.315.7.",Управление В7 ПК132,5578
268052,Диспетчерский контроль,Состояние вентилятора,"885-1.1.316.2.",В8 ПК132,5578
268054,Диспетчерский контроль,Переключатель,"885-1.1.316.7.",Управление В8 ПК132,5578
268067,Диспетчерский контроль,Состояние фазы,"885-1.1.319.3.",ЩАП-23 Ввод1 ПК169,5578
268068,Диспетчерский контроль,Состояние фазы,"885-1.1.319.4.",ЩАП-23 Ввод2 ПК169,5578
268070,Диспетчерский контроль,Состояние фазы,"885-1.1.319.6.",АВР Ввод2 ПК169,5578
268069,Диспетчерский контроль,Состояние фазы,"885-1.1.319.5.",АВР Ввод1 ПК169,5578
268105,Диспетчерский контроль,Состояние насоса,"885-1.1.327.1.",Н1 ПК55,5578
268106,Диспетчерский контроль,Состояние насоса,"885-1.1.327.4.",Н2 ПК55,5578
267988,Диспетчерский контроль,Состояние фазы,"885-1.1.304.4.",ФАО1 ПК48 Г1 ПК5,5578
267990,Диспетчерский контроль,Переключатель,"885-1.1.304.8.",Управление ФАО1 ПК48 Г1 ПК5,5578
267987,Диспетчерский контроль,Состояние фазы,"885-1.1.304.2.",ФРО1 ПК48 Г1 ПК5,5578
267989,Диспетчерский контроль,Переключатель,"885-1.1.304.7.",Управление ФРО1 ПК48 Г1 ПК5,5578
267979,Диспетчерский контроль,Состояние фазы,"885-1.1.302.3.",РО2 ПК23,5578
268128,Газовая охрана,Газовый датчик,"885-1.1.504.1.",ГАЗ Д4 ПК22,5578
268118,Газовая охрана,Газовый датчик,"885-1.1.502.1.",ГАЗ Д2 ПК3,5578
268123,Газовая охрана,Газовый датчик,"885-1.1.503.1.",ГАЗ Д3 ПК13,5578
268148,Газовая охрана,Газовый датчик,"885-1.1.508.1.",ГАЗ Д8 ПК48 Г1 ПК5,5578
268188,Газовая охрана,Газовый датчик,"885-1.1.516.1.",ГАЗ Д16 ПК83,5578
267980,Диспетчерский контроль,Переключатель,"885-1.1.302.7.",Управление В2 ПК23,5578
267975,Диспетчерский контроль,Переключатель,"885-1.1.301.7.",Управление В1 ПК23,5578
267984,Диспетчерский контроль,Состояние насоса,"885-1.1.303.4.",Н2 ПК48 Г1 ПК5,5578
268153,Газовая охрана,Газовый датчик,"885-1.1.509.1.",ГАЗ Д9 ПК53 Г2 ПК9,5578
267978,Диспетчерский контроль,Состояние вентилятора,"885-1.1.302.2.",В2 ПК23,5578
268268,Газовая охрана,Газовый датчик,"885-1.1.534.1.",ГАЗ Д34 ПК37,5578
268158,Газовая охрана,Газовый датчик,"885-1.1.510.1.",ГАЗ Д10 ПК53 Г2 ПК10,5578
268163,Газовая охрана,Газовый датчик,"885-1.1.511.1.",ГАЗ Д11 ПК54,5578
268168,Газовая охрана,Газовый датчик,"885-1.1.512.1.",ГАЗ Д12 ПК56,5578
268173,Газовая охрана,Газовый датчик,"885-1.1.513.1.",ГАЗ Д13 ПК70,5578
268178,Газовая охрана,Газовый датчик,"885-1.1.514.1.",ГАЗ Д14 ПК72,5578
268183,Газовая охрана,Газовый датчик,"885-1.1.515.1.",ГАЗ Д15 ПК80,5578
268193,Газовая охрана,Газовый датчик,"885-1.1.517.1.",ГАЗ Д17 ПК93,5578
268198,Газовая охрана,Газовый датчик,"885-1.1.518.1.",ГАЗ Д18 ПК107,5578
268203,Газовая охрана,Газовый датчик,"885-1.1.519.1.",ГАЗ Д19 ПК110,5578
268208,Газовая охрана,Газовый датчик,"885-1.1.520.1.",ГАЗ Д20 ПК116,5578
268213,Газовая охрана,Газовый датчик,"885-1.1.521.1.",ГАЗ Д21 ПК118,5578
268218,Газовая охрана,Газовый датчик,"885-1.1.522.1.",ГАЗ Д22 ПК131,5578
268223,Газовая охрана,Газовый датчик,"885-1.1.523.1.",ГАЗ Д23 ПК133,5578
268228,Газовая охрана,Газовый датчик,"885-1.1.524.1.",ГАЗ Д24 ПК143,5578
268233,Газовая охрана,Газовый датчик,"885-1.1.525.1.",ГАЗ Д25 ПК145,5578
268238,Газовая охрана,Газовый датчик,"885-1.1.526.1.",ГАЗ Д26 ПК162,5578
268243,Газовая охрана,Газовый датчик,"885-1.1.527.1.",ГАЗ Д27 ПК164,5578
268248,Газовая охрана,Газовый датчик,"885-1.1.528.1.",ГАЗ Д28 ПК169,5578
268253,Газовая охрана,Газовый датчик,"885-1.1.531.1.",ГАЗ Д31 ПК0,5578
268258,Газовая охрана,Газовый датчик,"885-1.1.532.1.",ГАЗ Д32 ПК10,5578
268263,Газовая охрана,Газовый датчик,"885-1.1.533.1.",ГАЗ Д33 ПК20,5578
268283,Газовая охрана,Газовый датчик,"885-1.1.537.1.",ГАЗ Д37 ПК4,5578
268273,Газовая охрана,Газовый датчик,"885-1.1.535.1.",ГАЗ Д35 ПК49,5578
268278,Газовая охрана,Газовый датчик,"885-1.1.536.1.",ГАЗ Д36 ПК55,5578
268288,Газовая охрана,Газовый датчик,"885-1.1.538.1.",ГАЗ Д38 ПК2,5578
268293,Газовая охрана,Газовый датчик,"885-1.1.539.1.",ГАЗ Д39 ПК1,5578
268298,Газовая охрана,Газовый датчик,"885-1.1.540.1.",ГАЗ Д40 ПК0,5578
267973,Диспетчерский контроль,Состояние вентилятора,"885-1.1.301.2.",В1 ПК23,5578
267983,Диспетчерский контроль,Состояние насоса,"885-1.1.303.1.",Н1 ПК48 Г1 ПК5,5578
267995,Диспетчерский контроль,Состояние фазы,"885-1.1.305.4.",ЩАП-23 Ввод2 ПК48 Г1 ПК5,5578
267994,Диспетчерский контроль,Состояние фазы,"885-1.1.305.3.",ЩАП-23 Ввод1 ПК48 Г1 ПК5,5578
267974,Диспетчерский контроль,Состояние фазы,"885-1.1.301.3.",РО1 ПК23,5578
268026,Диспетчерский контроль,Переключатель,"885-1.1.310.7.",Управление В3 ПК53,5578
268113,Газовая охрана,Газовый датчик,"885-1.1.501.1.",ГАЗ Д1 ПК1,5578
268133,Газовая охрана,Газовый датчик,"885-1.1.505.1.",ГАЗ Д5 ПК24,5578
268138,Газовая охрана,Газовый датчик,"885-1.1.506.1.",ГАЗ Д6 ПК34,5578
268143,Газовая охрана,Газовый датчик,"885-1.1.507.1.",ГАЗ Д7 ПК44,5578
268080,Диспетчерский контроль,Состояние фазы,"885-1.1.321.2.",ФАНС ПК177 ПК169,5578
268082,Диспетчерский контроль,Переключатель,"885-1.1.321.7.",Управление ФАНС ПК177 ПК169,5578
268081,Диспетчерский контроль,Состояние фазы,"885-1.1.321.4.",Фрез.2 ПК169,5578
268083,Диспетчерский контроль,Переключатель,"885-1.1.321.8.",Управление Фрез.2 ПК169,5578
268004,Диспетчерский контроль,Переключатель,"885-1.1.306.8.",Управление Вщ ПК48 Г1 ПК5,5578
268002,Диспетчерский контроль,Состояние вентилятора,"885-1.1.306.4.",Вщ ПК48 Г1 ПК5,5578
268109,Диспетчерский контроль,Состояние вентилятора,"885-1.1.328.2.",В5 ПК55,5578
268110,Диспетчерский контроль,Переключатель,"885-1.1.328.7.",Управление В5 ПК55,5578
268086,Диспетчерский контроль,Состояние фазы,"885-1.1.322.2.",Фрез.1 ПК169,5578
268087,Диспетчерский контроль,Переключатель,"885-1.1.322.7.",Управление Фрез.1 ПК169,5578
269136,Диагностическая подсистема,ИБП,"890-1.1.222.1.",АКБ шкаф АКМ и ДУ ПК169,5579
269137,Охранная подсистема,КД Дверь,"890-1.1.222.3.",КД дверь шкаф АКМ и ДУ ПК169,5579
269138,Охранная подсистема,КД Дверь,"890-1.1.222.4.",КД дверь шкаф ДУ ПК169,5579
268993,Диагностическая подсистема,ИБП,"890-1.1.221.1.",АКБ шкаф АКМ и ДУ Г1 ПК5,5579
268994,Охранная подсистема,КД Дверь,"890-1.1.221.3.",КД дверь шкаф АКМ и ДУ Г1 ПК5,5579
268995,Охранная подсистема,КД Дверь,"890-1.1.221.4.",КД дверь шкаф ДУ Г1 ПК5,5579
269120,Охранная подсистема,КД Дверь,"890-1.1.220.1.",КД дверь шкаф ОПС ПК169,5579
269127,Диагностическая подсистема,ИБП,"890-1.1.220.8.",АКБ шкаф ОПС ПК169,5579
268984,Диагностическая подсистема,ИБП,"890-1.1.207.7.",АКБ шкаф ОПС Г1 ПК5,5579
268983,Охранная подсистема,КД Дверь,"890-1.1.207.6.",КД дверь шкаф ОПС Г1 ПК5,5579
268889,Охранная подсистема,КД Дверь,"890-1.1.201.1.",КД дверь шкаф ОПС ДП Площадь Гагарина ,5579
268891,Охранная подсистема,КД Дверь,"890-1.1.201.4.",КД дверь шкаф АКМ и ДУ ДП Площадь Гагарина,5579
268890,Диагностическая подсистема,ИБП,"890-1.1.201.2.",АКБ шкаф ОПС ДП Площадь Гагарина,5579
268892,Диагностическая подсистема,ИБП,"890-1.1.201.5.",АКБ шкаф АКМ и ДУ ДП Площадь Гагарина,5579
268958,Охранная подсистема,КД Дверь,"890-1.1.206.8.",КД 4-секц. люк ПК48 Г1 ПК5 ур.2 2шт.,5580
268954,Охранная подсистема,КД АВ,"890-1.1.206.4.",КД АВ ПК48 Г1 ПК5,5580
269757,Диспетчерский контроль,Состояние охраны,"890-g1.",ОС Вавиловский,5580
269098,Охранная подсистема,КД АВ,"890-1.1.227.1.",МРСБ АВ ПК132,5580
269059,Охранная подсистема,КД АВ,"890-1.1.226.1.",МРСБ АВ ПК81,5580
268969,Охранная подсистема,КД Дверь,"890-1.1.225.3.",МРСБ 4-секц. люк ПК48 Г1 ПК5 ур.2,5580
268968,Охранная подсистема,КД Дверь,"890-1.1.225.2.",МРСБ 4-секц. люк ПК48 Г1 ПК5 ур.2,5580
268967,Охранная подсистема,КД АВ,"890-1.1.225.1.",МРСБ АВ ПК48 Г1 ПК5 ур.2,5580
268917,Охранная подсистема,КД Дверь,"890-1.1.223.1.",МРСБ дверь сопр. ПК0 с Гагаринский,5580
268918,Охранная подсистема,КД АВ,"890-1.1.223.2.",МРСБ АВ ПК2+2,5580
269139,Охранная подсистема,КД Дверь,"890-1.1.222.5.",КД дверь ПК170 тех.пом.,5580
269122,Температурная подсистема,Датчик температуры,"890-1.1.220.3.",ТЕМП щит. ПК169,5580
269123,Охранная подсистема,КД Дверь,"890-1.1.220.4.",КД дверь щит. ПК169,5580
269121,Охранная подсистема,Датчик движения,"890-1.1.220.2.",ОД щит. ПК169,5580
269125,Охранная подсистема,КД Дверь,"890-1.1.220.6.",КД дверь сопр. ПК169 с Лен. 83,5580
269126,Охранная подсистема,КД Дверь,"890-1.1.220.7.",МРСБ дверь сопр. ПК169 с Лен. 83,5580
269124,Охранная подсистема,Датчик движения,"890-1.1.220.5.",ОД дверь сопр. ПК169 с Лен. 83,5580
269108,Охранная подсистема,Датчик движения,"890-1.1.218.2.",ОД ВШ ПК163,5580
269110,Охранная подсистема,Датчик движения,"890-1.1.218.4.",ОД ВШ ПК163+2,5580
269107,Охранная подсистема,КД Дверь,"890-1.1.218.1.",КД отс. дверь ПК163,5580
269109,Температурная подсистема,Датчик температуры,"890-1.1.218.3.",ТЕМП ПК163,5580
269111,Температурная подсистема,Датчик температуры,"890-1.1.218.5.",ТЕМП ПК163+2,5580
269087,Охранная подсистема,Датчик движения,"890-1.1.216.6.",ОД ВШ ПК132+2,5580
269084,Охранная подсистема,КД АВ,"890-1.1.216.3.",КД АВ ПК132,5580
269085,Охранная подсистема,Датчик движения,"890-1.1.216.4.",ОД АВ ПК132,5580
269082,Температурная подсистема,Датчик температуры,"890-1.1.216.1.",ТЕМП ПК132,5580
269088,Температурная подсистема,Датчик температуры,"890-1.1.216.7.",ТЕМП ПК132+2,5580
269089,Охранная подсистема,КД Дверь,"890-1.1.216.8.",КД отс. дверь ПК132,5580
269086,Охранная подсистема,КД Дверь,"890-1.1.216.5.",КД дверь ВШ ПК132+2,5580
269083,Охранная подсистема,КД Дверь,"890-1.1.216.2.",КД дверь ПК132,5580
269068,Охранная подсистема,Датчик движения,"890-1.1.214.1.",ОД ВШ ПК108,5580
269072,Охранная подсистема,Датчик движения,"890-1.1.214.5.",ОД ВШ ПК108+2,5580
269070,Охранная подсистема,Датчик движения,"890-1.1.214.3.",ОД развилка ПК105,5580
269069,Температурная подсистема,Датчик температуры,"890-1.1.214.2.",ТЕМП ПК108,5580
269073,Температурная подсистема,Датчик температуры,"890-1.1.214.6.",ТЕМП ПК108+2,5580
269071,Охранная подсистема,КД Дверь,"890-1.1.214.4.",КД отс. дверь ПК108,5580
269049,Охранная подсистема,КД АВ,"890-1.1.212.7.",КД АВ ПК81,5580
269047,Охранная подсистема,Датчик движения,"890-1.1.212.5.",ОД АВ ПК81,5580
269046,Охранная подсистема,Датчик движения,"890-1.1.212.4.",ОД ВШ ПК82,5580
269044,Температурная подсистема,Датчик температуры,"890-1.1.212.2.",ТЕМП ПК82,5580
269050,Температурная подсистема,Датчик температуры,"890-1.1.212.8.",ТЕМП ПК82+2,5580
269043,Охранная подсистема,КД Дверь,"890-1.1.212.1.",КД отс. дверь ПК82,5580
269045,Охранная подсистема,КД Дверь,"890-1.1.212.3.",КД дверь ВШ ПК82,5580
269048,Охранная подсистема,КД Дверь,"890-1.1.212.6.",КД дверь ВШ ПК82+2,5580
269033,Охранная подсистема,КД Дверь,"890-1.1.211.3.",КД дверь сопр. ПК70 с Зелинского,5580
269034,Охранная подсистема,КД Дверь,"890-1.1.211.4.",МРСБ дверь сопр. ПК70 с Зелинского,5580
269032,Охранная подсистема,Датчик движения,"890-1.1.211.2.",ОД дверь сопр. ПК70 с Зелинского,5580
269031,Температурная подсистема,Датчик температуры,"890-1.1.211.1.",ТЕМП ПК70,5580
269019,Охранная подсистема,КД Люк,"890-1.1.210.1.",КД люк ПК53,5580
269022,Охранная подсистема,КД Люк,"890-1.1.210.4.",МРСБ люк ПК53,5580
269021,Охранная подсистема,Датчик движения,"890-1.1.210.3.",ОД развилка ПК53,5580
269020,Охранная подсистема,КД Дверь,"890-1.1.210.2.",КД отс. дверь ПК53,5580
269009,Охранная подсистема,КД АВ,"890-1.1.209.6.",КД АВ ПК52 Г2 ПК10,5580
269010,Охранная подсистема,КД АВ,"890-1.1.209.7.",МРСБ АВ ПК52 Г2 ПК10,5580
269008,Охранная подсистема,Датчик движения,"890-1.1.209.3.",ОД АВ ПК52 Г2 ПК10,5580
269006,Температурная подсистема,Датчик температуры,"890-1.1.209.1.",ТЕМП ПК52 Г2 ПК10,5580
269007,Диспетчерский контроль,Датчик затопления,"890-1.1.209.2.",Затопление ПК52 Г2 ПК10,5580
268952,Диспетчерский контроль,Датчик затопления,"890-1.1.206.2.",Затопление ПК48 Г1 ПК5,5580
268955,Охранная подсистема,КД Дверь,"890-1.1.206.5.",КД дверь к АВ ПК48 Г1 ПК5 ур.2,5580
268951,Температурная подсистема,Датчик температуры,"890-1.1.206.1.",ТЕМП АНС ПК48 Г1 ПК5,5580
268953,Температурная подсистема,Датчик температуры,"890-1.1.206.3.",ТЕМП ПК48 Г1 ПК5,5580
268942,Охранная подсистема,КД Дверь,"890-1.1.205.2.",КД отс. дверь ПК50,5580
268930,Охранная подсистема,Датчик движения,"890-1.1.203.4.",ОД ВШ ПК23,5580
268928,Охранная подсистема,Датчик движения,"890-1.1.203.2.",ОД ВШ ПК23+2,5580
268931,Температурная подсистема,Датчик температуры,"890-1.1.203.6.",ТЕМП ПК23,5580
268933,Температурная подсистема,Датчик температуры,"890-1.1.203.8.",ТЕМП ПК23+2,5580
268932,Охранная подсистема,КД Дверь,"890-1.1.203.7.",КД отс. дверь ПК23,5580
268927,Охранная подсистема,КД Дверь,"890-1.1.203.1.",КД дверь ВШ ПК23,5580
268929,Охранная подсистема,КД Дверь,"890-1.1.203.3.",КД дверь ВШ ПК23+2,5580
268907,Охранная подсистема,КД АВ,"890-1.1.202.7.",КД АВ ПК2+2,5580
268906,Охранная подсистема,Датчик движения,"890-1.1.202.6.",ОД АВ ПК2+2,5580
268901,Охранная подсистема,Датчик движения,"890-1.1.202.1.",ОД ВШ ПК2,5580
268902,Температурная подсистема,Датчик температуры,"890-1.1.202.2.",ТЕМП ПК2,5580
268908,Температурная подсистема,Датчик температуры,"890-1.1.202.8.",ТЕМП ПК2+2,5580
268904,Охранная подсистема,КД Дверь,"890-1.1.202.4.",КД дверь сопр. ПК0 с Гагаринский,5580
268903,Охранная подсистема,Датчик движения,"890-1.1.202.3.",ОД дверь сопр. ПК0 с Гагаринский,5580
268905,Охранная подсистема,КД Дверь,"890-1.1.202.5.",КД отс. дверь ПК2,5580
196950,Охранная подсистема,КД АВ,"798-1.1.62.2.",КД АВ ПК71,5580
196949,Охранная подсистема,КД Дверь,"798-1.1.62.1.",КД дверь отс. ПК71,5580
269370,Пожарная охрана,Состояние УИР-Р,"890-1.1.438.1.",УСРСБ щит. ПК169,5581
269364,Пожарная охрана,Состояние УИР-Р,"890-1.1.437.1.",УСРСБ ПК169,5581
269358,Пожарная охрана,Состояние УИР-Р,"890-1.1.436.1.",УСРСБ ПК163,5581
269352,Пожарная охрана,Состояние УИР-Р,"890-1.1.435.1.",УСРСБ ПК157,5581
269346,Пожарная охрана,Состояние УИР-Р,"890-1.1.434.1.",УСРСБ ПК151,5581
269340,Пожарная охрана,Состояние УИР-Р,"890-1.1.433.1.",УСРСБ ПК147,5581
269334,Пожарная охрана,Состояние УИР-Р,"890-1.1.432.1.",УСРСБ ПК142,5581
269328,Пожарная охрана,Состояние УИР-Р,"890-1.1.431.1.",УСРСБ ПК137,5581
269322,Пожарная охрана,Состояние УИР-Р,"890-1.1.430.1.",УСРСБ ПК132,5581
269316,Пожарная охрана,Состояние УИР-Р,"890-1.1.429.1.",УСРСБ ПК126,5581
269310,Пожарная охрана,Состояние УИР-Р,"890-1.1.428.1.",УСРСБ ПК120,5581
269304,Пожарная охрана,Состояние УИР-Р,"890-1.1.427.1.",УСРСБ ПК115,5581
269298,Пожарная охрана,Состояние УИР-Р,"890-1.1.426.1.",УСРСБ ПК110,5581
269292,Пожарная охрана,Состояние УИР-Р,"890-1.1.425.1.",УСРСБ ПК105,5581
269286,Пожарная охрана,Состояние УИР-Р,"890-1.1.424.1.",УСРСБ ПК99,5581
269280,Пожарная охрана,Состояние УИР-Р,"890-1.1.423.1.",УСРСБ ПК93,5581
269274,Пожарная охрана,Состояние УИР-Р,"890-1.1.422.1.",УСРСБ ПК87,5581
269268,Пожарная охрана,Состояние УИР-Р,"890-1.1.421.1.",УСРСБ ПК82,5581
269262,Пожарная охрана,Состояние УИР-Р,"890-1.1.420.1.",УСРСБ ПК77,5581
269256,Пожарная охрана,Состояние УИР-Р,"890-1.1.419.1.",УСРСБ ПК72,5581
269250,Пожарная охрана,Состояние УИР-Р,"890-1.1.418.1.",УСРСБ ПК67,5581
269244,Пожарная охрана,Состояние УИР-Р,"890-1.1.417.1.",УСРСБ ПК61,5581
269238,Пожарная охрана,Состояние УИР-Р,"890-1.1.416.1.",УСРСБ ПК56,5581
269232,Пожарная охрана,Состояние УИР-Р,"890-1.1.415.1.",УСРСБ Г2 ПК10 ур.2,5581
269226,Пожарная охрана,Состояние УИР-Р,"890-1.1.414.1.",УСРСБ Г2 ПК4,5581
269220,Пожарная охрана,Состояние УИР-Р,"890-1.1.413.1.",УСРСБ ПК51,5581
269214,Пожарная охрана,Состояние УИР-Р,"890-1.1.412.1.",УСРСБ щит. Г1 ПК5,5581
269208,Пожарная охрана,Состояние УИР-Р,"890-1.1.411.1.",УСРСБ Г1 ПК5 ур.2,5581
269202,Пожарная охрана,Состояние УИР-Р,"890-1.1.410.1.",УСРСБ Г1 ПК5,5581
269196,Пожарная охрана,Состояние УИР-Р,"890-1.1.409.1.",УСРСБ ПК48,5581
269190,Пожарная охрана,Состояние УИР-Р,"890-1.1.408.1.",УСРСБ ПК41,5581
269184,Пожарная охрана,Состояние УИР-Р,"890-1.1.407.1.",УСРСБ ПК35,5581
269178,Пожарная охрана,Состояние УИР-Р,"890-1.1.406.1.",УСРСБ ПК29,5581
269172,Пожарная охрана,Состояние УИР-Р,"890-1.1.405.1.",УСРСБ ПК23,5581
269166,Пожарная охрана,Состояние УИР-Р,"890-1.1.404.1.",УСРСБ ПК17,5581
269160,Пожарная охрана,Состояние УИР-Р,"890-1.1.403.1.",УСРСБ ПК12,5581
269154,Пожарная охрана,Состояние УИР-Р,"890-1.1.402.1.",УСРСБ ПК7,5581
269148,Пожарная охрана,Состояние УИР-Р,"890-1.1.401.1.",УСРСБ ПК2,5581
269719,Пожарная охрана,Датчик дыма,"890-1.1.919.59.",Дым ПК169 щит.,5581
269720,Пожарная охрана,Датчик дыма,"890-1.1.919.60.",Дым ПК169 щит.,5581
269721,Пожарная охрана,Датчик дыма,"890-1.1.919.61.",Дым ПК169,5581
269722,Пожарная охрана,Датчик дыма,"890-1.1.919.62.",Дым ПК169,5581
269717,Пожарная охрана,Датчик дыма,"890-1.1.919.57.",Дым ПК169,5581
269718,Пожарная охрана,Датчик дыма,"890-1.1.919.58.",Дым ПК169,5581
269716,Пожарная охрана,Датчик дыма,"890-1.1.919.56.",Дым ПК169,5581
269715,Пожарная охрана,Датчик дыма,"890-1.1.919.55.",Дым ПК168+4,5581
269714,Пожарная охрана,Датчик дыма,"890-1.1.919.54.",Дым ПК167+8,5581
269713,Пожарная охрана,Датчик дыма,"890-1.1.919.53.",Дым ПК167+1,5581
269712,Пожарная охрана,Датчик дыма,"890-1.1.919.52.",Дым ПК166+1,5581
269711,Пожарная охрана,Датчик дыма,"890-1.1.919.51.",Дым ПК165+2,5581
269710,Пожарная охрана,Датчик дыма,"890-1.1.919.50.",Дым ПК164+3,5581
269709,Пожарная охрана,Датчик дыма,"890-1.1.919.49.",Дым ПК163+4,5581
269708,Пожарная охрана,Датчик дыма,"890-1.1.919.48.",Дым ПК162+8,5581
269707,Пожарная охрана,Датчик дыма,"890-1.1.919.47.",Дым ПК161+9,5581
269706,Пожарная охрана,Датчик дыма,"890-1.1.919.46.",Дым ПК160+9,5581
269705,Пожарная охрана,Датчик дыма,"890-1.1.919.45.",Дым ПК159+9,5581
269704,Пожарная охрана,Датчик дыма,"890-1.1.919.44.",Дым ПК159,5581
269703,Пожарная охрана,Датчик дыма,"890-1.1.919.43.",Дым ПК158+9,5581
269702,Пожарная охрана,Датчик дыма,"890-1.1.919.42.",Дым ПК157,5581
269701,Пожарная охрана,Датчик дыма,"890-1.1.919.41.",Дым ПК155+5,5581
269700,Пожарная охрана,Датчик дыма,"890-1.1.919.40.",Дым ПК155,5581
269699,Пожарная охрана,Датчик дыма,"890-1.1.919.39.",Дым ПК154,5581
269698,Пожарная охрана,Датчик дыма,"890-1.1.919.38.",Дым ПК153+1,5581
269697,Пожарная охрана,Датчик дыма,"890-1.1.919.37.",Дым ПК152+1,5581
269694,Пожарная охрана,Датчик дыма,"890-1.1.919.34.",Дым ПК151+5,5581
269693,Пожарная охрана,Датчик дыма,"890-1.1.919.33.",Дым ПК151+5,5581
269695,Пожарная охрана,Датчик дыма,"890-1.1.919.35.",Дым ПК151+5,5581
269696,Пожарная охрана,Датчик дыма,"890-1.1.919.36.",Дым ПК151+5,5581
269692,Пожарная охрана,Датчик дыма,"890-1.1.919.32.",Дым ПК151,5581
269691,Пожарная охрана,Датчик дыма,"890-1.1.919.31.",Дым ПК151,5581
269690,Пожарная охрана,Датчик дыма,"890-1.1.919.30.",Дым ПК150+5,5581
269689,Пожарная охрана,Датчик дыма,"890-1.1.919.29.",Дым ПК149+8,5581
269688,Пожарная охрана,Датчик дыма,"890-1.1.919.28.",Дым ПК148+8,5581
269687,Пожарная охрана,Датчик дыма,"890-1.1.919.27.",Дым ПК147+8,5581
269686,Пожарная охрана,Датчик дыма,"890-1.1.919.26.",Дым ПК147,5581
269685,Пожарная охрана,Датчик дыма,"890-1.1.919.25.",Дым ПК146+2,5581
269684,Пожарная охрана,Датчик дыма,"890-1.1.919.24.",Дым ПК145+5,5581
269683,Пожарная охрана,Датчик дыма,"890-1.1.919.23.",Дым ПК145,5581
269682,Пожарная охрана,Датчик дыма,"890-1.1.919.22.",Дым ПК144+6,5581
269681,Пожарная охрана,Датчик дыма,"890-1.1.919.21.",Дым ПК144,5581
269680,Пожарная охрана,Датчик дыма,"890-1.1.919.20.",Дым ПК143+5,5581
269678,Пожарная охрана,Датчик дыма,"890-1.1.919.18.",Дым ПК143,5581
269679,Пожарная охрана,Датчик дыма,"890-1.1.919.19.",Дым ПК143,5581
269677,Пожарная охрана,Датчик дыма,"890-1.1.919.17.",Дым ПК142+5,5581
269676,Пожарная охрана,Датчик дыма,"890-1.1.919.16.",Дым ПК141+5,5581
269675,Пожарная охрана,Датчик дыма,"890-1.1.919.15.",Дым ПК140+2,5581
269674,Пожарная охрана,Датчик дыма,"890-1.1.919.14.",Дым ПК138+9,5581
269673,Пожарная охрана,Датчик дыма,"890-1.1.919.13.",Дым ПК137+9,5581
269672,Пожарная охрана,Датчик дыма,"890-1.1.919.12.",Дым ПК136+8,5581
269671,Пожарная охрана,Датчик дыма,"890-1.1.919.11.",Дым ПК136,5581
269670,Пожарная охрана,Датчик дыма,"890-1.1.919.10.",Дым ПК135+1,5581
269669,Пожарная охрана,Датчик дыма,"890-1.1.919.9.",Дым ПК134+2,5581
269668,Пожарная охрана,Датчик дыма,"890-1.1.919.8.",Дым ПК133+7,5581
269666,Пожарная охрана,Датчик дыма,"890-1.1.919.6.",Дым ПК133+1,5581
269667,Пожарная охрана,Датчик дыма,"890-1.1.919.7.",Дым ПК133,5581
269664,Пожарная охрана,Датчик дыма,"890-1.1.919.4.",Дым ПК133,5581
269665,Пожарная охрана,Датчик дыма,"890-1.1.919.5.",Дым ПК133,5581
269663,Пожарная охрана,Датчик дыма,"890-1.1.919.3.",Дым ПК133,5581
269662,Пожарная охрана,Датчик дыма,"890-1.1.919.2.",Дым ПК133,5581
269661,Пожарная охрана,Датчик дыма,"890-1.1.919.1.",Дым ПК133,5581
269657,Пожарная охрана,Датчик дыма,"890-1.1.913.89.",Дым ПК132,5581
269656,Пожарная охрана,Датчик дыма,"890-1.1.913.88.",Дым ПК131,5581
269655,Пожарная охрана,Датчик дыма,"890-1.1.913.87.",Дым ПК130+4,5581
269654,Пожарная охрана,Датчик дыма,"890-1.1.913.86.",Дым ПК129+5,5581
269653,Пожарная охрана,Датчик дыма,"890-1.1.913.85.",Дым ПК128+5,5581
269652,Пожарная охрана,Датчик дыма,"890-1.1.913.84.",Дым ПК127+6,5581
269651,Пожарная охрана,Датчик дыма,"890-1.1.913.83.",Дым ПК126+6,5581
269650,Пожарная охрана,Датчик дыма,"890-1.1.913.82.",Дым ПК125+7,5581
269649,Пожарная охрана,Датчик дыма,"890-1.1.913.81.",Дым ПК124+8,5581
269648,Пожарная охрана,Датчик дыма,"890-1.1.913.80.",Дым ПК123+9,5581
269646,Пожарная охрана,Датчик дыма,"890-1.1.913.78.",Дым ПК123+5,5581
269647,Пожарная охрана,Датчик дыма,"890-1.1.913.79.",Дым ПК123+5,5581
269645,Пожарная охрана,Датчик дыма,"890-1.1.913.77.",Дым ПК123,5581
269644,Пожарная охрана,Датчик дыма,"890-1.1.913.76.",Дым ПК122,5581
269643,Пожарная охрана,Датчик дыма,"890-1.1.913.75.",Дым ПК121,5581
269642,Пожарная охрана,Датчик дыма,"890-1.1.913.74.",Дым ПК120+5,5581
269641,Пожарная охрана,Датчик дыма,"890-1.1.913.73.",Дым ПК120+5,5581
269640,Пожарная охрана,Датчик дыма,"890-1.1.913.72.",Дым ПК120,5581
269639,Пожарная охрана,Датчик дыма,"890-1.1.913.71.",Дым ПК119,5581
269638,Пожарная охрана,Датчик дыма,"890-1.1.913.70.",Дым ПК118,5581
269637,Пожарная охрана,Датчик дыма,"890-1.1.913.69.",Дым ПК117,5581
269636,Пожарная охрана,Датчик дыма,"890-1.1.913.68.",Дым ПК116,5581
269635,Пожарная охрана,Датчик дыма,"890-1.1.913.67.",Дым ПК115+1,5581
269634,Пожарная охрана,Датчик дыма,"890-1.1.913.66.",Дым ПК114+1,5581
269633,Пожарная охрана,Датчик дыма,"890-1.1.913.65.",Дым ПК113+1,5581
269632,Пожарная охрана,Датчик дыма,"890-1.1.913.64.",Дым ПК112+3,5581
269631,Пожарная охрана,Датчик дыма,"890-1.1.913.63.",Дым ПК111+4,5581
269630,Пожарная охрана,Датчик дыма,"890-1.1.913.62.",Дым ПК110+8,5581
269629,Пожарная охрана,Датчик дыма,"890-1.1.913.61.",Дым ПК109+8,5581
269628,Пожарная охрана,Датчик дыма,"890-1.1.913.60.",Дым ПК108+8,5581
269627,Пожарная охрана,Датчик дыма,"890-1.1.913.59.",Дым ПК107+8,5581
269626,Пожарная охрана,Датчик дыма,"890-1.1.913.58.",Дым ПК107,5581
269625,Пожарная охрана,Датчик дыма,"890-1.1.913.57.",Дым ПК106+5,5581
269624,Пожарная охрана,Датчик дыма,"890-1.1.913.56.",Дым ПК105+7,5581
269623,Пожарная охрана,Датчик дыма,"890-1.1.913.55.",Дым ПК105+5,5581
269621,Пожарная охрана,Датчик дыма,"890-1.1.913.53.",Дым ПК105+5,5581
269622,Пожарная охрана,Датчик дыма,"890-1.1.913.54.",Дым ПК105+5,5581
269620,Пожарная охрана,Датчик дыма,"890-1.1.913.52.",Дым ПК104+6,5581
269619,Пожарная охрана,Датчик дыма,"890-1.1.913.51.",Дым ПК103+6,5581
269618,Пожарная охрана,Датчик дыма,"890-1.1.913.50.",Дым ПК102+5,5581
269617,Пожарная охрана,Датчик дыма,"890-1.1.913.49.",Дым ПК101+6,5581
269616,Пожарная охрана,Датчик дыма,"890-1.1.913.48.",Дым ПК100+8,5581
269615,Пожарная охрана,Датчик дыма,"890-1.1.913.47.",Дым ПК99+8,5581
269614,Пожарная охрана,Датчик дыма,"890-1.1.913.46.",Дым ПК98+9,5581
269613,Пожарная охрана,Датчик дыма,"890-1.1.913.45.",Дым ПК98,5581
269612,Пожарная охрана,Датчик дыма,"890-1.1.913.44.",Дым ПК97+1,5581
269611,Пожарная охрана,Датчик дыма,"890-1.1.913.43.",Дым ПК96+2,5581
269610,Пожарная охрана,Датчик дыма,"890-1.1.913.42.",Дым ПК95+3,5581
269609,Пожарная охрана,Датчик дыма,"890-1.1.913.41.",Дым ПК94+4,5581
269608,Пожарная охрана,Датчик дыма,"890-1.1.913.40.",Дым ПК93+5,5581
269607,Пожарная охрана,Датчик дыма,"890-1.1.913.39.",Дым ПК92+6,5581
269606,Пожарная охрана,Датчик дыма,"890-1.1.913.38.",Дым ПК91+7,5581
269605,Пожарная охрана,Датчик дыма,"890-1.1.913.37.",Дым ПК90+8,5581
269604,Пожарная охрана,Датчик дыма,"890-1.1.913.36.",Дым ПК90+1,5581
269603,Пожарная охрана,Датчик дыма,"890-1.1.913.35.",Дым ПК89+6,5581
269602,Пожарная охрана,Датчик дыма,"890-1.1.913.34.",Дым ПК89,5581
269601,Пожарная охрана,Датчик дыма,"890-1.1.913.33.",Дым ПК88+2,5581
269600,Пожарная охрана,Датчик дыма,"890-1.1.913.32.",Дым ПК87+6,5581
269599,Пожарная охрана,Датчик дыма,"890-1.1.913.31.",Дым ПК87,5581
269598,Пожарная охрана,Датчик дыма,"890-1.1.913.30.",Дым ПК86,5581
269597,Пожарная охрана,Датчик дыма,"890-1.1.913.29.",Дым ПК85,5581
269596,Пожарная охрана,Датчик дыма,"890-1.1.913.28.",Дым ПК84+1,5581
269595,Пожарная охрана,Датчик дыма,"890-1.1.913.27.",Дым ПК83+2,5581
269592,Пожарная охрана,Датчик дыма,"890-1.1.913.24.",Дым ПК82+3,5581
269593,Пожарная охрана,Датчик дыма,"890-1.1.913.25.",Дым ПК82+3,5581
269594,Пожарная охрана,Датчик дыма,"890-1.1.913.26.",Дым ПК82+3,5581
269589,Пожарная охрана,Датчик дыма,"890-1.1.913.21.",Дым ПК82,5581
269586,Пожарная охрана,Датчик дыма,"890-1.1.913.18.",Дым ПК82,5581
269591,Пожарная охрана,Датчик дыма,"890-1.1.913.23.",Дым ПК82,5581
269587,Пожарная охрана,Датчик дыма,"890-1.1.913.19.",Дым ПК82,5581
269590,Пожарная охрана,Датчик дыма,"890-1.1.913.22.",Дым ПК82,5581
269585,Пожарная охрана,Датчик дыма,"890-1.1.913.17.",Дым ПК81+8,5581
269584,Пожарная охрана,Датчик дыма,"890-1.1.913.16.",Дым ПК81+8,5581
269588,Пожарная охрана,Датчик дыма,"890-1.1.913.20.",Дым ПК81+8,5581
269582,Пожарная охрана,Датчик дыма,"890-1.1.913.14.",Дым ПК81+8,5581
269583,Пожарная охрана,Датчик дыма,"890-1.1.913.15.",Дым ПК81+8,5581
269581,Пожарная охрана,Датчик дыма,"890-1.1.913.13.",Дым ПК81,5581
269580,Пожарная охрана,Датчик дыма,"890-1.1.913.12.",Дым ПК80+3,5581
269579,Пожарная охрана,Датчик дыма,"890-1.1.913.11.",Дым ПК79+4,5581
269578,Пожарная охрана,Датчик дыма,"890-1.1.913.10.",Дым ПК78+5,5581
269577,Пожарная охрана,Датчик дыма,"890-1.1.913.9.",Дым ПК77+6,5581
269576,Пожарная охрана,Датчик дыма,"890-1.1.913.8.",Дым ПК76+7,5581
269575,Пожарная охрана,Датчик дыма,"890-1.1.913.7.",Дым ПК75+8,5581
269574,Пожарная охрана,Датчик дыма,"890-1.1.913.6.",Дым ПК74+9,5581
269573,Пожарная охрана,Датчик дыма,"890-1.1.913.5.",Дым ПК74,5581
269572,Пожарная охрана,Датчик дыма,"890-1.1.913.4.",Дым ПК73,5581
269571,Пожарная охрана,Датчик дыма,"890-1.1.913.3.",Дым ПК72+4,5581
269570,Пожарная охрана,Датчик дыма,"890-1.1.913.2.",Дым ПК71+5,5581
269569,Пожарная охрана,Датчик дыма,"890-1.1.913.1.",Дым ПК71,5581
269561,Пожарная охрана,Датчик дыма,"890-1.1.908.84.",Дым ПК71,5581
269564,Пожарная охрана,Датчик дыма,"890-1.1.908.87.",Дым ПК71,5581
269563,Пожарная охрана,Датчик дыма,"890-1.1.908.86.",Дым ПК71,5581
269562,Пожарная охрана,Датчик дыма,"890-1.1.908.85.",Дым ПК71,5581
269560,Пожарная охрана,Датчик дыма,"890-1.1.908.83.",Дым ПК70,5581
269559,Пожарная охрана,Датчик дыма,"890-1.1.908.82.",Дым ПК69+1,5581
269558,Пожарная охрана,Датчик дыма,"890-1.1.908.81.",Дым ПК68+2,5581
269557,Пожарная охрана,Датчик дыма,"890-1.1.908.80.",Дым ПК67+3,5581
269556,Пожарная охрана,Датчик дыма,"890-1.1.908.79.",Дым ПК66+4,5581
269555,Пожарная охрана,Датчик дыма,"890-1.1.908.78.",Дым ПК65+5,5581
269554,Пожарная охрана,Датчик дыма,"890-1.1.908.77.",Дым ПК64+6,5581
269553,Пожарная охрана,Датчик дыма,"890-1.1.908.76.",Дым ПК63+5,5581
269552,Пожарная охрана,Датчик дыма,"890-1.1.908.75.",Дым ПК62+5,5581
269551,Пожарная охрана,Датчик дыма,"890-1.1.908.74.",Дым ПК61+2,5581
269550,Пожарная охрана,Датчик дыма,"890-1.1.908.73.",Дым ПК60+1,5581
269549,Пожарная охрана,Датчик дыма,"890-1.1.908.72.",Дым ПК59+3,5581
269548,Пожарная охрана,Датчик дыма,"890-1.1.908.71.",Дым ПК58+9,5581
269547,Пожарная охрана,Датчик дыма,"890-1.1.908.70.",Дым ПК58+9,5581
269546,Пожарная охрана,Датчик дыма,"890-1.1.908.69.",Дым ПК58+9,5581
269543,Пожарная охрана,Датчик дыма,"890-1.1.908.66.",Дым ПК58,5581
269544,Пожарная охрана,Датчик дыма,"890-1.1.908.67.",Дым ПК58,5581
269545,Пожарная охрана,Датчик дыма,"890-1.1.908.68.",Дым ПК58,5581
269542,Пожарная охрана,Датчик дыма,"890-1.1.908.65.",Дым ПК57,5581
269541,Пожарная охрана,Датчик дыма,"890-1.1.908.64.",Дым ПК55+8,5581
269540,Пожарная охрана,Датчик дыма,"890-1.1.908.63.",Дым ПК55+1,5581
269539,Пожарная охрана,Датчик дыма,"890-1.1.908.62.",Дым ПК54+6,5581
269538,Пожарная охрана,Датчик дыма,"890-1.1.908.61.",Дым ПК54,5581
269537,Пожарная охрана,Датчик дыма,"890-1.1.908.60.",Дым ПК53+1,5581
269536,Пожарная охрана,Датчик дыма,"890-1.1.908.59.",Дым ПК52+5,5581
269523,Пожарная охрана,Датчик дыма,"890-1.1.908.46.",Дым ПК52 Г2 ПК9+5,5581
269524,Пожарная охрана,Датчик дыма,"890-1.1.908.47.",Дым ПК52 Г2 ПК8+8,5581
269525,Пожарная охрана,Датчик дыма,"890-1.1.908.48.",Дым ПК52 Г2 ПК7+9,5581
269526,Пожарная охрана,Датчик дыма,"890-1.1.908.49.",Дым ПК52 Г2 ПК6+6,5581
269527,Пожарная охрана,Датчик дыма,"890-1.1.908.50.",Дым ПК52 Г2 ПК5+5,5581
269528,Пожарная охрана,Датчик дыма,"890-1.1.908.51.",Дым ПК52 Г2 ПК4+5,5581
269529,Пожарная охрана,Датчик дыма,"890-1.1.908.52.",Дым ПК52 Г2 ПК3+8,5581
269530,Пожарная охрана,Датчик дыма,"890-1.1.908.53.",Дым ПК52 Г2 ПК2+9,5581
269531,Пожарная охрана,Датчик дыма,"890-1.1.908.54.",Дым ПК52 Г2 ПК2,5581
269522,Пожарная охрана,Датчик дыма,"890-1.1.908.45.",Дым ПК52 Г2 ПК10,5581
269520,Пожарная охрана,Датчик дыма,"890-1.1.908.43.",Дым ПК52 Г2 ПК10,5581
269521,Пожарная охрана,Датчик дыма,"890-1.1.908.44.",Дым ПК52 Г2 ПК10,5581
269518,Пожарная охрана,Датчик дыма,"890-1.1.908.41.",Дым ПК52 Г2 ПК10,5581
269519,Пожарная охрана,Датчик дыма,"890-1.1.908.42.",Дым ПК52 Г2 ПК10,5581
269532,Пожарная охрана,Датчик дыма,"890-1.1.908.55.",Дым ПК52 Г2 ПК1+3,5581
269533,Пожарная охрана,Датчик дыма,"890-1.1.908.56.",Дым ПК52 Г2 ПК0+3,5581
269534,Пожарная охрана,Датчик дыма,"890-1.1.908.57.",Дым ПК52 Г2 ПК0,5581
269535,Пожарная охрана,Датчик дыма,"890-1.1.908.58.",Дым ПК52 Г2 ПК0,5581
269517,Пожарная охрана,Датчик дыма,"890-1.1.908.40.",Дым ПК51+7,5581
269516,Пожарная охрана,Датчик дыма,"890-1.1.908.39.",Дым ПК51+3,5581
269515,Пожарная охрана,Датчик дыма,"890-1.1.908.38.",Дым ПК50+9,5581
269514,Пожарная охрана,Датчик дыма,"890-1.1.908.37.",Дым ПК49+5,5581
269513,Пожарная охрана,Датчик дыма,"890-1.1.908.36.",Дым ПК49,5581
269512,Пожарная охрана,Датчик дыма,"890-1.1.908.35.",Дым ПК48+5,5581
269479,Пожарная охрана,Датчик дыма,"890-1.1.908.2.",Дым ПК48 Г1 ПК5 щит.,5581
269478,Пожарная охрана,Датчик дыма,"890-1.1.908.1.",Дым ПК48 Г1 ПК5 щит.,5581
269480,Пожарная охрана,Датчик дыма,"890-1.1.908.3.",Дым ПК48 Г1 ПК5 щит.,5581
269481,Пожарная охрана,Датчик дыма,"890-1.1.908.4.",Дым ПК48 Г1 ПК5 щит.,5581
269483,Пожарная охрана,Датчик дыма,"890-1.1.908.6.",Дым ПК48 Г1 ПК5 ур.2,5581
269484,Пожарная охрана,Датчик дыма,"890-1.1.908.7.",Дым ПК48 Г1 ПК5 ур.2,5581
269487,Пожарная охрана,Датчик дыма,"890-1.1.908.10.",Дым ПК48 Г1 ПК5 ур.2,5581
269486,Пожарная охрана,Датчик дыма,"890-1.1.908.9.",Дым ПК48 Г1 ПК5 ур.2,5581
269482,Пожарная охрана,Датчик дыма,"890-1.1.908.5.",Дым ПК48 Г1 ПК5 ур.2,5581
269485,Пожарная охрана,Датчик дыма,"890-1.1.908.8.",Дым ПК48 Г1 ПК5 ур.2,5581
269489,Пожарная охрана,Датчик дыма,"890-1.1.908.12.",Дым ПК48 Г1 ПК5 ур.2,5581
269490,Пожарная охрана,Датчик дыма,"890-1.1.908.13.",Дым ПК48 Г1 ПК5 ур.2,5581
269488,Пожарная охрана,Датчик дыма,"890-1.1.908.11.",Дым ПК48 Г1 ПК5 ур.2,5581
269501,Пожарная охрана,Датчик дыма,"890-1.1.908.24.",Дым ПК48 Г1 ПК5 ур.1,5581
269500,Пожарная охрана,Датчик дыма,"890-1.1.908.23.",Дым ПК48 Г1 ПК5 ур.1,5581
269499,Пожарная охрана,Датчик дыма,"890-1.1.908.22.",Дым ПК48 Г1 ПК5 ур.1,5581
269498,Пожарная охрана,Датчик дыма,"890-1.1.908.21.",Дым ПК48 Г1 ПК5 ур.1,5581
269504,Пожарная охрана,Датчик дыма,"890-1.1.908.27.",Дым ПК48 Г1 ПК5 ур.1,5581
269502,Пожарная охрана,Датчик дыма,"890-1.1.908.25.",Дым ПК48 Г1 ПК5 ур.1,5581
269495,Пожарная охрана,Датчик дыма,"890-1.1.908.18.",Дым ПК48 Г1 ПК5 ур.1,5581
269494,Пожарная охрана,Датчик дыма,"890-1.1.908.17.",Дым ПК48 Г1 ПК5 ур.1,5581
269493,Пожарная охрана,Датчик дыма,"890-1.1.908.16.",Дым ПК48 Г1 ПК5 ур.1,5581
269492,Пожарная охрана,Датчик дыма,"890-1.1.908.15.",Дым ПК48 Г1 ПК5 ур.1,5581
269491,Пожарная охрана,Датчик дыма,"890-1.1.908.14.",Дым ПК48 Г1 ПК5 ур.1,5581
269506,Пожарная охрана,Датчик дыма,"890-1.1.908.29.",Дым ПК48 Г1 ПК5 ур.1,5581
269497,Пожарная охрана,Датчик дыма,"890-1.1.908.20.",Дым ПК48 Г1 ПК5 ур.1,5581
269505,Пожарная охрана,Датчик дыма,"890-1.1.908.28.",Дым ПК48 Г1 ПК5 ур.1,5581
269496,Пожарная охрана,Датчик дыма,"890-1.1.908.19.",Дым ПК48 Г1 ПК5 ур.1,5581
269503,Пожарная охрана,Датчик дыма,"890-1.1.908.26.",Дым ПК48 Г1 ПК5 ур.1,5581
269507,Пожарная охрана,Датчик дыма,"890-1.1.908.30.",Дым ПК48 Г1 ПК4,5581
269508,Пожарная охрана,Датчик дыма,"890-1.1.908.31.",Дым ПК48 Г1 ПК3,5581
269509,Пожарная охрана,Датчик дыма,"890-1.1.908.32.",Дым ПК48 Г1 ПК2,5581
269510,Пожарная охрана,Датчик дыма,"890-1.1.908.33.",Дым ПК48 Г1 ПК1+2,5581
269511,Пожарная охрана,Датчик дыма,"890-1.1.908.34.",Дым ПК48 Г1 ПК0+5,5581
269474,Пожарная охрана,Датчик дыма,"890-1.1.904.65.",Дым ПК48,5581
269473,Пожарная охрана,Датчик дыма,"890-1.1.904.64.",Дым ПК48,5581
269472,Пожарная охрана,Датчик дыма,"890-1.1.904.63.",Дым ПК48,5581
269471,Пожарная охрана,Датчик дыма,"890-1.1.904.62.",Дым ПК48,5581
269470,Пожарная охрана,Датчик дыма,"890-1.1.904.61.",Дым ПК47+3,5581
269469,Пожарная охрана,Датчик дыма,"890-1.1.904.60.",Дым ПК46+7,5581
269468,Пожарная охрана,Датчик дыма,"890-1.1.904.59.",Дым ПК45+9,5581
269467,Пожарная охрана,Датчик дыма,"890-1.1.904.58.",Дым ПК45,5581
269466,Пожарная охрана,Датчик дыма,"890-1.1.904.57.",Дым ПК44,5581
269465,Пожарная охрана,Датчик дыма,"890-1.1.904.56.",Дым ПК43+3,5581
269464,Пожарная охрана,Датчик дыма,"890-1.1.904.55.",Дым ПК42+3,5581
269463,Пожарная охрана,Датчик дыма,"890-1.1.904.54.",Дым ПК41+4,5581
269462,Пожарная охрана,Датчик дыма,"890-1.1.904.53.",Дым ПК40+4,5581
269417,Пожарная охрана,Датчик дыма,"890-1.1.904.8.",Дым ПК4+2,5581
269461,Пожарная охрана,Датчик дыма,"890-1.1.904.52.",Дым ПК39+5,5581
269460,Пожарная охрана,Датчик дыма,"890-1.1.904.51.",Дым ПК38+6,5581
269459,Пожарная охрана,Датчик дыма,"890-1.1.904.50.",Дым ПК37+8,5581
269458,Пожарная охрана,Датчик дыма,"890-1.1.904.49.",Дым ПК36+9,5581
269457,Пожарная охрана,Датчик дыма,"890-1.1.904.48.",Дым ПК36,5581
269456,Пожарная охрана,Датчик дыма,"890-1.1.904.47.",Дым ПК35+1,5581
269455,Пожарная охрана,Датчик дыма,"890-1.1.904.46.",Дым ПК34,5581
269454,Пожарная охрана,Датчик дыма,"890-1.1.904.45.",Дым ПК33+1,5581
269453,Пожарная охрана,Датчик дыма,"890-1.1.904.44.",Дым ПК32+2,5581
269452,Пожарная охрана,Датчик дыма,"890-1.1.904.43.",Дым ПК31+2,5581
269451,Пожарная охрана,Датчик дыма,"890-1.1.904.42.",Дым ПК30+3,5581
269416,Пожарная охрана,Датчик дыма,"890-1.1.904.7.",Дым ПК3+3,5581
269450,Пожарная охрана,Датчик дыма,"890-1.1.904.41.",Дым ПК29+4,5581
269449,Пожарная охрана,Датчик дыма,"890-1.1.904.40.",Дым ПК28+5,5581
269448,Пожарная охрана,Датчик дыма,"890-1.1.904.39.",Дым ПК27+8,5581
269447,Пожарная охрана,Датчик дыма,"890-1.1.904.38.",Дым ПК27,5581
269446,Пожарная охрана,Датчик дыма,"890-1.1.904.37.",Дым ПК25+9,5581
269445,Пожарная охрана,Датчик дыма,"890-1.1.904.36.",Дым ПК25+1,5581
269444,Пожарная охрана,Датчик дыма,"890-1.1.904.35.",Дым ПК24+5,5581
269443,Пожарная охрана,Датчик дыма,"890-1.1.904.34.",Дым ПК23+6,5581
269442,Пожарная охрана,Датчик дыма,"890-1.1.904.33.",Дым ПК23,5581
269439,Пожарная охрана,Датчик дыма,"890-1.1.904.30.",Дым ПК23,5581
269440,Пожарная охрана,Датчик дыма,"890-1.1.904.31.",Дым ПК23,5581
269441,Пожарная охрана,Датчик дыма,"890-1.1.904.32.",Дым ПК23,5581
269438,Пожарная охрана,Датчик дыма,"890-1.1.904.29.",Дым ПК22+4,5581
269437,Пожарная охрана,Датчик дыма,"890-1.1.904.28.",Дым ПК21+6,5581
269436,Пожарная охрана,Датчик дыма,"890-1.1.904.27.",Дым ПК20+6,5581
269415,Пожарная охрана,Датчик дыма,"890-1.1.904.6.",Дым ПК2+1,5581
269435,Пожарная охрана,Датчик дыма,"890-1.1.904.26.",Дым ПК19+9,5581
269434,Пожарная охрана,Датчик дыма,"890-1.1.904.25.",Дым ПК19+2,5581
269433,Пожарная охрана,Датчик дыма,"890-1.1.904.24.",Дым ПК18+3,5581
269432,Пожарная охрана,Датчик дыма,"890-1.1.904.23.",Дым ПК17+4,5581
269431,Пожарная охрана,Датчик дыма,"890-1.1.904.22.",Дым ПК16+7,5581
269430,Пожарная охрана,Датчик дыма,"890-1.1.904.21.",Дым ПК15+8,5581
269429,Пожарная охрана,Датчик дыма,"890-1.1.904.20.",Дым ПК15,5581
269428,Пожарная охрана,Датчик дыма,"890-1.1.904.19.",Дым ПК14,5581
269427,Пожарная охрана,Датчик дыма,"890-1.1.904.18.",Дым ПК13+1,5581
269426,Пожарная охрана,Датчик дыма,"890-1.1.904.17.",Дым ПК12+2,5581
269425,Пожарная охрана,Датчик дыма,"890-1.1.904.16.",Дым ПК11+3,5581
269424,Пожарная охрана,Датчик дыма,"890-1.1.904.15.",Дым ПК10+7,5581
269414,Пожарная охрана,Датчик дыма,"890-1.1.904.5.",Дым ПК1+5,5581
269413,Пожарная охрана,Датчик дыма,"890-1.1.904.4.",Дым ПК1,5581
269412,Пожарная охрана,Датчик дыма,"890-1.1.904.3.",Дым ПК0+2,5581
269410,Пожарная охрана,Датчик дыма,"890-1.1.904.1.",Дым ПК0,5581
269411,Пожарная охрана,Датчик дыма,"890-1.1.904.2.",Дым ПК0,5581
269423,Пожарная охрана,Датчик дыма,"890-1.1.904.14.",Дым ПК9+8,5581
269422,Пожарная охрана,Датчик дыма,"890-1.1.904.13.",Дым ПК8+9,5581
269421,Пожарная охрана,Датчик дыма,"890-1.1.904.12.",Дым ПК8+1,5581
269420,Пожарная охрана,Датчик дыма,"890-1.1.904.11.",Дым ПК7+2,5581
269419,Пожарная охрана,Датчик дыма,"890-1.1.904.10.",Дым ПК6+2,5581
269418,Пожарная охрана,Датчик дыма,"890-1.1.904.9.",Дым ПК5+3,5581
268881,Диспетчерский контроль,Состояние охраны,"889-g1.",ОС Пл. Гагарина,5582
268834,Охранная подсистема,КД АВ,"889-1.1.204.1.",КД АВ ПК8,5582
268836,Охранная подсистема,КД АВ,"889-1.1.204.3.",МРСБ АВ ПК8,5582
268835,Охранная подсистема,Датчик движения,"889-1.1.204.2.",ОД АВ ПК8,5582
268811,Охранная подсистема,КД АВ,"889-1.1.201.4.",КД АВ ПК0,5582
268815,Охранная подсистема,КД АВ,"889-1.1.201.9.",МРСБ АВ ПК0,5582
268812,Охранная подсистема,Датчик движения,"889-1.1.201.5.",ОД АВ ПК0,5582
268813,Температурная подсистема,Датчик температуры,"889-1.1.201.6.",ТЕМП ПК0,5582
268814,Диспетчерский контроль,Датчик затопления,"889-1.1.201.8.",Затопление ПК0,5582
268851,Пожарная охрана,Состояние УИР-Р,"889-1.1.402.1.",УСРСБ ПК8,5583
268845,Пожарная охрана,Состояние УИР-Р,"889-1.1.401.1.",УСРСБ ПК0,5583
268859,Пожарная охрана,Датчик дыма,"889-1.1.902.3.",Дым ПК0 ур.1,5583
268860,Пожарная охрана,Датчик дыма,"889-1.1.902.4.",Дым ПК0 ур.1,5583
268858,Пожарная охрана,Датчик дыма,"889-1.1.902.2.",Дым ПК0 ур.2,5583
268857,Пожарная охрана,Датчик дыма,"889-1.1.902.1.",Дым ПК0 ур.2,5583
268861,Пожарная охрана,Датчик дыма,"889-1.1.902.5.",Дым ПК0+3,5583
268862,Пожарная охрана,Датчик дыма,"889-1.1.902.6.",Дым ПК1+2,5583
268863,Пожарная охрана,Датчик дыма,"889-1.1.902.7.",Дым ПК2+1,5583
268864,Пожарная охрана,Датчик дыма,"889-1.1.902.8.",Дым ПК2+8,5583
268865,Пожарная охрана,Датчик дыма,"889-1.1.902.9.",Дым ПК3+6,5583
268866,Пожарная охрана,Датчик дыма,"889-1.1.902.10.",Дым ПК4+6,5583
268867,Пожарная охрана,Датчик дыма,"889-1.1.902.11.",Дым ПК5+7,5583
268868,Пожарная охрана,Датчик дыма,"889-1.1.902.12.",Дым ПК6+8,5583
268869,Пожарная охрана,Датчик дыма,"889-1.1.902.13.",Дым ПК7+7,5583
268870,Пожарная охрана,Датчик дыма,"889-1.1.902.14.",Дым ПК8 ур.2,5583
268872,Пожарная охрана,Датчик дыма,"889-1.1.902.16.",Дым ПК8 ур.2,5583
268873,Пожарная охрана,Датчик дыма,"889-1.1.902.17.",Дым ПК8 ур.2,5583
268871,Пожарная охрана,Датчик дыма,"889-1.1.902.15.",Дым ПК8 ур.2,5583
268795,Диспетчерский контроль,Состояние фазы,"888-1.1.302.1.",РО1 ПК0-8,5591
268791,Диспетчерский контроль,Состояние насоса,"888-1.1.301.1.",Н1 ПК0,5591
268792,Диспетчерский контроль,Состояние насоса,"888-1.1.301.4.",Н2 ПК0,5591
268803,Газовая охрана,Газовый датчик,"888-1.1.530.1.",ГАЗ Д30 ПК8,5591
268798,Газовая охрана,Газовый датчик,"888-1.1.529.1.",ГАЗ Д29 ПК1,5591
302178,Диспетчерский контроль,Состояние фазы,"888-1.1.302.2.",АВР Ввод1 ПК0,5591
302179,Диспетчерский контроль,Состояние фазы,"888-1.1.302.3.",АВР Ввод2 ПК0,5591
302180,Диспетчерский контроль,Состояние фазы,"888-1.1.302.4.",АВР Луч А ПК0,5591
302181,Диспетчерский контроль,Состояние фазы,"888-1.1.302.5.",АВР Луч Б ПК0,5591
302183,Диспетчерский контроль,Переключатель,"888-1.1.302.7.",Перекл. Вводами ПК0,5591
302184,Диспетчерский контроль,Переключатель,"888-1.1.302.8.",УФАНС ПК0,5591
302182,Диспетчерский контроль,Состояние фазы,"888-1.1.302.6.",ФАНС ПК0,5591
268824,Диагностическая подсистема,ИБП,"889-1.1.203.1.",АКБ шкаф ДУ ПК0,5593
268810,Охранная подсистема,КД Дверь,"889-1.1.201.3.",КД дверь шкаф ОПС ПК0,5593
268808,Диагностическая подсистема,ИБП,"889-1.1.201.1.",АКБ шкаф ОПС ПК0,5593
268825,Охранная подсистема,КД Дверь,"889-1.1.203.3.",КД дверь шкаф ДУ ПК0,5593
268997,Охранная подсистема,КД Дверь,"890-1.1.221.6.",МРСБ дверь щит. ПК48 Г1 ПК5,5594
268981,Охранная подсистема,КД Дверь,"890-1.1.207.4.",КД дверь щит. ПК48 Г1 ПК5,5594
268979,Температурная подсистема,Датчик температуры,"890-1.1.207.2.",ТЕМП щит. ПК48 Г1 ПК5,5594
268957,Охранная подсистема,Датчик движения,"890-1.1.206.7.",ОД ПК48 Г1 ПК5 ур.2 подс.пом.,5594
268956,Охранная подсистема,КД Дверь,"890-1.1.206.6.",КД дверь ПК48 Г1 ПК5 ур.2 подс.пом.,5594
268996,Охранная подсистема,КД Дверь,"890-1.1.221.5.",МРСБ дверь подс. ПК48 Г1 ПК5,5594
268980,Охранная подсистема,Датчик движения,"890-1.1.207.3.",ОД щит. ПК48 Г1 ПК5,5594
269766,Диспетчерский контроль,Состояние охраны,"890-g6.",ОС щит. ПК48,5594
278301,Газовая охрана,Газовый датчик,"884-1.1.546.2.",ГАЗ Д26 ПК746,5657
278306,Газовая охрана,Газовый датчик,"884-1.1.547.2.",ГАЗ Д27 ПК756,5657
278311,Газовая охрана,Газовый датчик,"884-1.1.548.2.",ГАЗ Д28 ПК803,5657
278316,Газовая охрана,Газовый датчик,"884-1.1.549.2.",ГАЗ Д29 ПК805,5657
278321,Газовая охрана,Газовый датчик,"884-1.1.550.2.",ГАЗ Д30 ПК847,5657
278286,Газовая охрана,Газовый датчик,"884-1.1.543.2.",ГАЗ Д23 ПК709,5657
278291,Газовая охрана,Газовый датчик,"884-1.1.544.2.",ГАЗ Д24 ПК728,5657
278296,Газовая охрана,Газовый датчик,"884-1.1.545.2.",ГАЗ Д25 ПК744,5657
278326,Газовая охрана,Газовый датчик,"884-1.1.551.2.",ГАЗ Д31 ПК849,5657
278331,Газовая охрана,Газовый датчик,"884-1.1.552.2.",ГАЗ Д32 ПК858,5657
278336,Газовая охрана,Газовый датчик,"884-1.1.553.2.",ГАЗ Д33 ПК859,5657
278002,Диспетчерский контроль,Переключатель,"884-1.1.347.9.",Управление ФАО щит. ПК730,5657
278005,Диспетчерский контроль,Состояние вентилятора,"884-1.1.348.5.",Вщ щит. ПК730,5657
278006,Диспетчерский контроль,Переключатель,"884-1.1.348.8.",Управление ФВ1 щит. ПК730,5657
278012,Диспетчерский контроль,Переключатель,"884-1.1.349.9.",Управление ФАНС щит. ПК730,5657
278010,Диспетчерский контроль,Состояние фазы,"884-1.1.349.5.",ФАНС щит. ПК730,5657
278016,Диспетчерский контроль,Переключатель,"884-1.1.350.8.",Управление ФТС щит. ПК730,5657
278014,Диспетчерский контроль,Состояние фазы,"884-1.1.350.3.",ФТС щит. ПК730,5657
278020,Диспетчерский контроль,Состояние фазы,"884-1.1.351.4.",АВР Ввод1  щит. ПК730,5657
278021,Диспетчерский контроль,Состояние фазы,"884-1.1.351.5.",АВР Ввод2  щит. ПК730,5657
278022,Диспетчерский контроль,Переключатель,"884-1.1.351.8.",Управление ФОЗК щит. ПК730,5657
278027,Диспетчерский контроль,Переключатель,"884-1.1.352.8.",Управление Фрез.1 щит. ПК730,5657
278028,Диспетчерский контроль,Переключатель,"884-1.1.352.9.",Управление Фрез.2 щит. ПК730,5657
278025,Диспетчерский контроль,Состояние фазы,"884-1.1.352.3.",Фрез.1 щит. ПК730,5657
278026,Диспетчерский контроль,Состояние фазы,"884-1.1.352.5.",Фрез.2 щит. ПК730,5657
278032,Диспетчерский контроль,Состояние фазы,"884-1.1.353.3.",ОЗК1 закр. ПК730,5657
278031,Диспетчерский контроль,Состояние фазы,"884-1.1.353.2.",ОЗК1 откр. ПК730,5657
278034,Диспетчерский контроль,Состояние фазы,"884-1.1.353.5.",ОЗК2 закр. ПК730,5657
278033,Диспетчерский контроль,Состояние фазы,"884-1.1.353.4.",ОЗК2 откр. ПК730,5657
278039,Диспетчерский контроль,Состояние вентилятора,"884-1.1.354.3.",В13 ПК730,5657
278040,Диспетчерский контроль,Состояние вентилятора,"884-1.1.354.5.",В14 ПК730,5657
278041,Диспетчерский контроль,Переключатель,"884-1.1.354.8.",Управление В13 ПК730,5657
278042,Диспетчерский контроль,Переключатель,"884-1.1.354.9.",Управление В14 ПК730,5657
278045,Диспетчерский контроль,Состояние фазы,"884-1.1.355.2.",РО15 ПК730,5657
278046,Диспетчерский контроль,Состояние фазы,"884-1.1.355.3.",РО16 ПК730,5657
278051,Диспетчерский контроль,Состояние вентилятора,"884-1.1.356.5.",В15 ПК774,5657
278052,Диспетчерский контроль,Состояние вентилятора,"884-1.1.356.7.",В16 ПК774,5657
278053,Диспетчерский контроль,Переключатель,"884-1.1.356.8.",Управление В15 ПК774,5657
278054,Диспетчерский контроль,Переключатель,"884-1.1.356.9.",Управление В16 ПК774,5657
278049,Диспетчерский контроль,Состояние фазы,"884-1.1.356.2.",РО17 ПК774,5657
278050,Диспетчерский контроль,Состояние фазы,"884-1.1.356.3.",РО18 ПК774,5657
278060,Диспетчерский контроль,Состояние фазы,"884-1.1.358.2.",РО19 ПК827,5657
278061,Диспетчерский контроль,Состояние фазы,"884-1.1.358.3.",РО20 ПК827,5657
278064,Диспетчерский контроль,Переключатель,"884-1.1.358.8.",Управление В17 ПК827,5657
278065,Диспетчерский контроль,Переключатель,"884-1.1.358.9.",Управление В18 ПК827,5657
278062,Диспетчерский контроль,Состояние вентилятора,"884-1.1.358.5.",В17 ПК827,5657
278063,Диспетчерский контроль,Состояние вентилятора,"884-1.1.358.7.",В18 ПК827,5657
278068,Диспетчерский контроль,Состояние фазы,"884-1.1.359.2.",РО21 ПК863,5657
278069,Диспетчерский контроль,Состояние фазы,"884-1.1.359.3.",РО22 ПК863,5657
278072,Диспетчерский контроль,Состояние насоса,"884-1.1.360.2.",Н1 ПК863 Гал.1 ПК7,5657
278073,Диспетчерский контроль,Состояние насоса,"884-1.1.360.5.",Н2 ПК863 Гал.1 ПК7,5657
278000,Диспетчерский контроль,Состояние фазы,"884-1.1.347.5.",ФАО щит. ПК730,5657
277999,Диспетчерский контроль,Состояние фазы,"884-1.1.347.3.",ФРО1 щит. ПК730,5657
278001,Диспетчерский контроль,Переключатель,"884-1.1.347.8.",Управление ФРО1 щит. ПК730,5657
278004,Диспетчерский контроль,Состояние фазы,"884-1.1.348.3.",ФВ1 щит. ПК730,5657
278007,Диспетчерский контроль,Переключатель,"884-1.1.348.9.",Управление ВЩ щит. ПК730,5657
278011,Диспетчерский контроль,Переключатель,"884-1.1.349.8.",Управление ФВ2 щит. ПК730,5657
278009,Диспетчерский контроль,Состояние фазы,"884-1.1.349.3.",ФВ2 щит. ПК730,5657
278017,Диспетчерский контроль,Переключатель,"884-1.1.350.9.",Управление ФРО2 щит. ПК730,5657
278015,Диспетчерский контроль,Состояние фазы,"884-1.1.350.5.",ФРО2 щит. ПК730,5657
278019,Диспетчерский контроль,Состояние фазы,"884-1.1.351.3.",ФОЗК щит. ПК730,5657
277869,Диагностическая подсистема,ИБП,"884-1.1.252.4.",АКБ шкаф ОПС щит. ПК730,5657
267328,Газовая охрана,Газовый датчик,"884-1.1.501.1.",ГАЗ Д1 ПК508,5657
267333,Газовая охрана,Газовый датчик,"884-1.1.502.1.",ГАЗ Д2 ПК521 Г6 ПК1,5657
267338,Газовая охрана,Газовый датчик,"884-1.1.503.1.",ГАЗ Д3 ПК527,5657
267343,Газовая охрана,Газовый датчик,"884-1.1.504.1.",ГАЗ Д4 ПК529,5657
267348,Газовая охрана,Газовый датчик,"884-1.1.505.1.",ГАЗ Д5 ПК542,5657
267353,Газовая охрана,Газовый датчик,"884-1.1.506.1.",ГАЗ Д6 ПК544,5657
267358,Газовая охрана,Газовый датчик,"884-1.1.507.1.",ГАЗ Д7 ПК567,5657
267363,Газовая охрана,Газовый датчик,"884-1.1.508.1.",ГАЗ Д8 ПК583 Г4 ПК1,5657
267368,Газовая охрана,Газовый датчик,"884-1.1.509.1.",ГАЗ Д9 ПК583 Г5 ПК1,5657
267373,Газовая охрана,Газовый датчик,"884-1.1.510.1.",ГАЗ Д10 ПК585,5657
267378,Газовая охрана,Газовый датчик,"884-1.1.531.1.",ГАЗ Д11 ПК604,5657
267383,Газовая охрана,Газовый датчик,"884-1.1.532.1.",ГАЗ Д12 ПК606,5657
267388,Газовая охрана,Газовый датчик,"884-1.1.533.1.",ГАЗ Д13 ПК624,5657
267393,Газовая охрана,Газовый датчик,"884-1.1.534.1.",ГАЗ Д14 ПК626,5657
267398,Газовая охрана,Газовый датчик,"884-1.1.535.1.",ГАЗ Д15 ПК632 Г3 ПК13,5657
267403,Газовая охрана,Газовый датчик,"884-1.1.536.1.",ГАЗ Д16 ПК632 Г3 ПК4,5657
267408,Газовая охрана,Газовый датчик,"884-1.1.537.1.",ГАЗ Д17 ПК632 Г3 ПК2,5657
267413,Газовая охрана,Газовый датчик,"884-1.1.538.1.",ГАЗ Д18 ПК650,5657
267418,Газовая охрана,Газовый датчик,"884-1.1.539.1.",ГАЗ Д19 ПК670+5,5657
267423,Газовая охрана,Газовый датчик,"884-1.1.540.1.",ГАЗ Д20 ПК672 Г2 ПК0,5657
267428,Газовая охрана,Газовый датчик,"884-1.1.541.1.",ГАЗ Д21 ПК673,5657
267433,Газовая охрана,Газовый датчик,"884-1.1.542.1.",ГАЗ Д22 ПК706,5657
266958,Диспетчерский контроль,Состояние вентилятора,"884-1.1.301.2.",В1 ПК511,5657
266960,Диспетчерский контроль,Состояние вентилятора,"884-1.1.301.5.",В2 ПК511,5657
266961,Диспетчерский контроль,Переключатель,"884-1.1.301.7.",Управление В1 ПК511,5657
266962,Диспетчерский контроль,Переключатель,"884-1.1.301.8.",Управление В2 ПК511,5657
266959,Диспетчерский контроль,Состояние фазы,"884-1.1.301.3.",РО1 ПК511,5657
266965,Диспетчерский контроль,Состояние вентилятора,"884-1.1.302.2.",В3 ПК528,5657
266966,Диспетчерский контроль,Состояние фазы,"884-1.1.302.3.",РО2 ПК528,5657
266970,Диспетчерский контроль,Переключатель,"884-1.1.302.8.",Управление ОЗК ПК528,5657
266967,Диспетчерский контроль,Состояние фазы,"884-1.1.302.4.",ОЗК закр. ПК528,5657
266968,Диспетчерский контроль,Состояние фазы,"884-1.1.302.5.",ОЗК откр. ПК528,5657
266969,Диспетчерский контроль,Переключатель,"884-1.1.302.7.",Управление В3 ПК528,5657
266973,Диспетчерский контроль,Состояние фазы,"884-1.1.303.1.",РО3 ПК543,5657
266976,Диспетчерский контроль,Состояние вентилятора,"884-1.1.304.2.",В4 ПК566,5657
266978,Диспетчерский контроль,Состояние вентилятора,"884-1.1.304.5.",В5 ПК566,5657
266977,Диспетчерский контроль,Состояние фазы,"884-1.1.304.3.",РО4 ПК566,5657
266979,Диспетчерский контроль,Переключатель,"884-1.1.304.7.",Управление В4 ПК566,5657
266980,Диспетчерский контроль,Переключатель,"884-1.1.304.8.",Управление В5 ПК566,5657
266983,Диспетчерский контроль,Состояние насоса,"884-1.1.305.1.",Н1 ПК583,5657
266984,Диспетчерский контроль,Состояние насоса,"884-1.1.305.4.",Н2 ПК583,5657
266987,Диспетчерский контроль,Состояние фазы,"884-1.1.306.2.",ФРО1 ПК583,5657
266988,Диспетчерский контроль,Состояние фазы,"884-1.1.306.4.",ФРО2 ПК583,5657
266989,Диспетчерский контроль,Переключатель,"884-1.1.306.7.",Управление ФРО1 ПК583,5657
266990,Диспетчерский контроль,Переключатель,"884-1.1.306.8.",Управление ФРО2 ПК583,5657
266995,Диспетчерский контроль,Переключатель,"884-1.1.307.7.",Управление ФАО1 ПК583,5657
266996,Диспетчерский контроль,Переключатель,"884-1.1.307.8.",Управление ФАО2 ПК583,5657
266993,Диспетчерский контроль,Состояние фазы,"884-1.1.307.2.",ФАО1 ПК583,5657
266994,Диспетчерский контроль,Состояние фазы,"884-1.1.307.4.",ФАО2 ПК583,5657
267001,Диспетчерский контроль,Переключатель,"884-1.1.308.7.",Управление ФВ1 ПК583,5657
267002,Диспетчерский контроль,Переключатель,"884-1.1.308.8.",Управление ФВ2 ПК583,5657
266999,Диспетчерский контроль,Состояние фазы,"884-1.1.308.2.",ФВ1 ПК583,5657
267000,Диспетчерский контроль,Состояние фазы,"884-1.1.308.4.",ФВ2 ПК583,5657
267007,Диспетчерский контроль,Переключатель,"884-1.1.309.7.",Управление ФАНС ПК583,5657
267005,Диспетчерский контроль,Состояние фазы,"884-1.1.309.2.",ФАНС ПК583,5657
267006,Диспетчерский контроль,Состояние вентилятора,"884-1.1.309.4.",Вщ ПК583,5657
267008,Диспетчерский контроль,Переключатель,"884-1.1.309.8.",Управление Вщ ПК583,5657
267014,Диспетчерский контроль,Состояние фазы,"884-1.1.310.5.",ЩАП-23 Ввод1 ПК583 Э/щ,5657
267015,Диспетчерский контроль,Состояние фазы,"884-1.1.310.6.",ЩАП-23 Ввод2 ПК583 Э/щ,5657
267012,Диспетчерский контроль,Состояние фазы,"884-1.1.310.3.",АВР Ввод1 ПК583 Э/щ,5657
267013,Диспетчерский контроль,Состояние фазы,"884-1.1.310.4.",АВР Ввод2 ПК583 Э/щ,5657
267011,Диспетчерский контроль,Состояние фазы,"884-1.1.310.2.",ФТС ПК583,5657
267016,Диспетчерский контроль,Переключатель,"884-1.1.310.7.",Управление ФТС ПК583,5657
267019,Диспетчерский контроль,Состояние фазы,"884-1.1.311.2.",Фрез.1 ПК583,5657
267020,Диспетчерский контроль,Состояние фазы,"884-1.1.311.4.",Фрез.2 ПК583,5657
267021,Диспетчерский контроль,Переключатель,"884-1.1.311.7.",Управление Фрез.1 ПК583,5657
267022,Диспетчерский контроль,Переключатель,"884-1.1.311.8.",Управление Фрез.2 ПК583,5657
267025,Диспетчерский контроль,Состояние фазы,"884-1.1.312.1.",РО5 ПК583,5657
267026,Диспетчерский контроль,Состояние фазы,"884-1.1.312.2.",РО6 ПК583,5657
267032,Диспетчерский контроль,Переключатель,"884-1.1.313.7.",Управление В6 ПК597,5657
267029,Диспетчерский контроль,Состояние вентилятора,"884-1.1.313.2.",В6 ПК597,5657
267033,Диспетчерский контроль,Переключатель,"884-1.1.313.8.",Управление ОЗК ПК597,5657
267030,Диспетчерский контроль,Состояние фазы,"884-1.1.313.3.",ОЗК закр. ПК597,5657
267031,Диспетчерский контроль,Состояние фазы,"884-1.1.313.4.",ОЗК откр. ПК597,5657
267036,Диспетчерский контроль,Состояние фазы,"884-1.1.331.1.",РО7 ПК620,5657
267039,Диспетчерский контроль,Состояние фазы,"884-1.1.332.2.",ФРО1 щит. ПК632,5657
267040,Диспетчерский контроль,Состояние фазы,"884-1.1.332.4.",ФРО2 щит. ПК632,5657
267041,Диспетчерский контроль,Переключатель,"884-1.1.332.7.",Управление ФРО1 щит. ПК632,5657
267042,Диспетчерский контроль,Переключатель,"884-1.1.332.8.",Управление ФРО2 щит. ПК632,5657
267046,Диспетчерский контроль,Состояние вентилятора,"884-1.1.333.4.",Вщ щит. ПК632,5657
267048,Диспетчерский контроль,Переключатель,"884-1.1.333.8.",Управление Вщ щит. ПК632,5657
267045,Диспетчерский контроль,Состояние фазы,"884-1.1.333.2.",ФВ1 щит. ПК632,5657
267047,Диспетчерский контроль,Переключатель,"884-1.1.333.7.",Управление ФВ1 щит. ПК632 ,5657
267053,Диспетчерский контроль,Переключатель,"884-1.1.334.7.",Управление ФАО1 щит. ПК632,5657
267054,Диспетчерский контроль,Переключатель,"884-1.1.334.8.",Управление ФАО2 щит. ПК632,5657
267051,Диспетчерский контроль,Состояние фазы,"884-1.1.334.2.",ФАО1 щит. ПК632,5657
267052,Диспетчерский контроль,Состояние фазы,"884-1.1.334.4.",ФАО2 щит. ПК632,5657
267060,Диспетчерский контроль,Переключатель,"884-1.1.335.8.",Управление ФАНС щит. ПК632,5657
267058,Диспетчерский контроль,Состояние фазы,"884-1.1.335.4.",ФАНС щит. ПК632,5657
267059,Диспетчерский контроль,Переключатель,"884-1.1.335.7.",Управление ФВ2 щит. ПК632,5657
267057,Диспетчерский контроль,Состояние фазы,"884-1.1.335.2.",ФВ2 щит. ПК632 ,5657
267065,Диспетчерский контроль,Состояние фазы,"884-1.1.336.5.",АВР Ввод1 ПК632 Э/щ,5657
267066,Диспетчерский контроль,Состояние фазы,"884-1.1.336.6.",АВР Ввод2 ПК632 Э/щ,5657
267067,Диспетчерский контроль,Переключатель,"884-1.1.336.7.",Управление ФТС1 щит. ПК632,5657
267068,Диспетчерский контроль,Переключатель,"884-1.1.336.8.",Управление ФТС2 щит. ПК632,5657
267063,Диспетчерский контроль,Состояние фазы,"884-1.1.336.2.",ФТС1 щит. ПК632,5657
267064,Диспетчерский контроль,Состояние фазы,"884-1.1.336.4.",ФТС2 щит. ПК632,5657
267073,Диспетчерский контроль,Переключатель,"884-1.1.337.7.",Управление Фрез.1 щит. ПК632,5657
267074,Диспетчерский контроль,Переключатель,"884-1.1.337.8.",Управление Фрез.2 щит. ПК632,5657
267071,Диспетчерский контроль,Состояние фазы,"884-1.1.337.2.",Фрез.1 щит. ПК632,5657
267072,Диспетчерский контроль,Состояние фазы,"884-1.1.337.4.",Фрез.2 щит. ПК632,5657
267077,Диспетчерский контроль,Состояние фазы,"884-1.1.338.1.",ЩАП-23 Ввод1 ПК632 Э/щ,5657
267078,Диспетчерский контроль,Состояние фазы,"884-1.1.338.2.",ЩАП-23 Ввод2 ПК632 Э/щ,5657
267080,Диспетчерский контроль,Переключатель,"884-1.1.338.7.",Управление В7 ПК632,5657
267079,Диспетчерский контроль,Состояние вентилятора,"884-1.1.338.5.",В7 ПК632,5657
267084,Диспетчерский контроль,Переключатель,"884-1.1.339.7.",Управление В9 ПК632 Г3 ПК1,5657
267083,Диспетчерский контроль,Состояние вентилятора,"884-1.1.339.2.",В9 ПК632 Г3 ПК1,5657
267087,Диспетчерский контроль,Состояние насоса,"884-1.1.340.1.",Н1 ПК632 Гал. ПК0,5657
267088,Диспетчерский контроль,Состояние насоса,"884-1.1.340.4.",Н2 ПК632 Гал. ПК0,5657
273250,Диспетчерский контроль,Переключатель,"884-1.1.341.8.",Управление В8 ПК632,5657
267091,Диспетчерский контроль,Состояние вентилятора,"884-1.1.341.2.",В8 ПК632 ,5657
267097,Диспетчерский контроль,Состояние фазы,"884-1.1.342.3.",РО8 ПК632,5657
267095,Диспетчерский контроль,Состояние фазы,"884-1.1.342.1.",РО9 ПК632,5657
267096,Диспетчерский контроль,Состояние фазы,"884-1.1.342.2.",РО10 ПК632,5657
267100,Диспетчерский контроль,Состояние вентилятора,"884-1.1.343.2.",В10 ПК652,5657
267101,Диспетчерский контроль,Переключатель,"884-1.1.343.7.",Управление В10 ПК652,5657
267104,Диспетчерский контроль,Состояние фазы,"884-1.1.344.1.",РО11 ПК672,5657
267105,Диспетчерский контроль,Состояние фазы,"884-1.1.344.2.",РО12 ПК672,5657
267106,Диспетчерский контроль,Состояние фазы,"884-1.1.344.3.",РО13 ПК672,5657
267110,Диспетчерский контроль,Состояние фазы,"884-1.1.345.3.",РО14 ПК683,5657
273251,Диспетчерский контроль,Переключатель,"884-1.1.345.8.",Управление В11 ПК683,5657
267109,Диспетчерский контроль,Состояние вентилятора,"884-1.1.345.2.",В11 ПК683,5657
267114,Диспетчерский контроль,Состояние вентилятора,"884-1.1.346.2.",В12 ПК683,5657
267115,Диспетчерский контроль,Переключатель,"884-1.1.346.7.",Управление В12 ПК683,5657
304353,Диспетчерский контроль,Состояние фазы,"884-1.1.347.6.",ЩАП-23 Ввод1 ПК730 Э/щ,5657
304354,Диспетчерский контроль,Состояние фазы,"884-1.1.347.7.",ЩАП-23 Ввод2 ПК730 Э/щ,5657
286663,Пожарная охрана,Датчик дыма,"914-1.1.997.1.",Дым щит.,5674
286664,Пожарная охрана,Датчик дыма,"914-1.1.997.2.",Дым щит.,5674
286665,Пожарная охрана,Ручной извещатель,"914-1.1.997.3.",ИПР дверь в подъезд,5674
286666,Пожарная охрана,Датчик дыма,"914-1.1.997.4.",Дым коридор,5674
286667,Пожарная охрана,Датчик дыма,"914-1.1.997.5.",Дым коридор ЗП,5674
286668,Пожарная охрана,Датчик дыма,"914-1.1.997.6.",Дым коридор,5674
286669,Пожарная охрана,Датчик дыма,"914-1.1.997.7.",Дым коридор ЗП,5674
286670,Пожарная охрана,Датчик дыма,"914-1.1.997.8.",Дым комн.отдыха ЗП,5674
286671,Пожарная охрана,Датчик дыма,"914-1.1.997.9.",Дым комн.отдыха,5674
286672,Пожарная охрана,Датчик дыма,"914-1.1.997.10.",Дым комн.отдыха,5674
286673,Пожарная охрана,Датчик дыма,"914-1.1.997.11.",Дым комн.отдыха ЗП,5674
286675,Пожарная охрана,Датчик дыма,"914-1.1.997.13.",Дым тамбур,5674
286676,Пожарная охрана,Ручной извещатель,"914-1.1.997.14.",ИПР вход ДП,5674
286674,Пожарная охрана,Датчик дыма,"914-1.1.997.12.",Дым тамбур,5674
286677,Пожарная охрана,Датчик дыма,"914-1.1.997.15.",Дым коридор ЗП,5674
286679,Пожарная охрана,Датчик дыма,"914-1.1.997.17.",Дым коридор ЗП,5674
286678,Пожарная охрана,Датчик дыма,"914-1.1.997.16.",Дым коридор,5674
286680,Пожарная охрана,Датчик дыма,"914-1.1.997.18.",Дым коридор,5674
286682,Пожарная охрана,Датчик дыма,"914-1.1.997.20.",Дым раздевалка,5674
286683,Пожарная охрана,Датчик дыма,"914-1.1.997.21.",Дым раздевалка,5674
286684,Пожарная охрана,Датчик дыма,"914-1.1.997.22.",Дым раздевалка ЗП,5674
286681,Пожарная охрана,Датчик дыма,"914-1.1.997.19.",Дым раздевалка ЗП,5674
286686,Пожарная охрана,Датчик дыма,"914-1.1.997.24.",Дым дисп.,5674
286688,Пожарная охрана,Датчик дыма,"914-1.1.997.26.",Дым дисп. ЗП,5674
286685,Пожарная охрана,Датчик дыма,"914-1.1.997.23.",Дым дисп. ЗП,5674
286687,Пожарная охрана,Датчик дыма,"914-1.1.997.25.",Дым дисп.,5674
286689,Пожарная охрана,Датчик дыма,"914-1.1.997.27.",Дым коридор,5674
286693,Пожарная охрана,Ручной извещатель,"914-1.1.997.31.",ИПР дверь в подъезд,5674
286694,Пожарная охрана,Датчик дыма,"914-1.1.997.32.",Дым подс.,5674
286690,Пожарная охрана,Датчик дыма,"914-1.1.997.28.",Дым коридор ЗП,5674
285857,Охранная подсистема,Датчик движения,"914-1.1.295.6.",ОД дисп.,5674
286692,Пожарная охрана,Датчик дыма,"914-1.1.997.30.",Дым коридор ЗП,5674
286691,Пожарная охрана,Датчик дыма,"914-1.1.997.29.",Дым коридор,5674
286695,Пожарная охрана,Датчик дыма,"914-1.1.997.33.",Дым подс.,5674
286696,Пожарная охрана,Датчик дыма,"914-1.1.997.34.",Дым коридор ЗП,5674
286697,Пожарная охрана,Датчик дыма,"914-1.1.997.35.",Дым коридор,5674
286698,Пожарная охрана,Датчик дыма,"914-1.1.997.36.",Дым столовая,5674
286699,Пожарная охрана,Датчик дыма,"914-1.1.997.37.",Дым столовая,5674
285870,Охранная подсистема,Датчик движения,"914-1.1.296.5.",ОД столовая,5674
285867,Охранная подсистема,Датчик движения,"914-1.1.296.2.",ОД дверь в подъезд,5674
285854,Охранная подсистема,Датчик движения,"914-1.1.295.3.",ОД разд.,5674
285840,Охранная подсистема,Датчик движения,"914-1.1.294.4.",ОД вход ДП,5674
285828,Охранная подсистема,Датчик движения,"914-1.1.293.7.",ОД комн.отдыха,5674
285814,Охранная подсистема,Датчик движения,"914-1.1.292.6.",ОД зап.вых.,5674
285810,Охранная подсистема,Датчик движения,"914-1.1.292.2.",ОД дверь в подъезд,5674
285799,Охранная подсистема,Датчик движения,"914-1.1.291.6.",ОД щитовая,5674
285852,Охранная подсистема,КД Дверь,"914-1.1.295.1.",КД окно разд.,5674
285855,Охранная подсистема,КД Дверь,"914-1.1.295.4.",КД окно дисп.,5674
285856,Охранная подсистема,Стекло,"914-1.1.295.5.",Стекло дисп.,5674
285853,Охранная подсистема,Стекло,"914-1.1.295.2.",Стекло разд.,5674
285868,Охранная подсистема,КД Дверь,"914-1.1.296.3.",КД окно столовая,5674
285869,Охранная подсистема,Стекло,"914-1.1.296.4.",Стекло столовая,5674
285866,Охранная подсистема,КД Дверь,"914-1.1.296.1.",МРСБ дверь в подъезд(зап выход),5674
285797,Охранная подсистема,КД Дверь,"914-1.1.291.4.",КД окно щитовая,5674
285798,Охранная подсистема,Стекло,"914-1.1.291.5.",Стекло щитовая,5674
285800,Охранная подсистема,КД Дверь,"914-1.1.291.7.",МРСБ дверь щитовая,5674
285809,Охранная подсистема,КД Дверь,"914-1.1.292.1.",МРСБ дверь в подъезд,5674
285811,Охранная подсистема,КД Дверь,"914-1.1.292.3.",МРСБ дверь зап.вых.,5674
285812,Охранная подсистема,КД Дверь,"914-1.1.292.4.",КД окно коридор,5674
285813,Охранная подсистема,Стекло,"914-1.1.292.5.",Стекло коридор,5674
285826,Охранная подсистема,КД Дверь,"914-1.1.293.5.",КД окно комн.отдыха,5674
285827,Охранная подсистема,Стекло,"914-1.1.293.6.",Стекло комн.отдыха,5674
285837,Охранная подсистема,КД Дверь,"914-1.1.294.1.",МРСБ дверь вход ДП,5674
285838,Охранная подсистема,КД Дверь,"914-1.1.294.2.",КД окно тамбур,5674
285839,Охранная подсистема,Стекло,"914-1.1.294.3.",Стекло тамбур,5674
285842,Охранная подсистема,КД Дверь,"914-1.1.294.6.",МРСБ дверь в к-р,5674
285843,Охранная подсистема,Датчик движения,"914-1.1.294.7.",ОД дверь в к-р,5674
286805,Диспетчерский контроль,Состояние охраны,"914-g18.",ДП Ясенево ОС,5674
288129,Диспетчерский контроль,Состояние вентилятора,"915-1.1.345.2.",В1 ПК229,5675
288132,Диспетчерский контроль,Переключатель,"915-1.1.345.7.",Управление В1 ПК229,5675
288130,Диспетчерский контроль,Состояние вентилятора,"915-1.1.345.4.",В2 ПК231,5675
288133,Диспетчерский контроль,Переключатель,"915-1.1.345.8.",Управление В2 ПК231,5675
288120,Диспетчерский контроль,Состояние вентилятора,"915-1.1.343.2.",В3 ПК264,5675
288122,Диспетчерский контроль,Переключатель,"915-1.1.343.7.",Управление В3 ПК264,5675
288121,Диспетчерский контроль,Состояние фазы,"915-1.1.343.3.",РО2 ПК264,5675
288131,Диспетчерский контроль,Состояние фазы,"915-1.1.345.5.",РО1 ПК230,5675
288111,Диспетчерский контроль,Состояние вентилятора,"915-1.1.341.2.",В4 ПК284,5675
288112,Диспетчерский контроль,Состояние фазы,"915-1.1.341.3.",РО3 ПК284,5675
288113,Диспетчерский контроль,Переключатель,"915-1.1.341.7.",Управление В4 ПК284,5675
288107,Диспетчерский контроль,Состояние вентилятора,"915-1.1.340.2.",В5 ПК299,5675
288108,Диспетчерский контроль,Переключатель,"915-1.1.340.7.",Управление В5 ПК299,5675
288104,Диспетчерский контроль,Переключатель,"915-1.1.339.7.",Управление В6 ПК310,5675
288102,Диспетчерский контроль,Состояние вентилятора,"915-1.1.339.2.",В6 ПК310,5675
288103,Диспетчерский контроль,Состояние фазы,"915-1.1.339.3.",РО4 ПК310,5675
288098,Диспетчерский контроль,Состояние вентилятора,"915-1.1.338.2.",В7 ПК338,5675
288099,Диспетчерский контроль,Переключатель,"915-1.1.338.7.",Управление В7 ПК338,5675
288095,Диспетчерский контроль,Переключатель,"915-1.1.337.7.",Управление В8 ПК340,5675
288093,Диспетчерский контроль,Состояние вентилятора,"915-1.1.337.2.",В8 ПК340,5675
288094,Диспетчерский контроль,Состояние фазы,"915-1.1.337.5.",РО5 ПК340,5675
288089,Диспетчерский контроль,Состояние вентилятора,"915-1.1.336.2.",В9 ПК355,5675
288090,Диспетчерский контроль,Переключатель,"915-1.1.336.7.",Управление В9 ПК355,5675
288074,Диспетчерский контроль,Состояние вентилятора,"915-1.1.334.2.",Вщ ПК399,5675
288079,Диспетчерский контроль,Переключатель,"915-1.1.334.7.",Управление Вщ ПК399,5675
288069,Диспетчерский контроль,Состояние фазы,"915-1.1.333.4.",ФАО3 ПК399,5675
288068,Диспетчерский контроль,Состояние фазы,"915-1.1.333.2.",ФАО2 ПК399,5675
288071,Диспетчерский контроль,Переключатель,"915-1.1.333.8.",Управление ФАО3 ПК399,5675
288070,Диспетчерский контроль,Переключатель,"915-1.1.333.7.",Управление ФАО2 ПК399,5675
288062,Диспетчерский контроль,Состояние фазы,"915-1.1.332.2.",ФТС3 ПК399,5675
288063,Диспетчерский контроль,Состояние фазы,"915-1.1.332.4.",ФАО1 ПК399,5675
288064,Диспетчерский контроль,Переключатель,"915-1.1.332.7.",Управление ФТС3 ПК399,5675
288065,Диспетчерский контроль,Переключатель,"915-1.1.332.8.",Управление ФАО1 ПК399,5675
288057,Диспетчерский контроль,Состояние фазы,"915-1.1.331.4.",ФТС2 ПК399,5675
288059,Диспетчерский контроль,Переключатель,"915-1.1.331.8.",Управление ФТС2 ПК399,5675
288056,Диспетчерский контроль,Состояние фазы,"915-1.1.331.2.",Фрез.2 ПК399,5675
288058,Диспетчерский контроль,Переключатель,"915-1.1.331.7.",Управление Фрез.2 ПК399,5675
288051,Диспетчерский контроль,Состояние фазы,"915-1.1.330.4.",ФВ3 ПК399,5675
288050,Диспетчерский контроль,Состояние фазы,"915-1.1.330.2.",ФВ2 ПК399,5675
288053,Диспетчерский контроль,Переключатель,"915-1.1.330.8.",Управление ФВ3 ПК399,5675
288052,Диспетчерский контроль,Переключатель,"915-1.1.330.7.",Управление ФВ2 ПК399,5675
288043,Диспетчерский контроль,Состояние фазы,"915-1.1.329.4.",ФТС1 ПК399,5675
288047,Диспетчерский контроль,Переключатель,"915-1.1.329.8.",Управление ФТС1 ПК399,5675
288042,Диспетчерский контроль,Состояние фазы,"915-1.1.329.2.",ФВ1 ПК399,5675
288046,Диспетчерский контроль,Переключатель,"915-1.1.329.7.",Управление ФВ1 ПК399,5675
288036,Диспетчерский контроль,Состояние фазы,"915-1.1.328.2.",ФРО2 ПК399,5675
288038,Диспетчерский контроль,Переключатель,"915-1.1.328.7.",Управление ФРО2 ПК399,5675
288037,Диспетчерский контроль,Состояние фазы,"915-1.1.328.4.",ФАНС1 ПК399,5675
288039,Диспетчерский контроль,Переключатель,"915-1.1.328.8.",Управление ФАНС1 ПК399,5675
288031,Диспетчерский контроль,Состояние фазы,"915-1.1.327.4.",ФРО1 ПК399,5675
288033,Диспетчерский контроль,Переключатель,"915-1.1.327.8.",Управление ФРО1 ПК399,5675
288030,Диспетчерский контроль,Состояние фазы,"915-1.1.327.2.",Фрез.1 ПК399,5675
288032,Диспетчерский контроль,Переключатель,"915-1.1.327.7.",Управление Фрез.1 ПК399,5675
288027,Диспетчерский контроль,Переключатель,"915-1.1.326.7.",Управление В10 ПК398,5675
288025,Диспетчерский контроль,Состояние вентилятора,"915-1.1.326.2.",В10 ПК398,5675
288026,Диспетчерский контроль,Состояние фазы,"915-1.1.326.3.",РО6 ПК399,5675
288017,Диспетчерский контроль,Состояние фазы,"915-1.1.324.3.",РО7 ПК399,5675
288016,Диспетчерский контроль,Состояние вентилятора,"915-1.1.324.2.",В11 ПК399,5675
288018,Диспетчерский контроль,Переключатель,"915-1.1.324.7.",Управление В11 ПК399,5675
288012,Диспетчерский контроль,Состояние вентилятора,"915-1.1.323.2.",В12 ПК429,5675
288013,Диспетчерский контроль,Переключатель,"915-1.1.323.7.",Управление В12 ПК429,5675
288009,Диспетчерский контроль,Переключатель,"915-1.1.322.7.",Управление В13 ПК430,5675
288008,Диспетчерский контроль,Состояние вентилятора,"915-1.1.322.2.",В13 ПК430,5675
288001,Диспетчерский контроль,Состояние вентилятора,"915-1.1.321.2.",В14 ПК459,5675
288002,Диспетчерский контроль,Состояние вентилятора,"915-1.1.321.4.",В15 ПК460,5675
288003,Диспетчерский контроль,Состояние фазы,"915-1.1.321.5.",РО8 ПК460,5675
288005,Диспетчерский контроль,Переключатель,"915-1.1.321.8.",Управление В15 ПК460,5675
288004,Диспетчерский контроль,Переключатель,"915-1.1.321.7.",Управление В14 ПК459,5675
287996,Диспетчерский контроль,Состояние вентилятора,"915-1.1.320.2.",В16 ПК489,5675
287998,Диспетчерский контроль,Переключатель,"915-1.1.320.7.",Управление В16 ПК489,5675
287997,Диспетчерский контроль,Состояние фазы,"915-1.1.320.3.",РО9 ПК489,5675
287992,Диспетчерский контроль,Состояние фазы,"915-1.1.319.3.",РО10 ПК146,5675
287991,Диспетчерский контроль,Состояние вентилятора,"915-1.1.319.2.",В10 ПК145,5675
287993,Диспетчерский контроль,Переключатель,"915-1.1.319.7.",Управление В10 ПК145,5675
287982,Диспетчерский контроль,Состояние вентилятора,"915-1.1.317.2.",В9 ПК124,5675
287984,Диспетчерский контроль,Переключатель,"915-1.1.317.7.",Управление В9 ПК124,5675
287983,Диспетчерский контроль,Состояние фазы,"915-1.1.317.3.",РО9 ПК124,5675
287977,Диспетчерский контроль,Состояние вентилятора,"915-1.1.316.2.",В8 ПК101,5675
287979,Диспетчерский контроль,Переключатель,"915-1.1.316.7.",Управление В8 ПК101,5675
287978,Диспетчерский контроль,Состояние фазы,"915-1.1.316.3.",РО8 ПК101,5675
287974,Диспетчерский контроль,Переключатель,"915-1.1.315.7.",Управление В7 ПК79,5675
287972,Диспетчерский контроль,Состояние вентилятора,"915-1.1.315.2.",В7 ПК79,5675
287973,Диспетчерский контроль,Состояние фазы,"915-1.1.315.3.",РО7 ПК79,5675
287968,Диспетчерский контроль,Состояние вентилятора,"915-1.1.314.2.",В6 ПК77 Г2 ПК8,5675
287969,Диспетчерский контроль,Переключатель,"915-1.1.314.7.",Управление В6 ПК77 Г2 ПК8,5675
287965,Диспетчерский контроль,Состояние фазы,"915-1.1.313.1.",РО6 ПК77 Г2 ПК0,5675
287960,Диспетчерский контроль,Состояние вентилятора,"915-1.1.312.2.",В5 ПК74,5675
287961,Диспетчерский контроль,Состояние фазы,"915-1.1.312.3.",РО5 ПК74,5675
287962,Диспетчерский контроль,Переключатель,"915-1.1.312.7.",Управление В5 ПК74,5675
287956,Диспетчерский контроль,Состояние вентилятора,"915-1.1.311.2.",В4 ПК60 Г1 ПК18,5675
287957,Диспетчерский контроль,Переключатель,"915-1.1.311.7.",Управление В4 ПК60 Г1 ПК18,5675
287953,Диспетчерский контроль,Состояние фазы,"915-1.1.310.1.",РО4 ПК60 Г1 ПК0,5675
287949,Диспетчерский контроль,Состояние фазы,"915-1.1.309.3.",РО3 ПК37,5675
287950,Диспетчерский контроль,Переключатель,"915-1.1.309.7.",Управление В3 ПК37,5675
287948,Диспетчерский контроль,Состояние вентилятора,"915-1.1.309.2.",В3 ПК37,5675
287944,Диспетчерский контроль,Состояние фазы,"915-1.1.308.3.",РО2 ПК17,5675
287945,Диспетчерский контроль,Переключатель,"915-1.1.308.7.",Управление В2 ПК17,5675
287943,Диспетчерский контроль,Состояние вентилятора,"915-1.1.308.2.",В2 ПК17,5675
287939,Диспетчерский контроль,Состояние фазы,"915-1.1.307.3.",РО1 ПК17,5675
287940,Диспетчерский контроль,Переключатель,"915-1.1.307.7.",Управление В1 ПК17,5675
287938,Диспетчерский контроль,Состояние вентилятора,"915-1.1.307.2.",В1 ПК17,5675
287920,Диспетчерский контроль,Состояние фазы,"915-1.1.304.4.",Фрез.2 ПК0,5675
287919,Диспетчерский контроль,Состояние фазы,"915-1.1.304.2.",Фрез.1 ПК0,5675
287922,Диспетчерский контроль,Переключатель,"915-1.1.304.8.",Управление Фрез.2 ПК0,5675
287921,Диспетчерский контроль,Переключатель,"915-1.1.304.7.",Управление Фрез.1 ПК0,5675
287911,Диспетчерский контроль,Состояние фазы,"915-1.1.303.2.",ФВ2 ПК0,5675
287915,Диспетчерский контроль,Переключатель,"915-1.1.303.7.",Управление ФВ2 ПК0,5675
287914,Диспетчерский контроль,Состояние фазы,"915-1.1.303.6.",ФАНС1 ПК0,5675
287916,Диспетчерский контроль,Переключатель,"915-1.1.303.8.",Управление ФАНС1 ПК0,5675
287906,Диспетчерский контроль,Состояние фазы,"915-1.1.302.4.",ФВ1 ПК0,5675
287908,Диспетчерский контроль,Переключатель,"915-1.1.302.8.",Управление ФВ1 ПК0,5675
287905,Диспетчерский контроль,Состояние фазы,"915-1.1.302.2.",ФАО2 ПК0,5675
287907,Диспетчерский контроль,Переключатель,"915-1.1.302.7.",Управление ФАО2 ПК0,5675
287900,Диспетчерский контроль,Состояние фазы,"915-1.1.301.4.",ФАО1 ПК0,5675
287902,Диспетчерский контроль,Переключатель,"915-1.1.301.8.",Управление ФАО1 ПК0,5675
287899,Диспетчерский контроль,Состояние фазы,"915-1.1.301.2.",ФРО1 ПК0,5675
287901,Диспетчерский контроль,Переключатель,"915-1.1.301.7.",Управление ФРО1 ПК0,5675
288331,Газовая охрана,Газовый датчик,"915-1.1.540.1.",ГАЗ Д40 ПК203+5,5675
288326,Газовая охрана,Газовый датчик,"915-1.1.539.1.",ГАЗ Д39 ПК206,5675
288321,Газовая охрана,Газовый датчик,"915-1.1.538.1.",ГАЗ Д38 ПК262,5675
288316,Газовая охрана,Газовый датчик,"915-1.1.537.1.",ГАЗ Д37 ПК263,5675
288311,Газовая охрана,Газовый датчик,"915-1.1.536.1.",ГАЗ Д36 ПК282,5675
288306,Газовая охрана,Газовый датчик,"915-1.1.535.1.",ГАЗ Д35 ПК297,5675
288301,Газовая охрана,Газовый датчик,"915-1.1.534.1.",ГАЗ Д34 ПК308,5675
288296,Газовая охрана,Газовый датчик,"915-1.1.533.1.",ГАЗ Д33 ПК324,5675
288291,Газовая охрана,Газовый датчик,"915-1.1.532.1.",ГАЗ Д32 ПК326,5675
288286,Газовая охрана,Газовый датчик,"915-1.1.531.1.",ГАЗ Д31 ПК353,5675
288281,Газовая охрана,Газовый датчик,"915-1.1.530.1.",ГАЗ Д30 ПК372,5675
288276,Газовая охрана,Газовый датчик,"915-1.1.529.1.",ГАЗ Д29 ПК374,5675
288271,Газовая охрана,Газовый датчик,"915-1.1.528.1.",ГАЗ Д28 ПК388,5675
288266,Газовая охрана,Газовый датчик,"915-1.1.527.1.",ГАЗ Д27 ПК398,5675
288261,Газовая охрана,Газовый датчик,"915-1.1.526.1.",ГАЗ Д26 ПК400,5675
288256,Газовая охрана,Газовый датчик,"915-1.1.525.1.",ГАЗ Д25 ПК402+8,5675
288251,Газовая охрана,Газовый датчик,"915-1.1.524.1.",ГАЗ Д24 ПК404,5675
288246,Газовая охрана,Газовый датчик,"915-1.1.523.1.",ГАЗ Д23 ПК406+9,5675
288241,Газовая охрана,Газовый датчик,"915-1.1.522.1.",ГАЗ Д22 ПК411+9,5675
288236,Газовая охрана,Газовый датчик,"915-1.1.521.1.",ГАЗ Д21 ПК414,5675
288231,Газовая охрана,Газовый датчик,"915-1.1.520.1.",ГАЗ Д20 ПК416+9,5675
288226,Газовая охрана,Газовый датчик,"915-1.1.519.1.",ГАЗ Д19 ПК420,5675
288221,Газовая охрана,Газовый датчик,"915-1.1.518.1.",ГАЗ Д18 ПК422,5675
288216,Газовая охрана,Газовый датчик,"915-1.1.517.1.",ГАЗ Д17 ПК446,5675
288211,Газовая охрана,Газовый датчик,"915-1.1.516.1.",ГАЗ Д16 ПК448,5675
288206,Газовая охрана,Газовый датчик,"915-1.1.515.1.",ГАЗ Д15 ПК470,5675
288201,Газовая охрана,Газовый датчик,"915-1.1.514.1.",ГАЗ Д14 ПК471,5675
288196,Газовая охрана,Газовый датчик,"915-1.1.513.1.",ГАЗ Д13 ПК490,5675
288191,Газовая охрана,Газовый датчик,"915-1.1.512.1.",ГАЗ Д12 ПК155,5675
288186,Газовая охрана,Газовый датчик,"915-1.1.511.1.",ГАЗ Д11 ПК144,5675
288181,Газовая охрана,Газовый датчик,"915-1.1.510.1.",ГАЗ Д10 ПК122,5675
288176,Газовая охрана,Газовый датчик,"915-1.1.509.1.",ГАЗ Д9 ПК99,5675
288171,Газовая охрана,Газовый датчик,"915-1.1.508.1.",ГАЗ Д8 ПК76,5675
288166,Газовая охрана,Газовый датчик,"915-1.1.507.1.",ГАЗ Д7 ПК60 Г1 ПК1,5675
288161,Газовая охрана,Газовый датчик,"915-1.1.506.1.",ГАЗ Д6 ПК57,5675
288156,Газовая охрана,Газовый датчик,"915-1.1.505.1.",ГАЗ Д5 ПК55,5675
288151,Газовая охрана,Газовый датчик,"915-1.1.504.1.",ГАЗ Д4 ПК36,5675
288146,Газовая охрана,Газовый датчик,"915-1.1.503.1.",ГАЗ Д3 ПК5,5675
288141,Газовая охрана,Газовый датчик,"915-1.1.502.1.",ГАЗ Д2 ПК4,5675
288136,Газовая охрана,Газовый датчик,"915-1.1.501.1.",ГАЗ Д1 ПК0,5675
287988,Диспетчерский контроль,Состояние насоса,"915-1.1.318.4.",Н2 ПК146,5675
287987,Диспетчерский контроль,Состояние насоса,"915-1.1.318.1.",Н1 ПК146,5675
288086,Диспетчерский контроль,Состояние фазы,"915-1.1.335.5.",Межсекционный ПК399,5675
288084,Диспетчерский контроль,Состояние фазы,"915-1.1.335.3.",АВР 2L3 до АВ ПК399,5675
288083,Диспетчерский контроль,Состояние фазы,"915-1.1.335.2.",АВР 2L2 до АВ ПК399,5675
288082,Диспетчерский контроль,Состояние фазы,"915-1.1.335.1.",АВР 2L1 до АВ ПК399,5675
288085,Диспетчерский контроль,Состояние фазы,"915-1.1.335.4.",АВР 2 АВ включен ПК399,5675
288077,Диспетчерский контроль,Состояние фазы,"915-1.1.334.5.",АВР 1L3 до АВ ПК399,5675
288076,Диспетчерский контроль,Состояние фазы,"915-1.1.334.4.",АВР 1L2 до АВ ПК399,5675
288075,Диспетчерский контроль,Состояние фазы,"915-1.1.334.3.",АВР 1L1 до АВ ПК399,5675
288045,Диспетчерский контроль,Состояние фазы,"915-1.1.329.6.",ЩАП вв.2 ПК399,5675
288044,Диспетчерский контроль,Состояние фазы,"915-1.1.329.5.",ЩАП вв.1 ПК399,5675
288125,Диспетчерский контроль,Состояние насоса,"915-1.1.344.1.",Н1 ПК230,5675
288126,Диспетчерский контроль,Состояние насоса,"915-1.1.344.4.",Н2 ПК230,5675
288022,Диспетчерский контроль,Состояние насоса,"915-1.1.325.4.",Н2 ПК399,5675
288021,Диспетчерский контроль,Состояние насоса,"915-1.1.325.1.",Н1 ПК399,5675
288117,Диспетчерский контроль,Состояние насоса,"915-1.1.342.4.",Н2 ПК270,5675
288116,Диспетчерский контроль,Состояние насоса,"915-1.1.342.1.",Н1 ПК270,5675
288078,Диспетчерский контроль,Состояние фазы,"915-1.1.334.6.",АВР 1 АВ включен ПК399,5675
287935,Диспетчерский контроль,Состояние фазы,"915-1.1.306.5.",Межсекционный ПК0,5675
287933,Диспетчерский контроль,Состояние фазы,"915-1.1.306.3.",АВР 2L3 до АВ ПК0,5675
287932,Диспетчерский контроль,Состояние фазы,"915-1.1.306.2.",АВР 2L2 до АВ ПК0,5675
287931,Диспетчерский контроль,Состояние фазы,"915-1.1.306.1.",АВР 2L1 до АВ ПК0,5675
287934,Диспетчерский контроль,Состояние фазы,"915-1.1.306.4.",АВР 2 АВ включен ПК0,5675
287927,Диспетчерский контроль,Состояние фазы,"915-1.1.305.3.",АВР 1L3 до АВ ПК0,5675
287926,Диспетчерский контроль,Состояние фазы,"915-1.1.305.2.",АВР 1L2 до АВ ПК0,5675
287925,Диспетчерский контроль,Состояние фазы,"915-1.1.305.1.",АВР 1L1 до АВ ПК0,5675
287928,Диспетчерский контроль,Состояние фазы,"915-1.1.305.4.",АВР 1 АВ включен ПК0,5675
287913,Диспетчерский контроль,Состояние фазы,"915-1.1.303.4.",ЩАП вв.2 ПК0,5675
287912,Диспетчерский контроль,Состояние фазы,"915-1.1.303.3.",ЩАП вв.1 ПК0,5675
286806,Диспетчерский контроль,Состояние охраны,"914-g19.",к-р Ясенево,5676
287031,Охранная подсистема,КД Дверь,"914-1.1.267.1.",МРСБ дверь ПК200 сопр. с Проф,5676
287032,Охранная подсистема,Датчик движения,"914-1.1.267.2.",ОД ПК200 сопр. с Проф,5676
287030,Охранная подсистема,Датчик движения,"914-1.1.266.2.",ОД ВШ ПК204+5,5676
287029,Температурная подсистема,Датчик температуры,"914-1.1.266.1.",ТЕМП ПК203+5,5676
287027,Охранная подсистема,Датчик движения,"914-1.1.265.2.",ОД ВШ ПК205,5676
287026,Температурная подсистема,Датчик температуры,"914-1.1.265.1.",ТЕМП ПК205+5,5676
287028,Охранная подсистема,КД Дверь,"914-1.1.265.3.",КД отс.дверь ПК204+7,5676
287025,Температурная подсистема,Датчик температуры,"914-1.1.263.1.",ТЕМП ПК229,5676
287020,Температурная подсистема,Датчик температуры,"914-1.1.262.1.",ТЕМП ПК230 АНС,5676
287019,Охранная подсистема,КД Дверь,"914-1.1.261.4.",КД отс.дверь ПК230,5676
287018,Охранная подсистема,КД Дверь,"914-1.1.261.3.",КД дверь в ВК ПК230+5,5676
287017,Охранная подсистема,Датчик движения,"914-1.1.261.2.",ОД ВШ ПК230+5,5676
287016,Температурная подсистема,Датчик температуры,"914-1.1.261.1.",ТЕМП ПК231+5,5676
287011,Температурная подсистема,Датчик температуры,"914-1.1.260.1.",ТЕМП ПК261,5676
287012,Охранная подсистема,Датчик движения,"914-1.1.260.2.",ОД ВШ ПК262+5,5676
287015,Охранная подсистема,Датчик движения,"914-1.1.260.5.",ОД ВШ ПК263+5,5676
287013,Охранная подсистема,КД Дверь,"914-1.1.260.3.",КД отс.дверь ПК262,5676
287005,Температурная подсистема,Датчик температуры,"914-1.1.259.1.",ТЕМП ПК265+5,5676
287008,Охранная подсистема,КД АВ,"914-1.1.259.4.",МРСБ АВ ПК264+5,5676
287006,Охранная подсистема,Датчик движения,"914-1.1.259.2.",ОД АВ ПК264+5,5676
287007,Охранная подсистема,КД Дверь,"914-1.1.259.3.",КД ВК ПК264+5,5676
287009,Охранная подсистема,КД Дверь,"914-1.1.259.5.",КД дверь в ВК ПК264+5,5676
287010,Охранная подсистема,КД Дверь,"914-1.1.259.6.",КД отс.дверь ПК264+5,5676
287002,Температурная подсистема,Датчик температуры,"914-1.1.258.4.",ТЕМП ПК270 ур.1,5676
287003,Диспетчерский контроль,Датчик затопления,"914-1.1.258.5.",Затопление ПК270 ур.1,5676
286997,Температурная подсистема,Датчик температуры,"914-1.1.257.1.",ТЕМП ПК282,5676
286998,Охранная подсистема,Датчик движения,"914-1.1.257.2.",ОД ВШ ПК283,5676
286999,Охранная подсистема,КД Дверь,"914-1.1.257.3.",КД отс.дверь ПК283,5676
286992,Температурная подсистема,Датчик температуры,"914-1.1.256.1.",ТЕМП ПК285 ,5676
286995,Охранная подсистема,КД АВ,"914-1.1.256.4.",МРСБ АВ ПК283,5676
286993,Охранная подсистема,Датчик движения,"914-1.1.256.2.",ОД АВ ПК283,5676
286994,Охранная подсистема,КД Дверь,"914-1.1.256.3.",КД дверь в ВК ПК284,5676
286996,Охранная подсистема,КД Дверь,"914-1.1.256.5.",КД ВК ПК284,5676
286990,Охранная подсистема,Датчик движения,"914-1.1.255.2.",ОД ВШ ПК298,5676
286991,Охранная подсистема,КД Дверь,"914-1.1.255.3.",КД отс.дверь ПК298,5676
286989,Температурная подсистема,Датчик температуры,"914-1.1.255.1.",ТЕМП ПК297,5676
286985,Температурная подсистема,Датчик температуры,"914-1.1.254.1.",ТЕМП ПК300,5676
286988,Охранная подсистема,КД АВ,"914-1.1.254.4.",МРСБ АВ ПК299,5676
286986,Охранная подсистема,Датчик движения,"914-1.1.254.2.",ОД АВ ПК299,5676
286987,Охранная подсистема,КД Дверь,"914-1.1.254.3.",КД отс.дверь ПК299+5,5676
286982,Температурная подсистема,Датчик температуры,"914-1.1.253.1.",ТЕМП ПК309,5676
286984,Охранная подсистема,КД Дверь,"914-1.1.253.3.",КД отс.дверь ПК310,5676
286983,Охранная подсистема,Датчик движения,"914-1.1.253.2.",ОД ВШ ПК310,5676
286977,Температурная подсистема,Датчик температуры,"914-1.1.252.1.",ТЕМП ПК311+5,5676
286980,Охранная подсистема,КД АВ,"914-1.1.252.4.",МРСБ АВ ПК310+5,5676
286978,Охранная подсистема,Датчик движения,"914-1.1.252.2.",ОД АВ ПК310+5,5676
286979,Охранная подсистема,КД Дверь,"914-1.1.252.3.",КД дверь в ВК ПК310+5,5676
286981,Охранная подсистема,КД Дверь,"914-1.1.252.5.",КД ВК ПК310+5,5676
286975,Температурная подсистема,Датчик температуры,"914-1.1.251.1.",ТЕМП ПК324+5,5676
286976,Охранная подсистема,Датчик движения,"914-1.1.251.2.",ОД ВШ ПК325+3,5676
286973,Охранная подсистема,Датчик движения,"914-1.1.250.2.",ОД ВШ ПК326,5676
286972,Температурная подсистема,Датчик температуры,"914-1.1.250.1.",ТЕМП ПК327,5676
286974,Охранная подсистема,КД Дверь,"914-1.1.250.3.",КД отс.дверь ПК325+6,5676
286970,Охранная подсистема,КД Дверь,"914-1.1.249.3.",КД отс.дверь ПК338+5,5676
286971,Охранная подсистема,КД Дверь,"914-1.1.249.4.",КД отс.дверь ПК339,5676
286969,Охранная подсистема,Датчик движения,"914-1.1.249.2.",ОД ВШ ПК339,5676
286968,Температурная подсистема,Датчик температуры,"914-1.1.249.1.",ТЕМП ПК337+5,5676
286961,Температурная подсистема,Датчик температуры,"914-1.1.248.1.",ТЕМП ПК341,5676
286964,Охранная подсистема,КД АВ,"914-1.1.248.4.",МРСБ АВ ПК340,5676
286962,Охранная подсистема,Датчик движения,"914-1.1.248.2.",ОД АВ ПК340 во время дождя сильные протечки воды из АВ,5676
286963,Охранная подсистема,КД Дверь,"914-1.1.248.3.",КД ВК ПК340,5676
286967,Охранная подсистема,КД Дверь,"914-1.1.248.7.",КД дверь в ВК ПК340,5676
286960,Охранная подсистема,Датчик движения,"914-1.1.247.2.",ОД ВШ ПК353+5,5676
286959,Температурная подсистема,Датчик температуры,"914-1.1.247.1.",ТЕМП ПК353,5676
286958,Охранная подсистема,КД Люк,"914-1.1.246.4.",МРСБ люк ПК355,5676
286957,Охранная подсистема,КД Дверь,"914-1.1.246.3.",КД отс.дверь ПК354,5676
286956,Охранная подсистема,Датчик движения,"914-1.1.246.2.",ОД ВШ ПК354+5,5676
286955,Температурная подсистема,Датчик температуры,"914-1.1.246.1.",ТЕМП ПК355,5676
286954,Охранная подсистема,Датчик движения,"914-1.1.245.2.",ОД ВШ ПК372+5,5676
286953,Температурная подсистема,Датчик температуры,"914-1.1.245.1.",ТЕМП ПК371+5,5676
286950,Температурная подсистема,Датчик температуры,"914-1.1.244.1.",ТЕМП ПК374,5676
286951,Охранная подсистема,Датчик движения,"914-1.1.244.2.",ОД ВШ ПК373+2,5676
286952,Охранная подсистема,КД Дверь,"914-1.1.244.3.",КД отс.дверь ПК373,5676
286949,Охранная подсистема,Датчик движения,"914-1.1.243.2.",ОД ВШ ПК387+5,5676
286948,Температурная подсистема,Датчик температуры,"914-1.1.243.1.",ТЕМП ПК386+5,5676
286947,Температурная подсистема,Датчик температуры,"914-1.1.242.1.",ТЕМП ПК388+5,5676
286945,Температурная подсистема,Датчик температуры,"914-1.1.241.1.",ТЕМП ПК398+5,5676
286946,Охранная подсистема,КД Дверь,"914-1.1.241.2.",КД отс.дверь ПК399,5676
286937,Температурная подсистема,Датчик температуры,"914-1.1.239.1.",ТЕМП ПК399 щит.,5676
286939,Охранная подсистема,КД АВ,"914-1.1.239.3.",МРСБ дверь ПК399 щит.,5676
286938,Охранная подсистема,Датчик движения,"914-1.1.239.2.",ОД ПК399 щит.,5676
286932,Температурная подсистема,Датчик температуры,"914-1.1.238.1.",ТЕМП ПК399,5676
286935,Охранная подсистема,КД АВ,"914-1.1.238.4.",МРСБ АВ ПК399,5676
286933,Охранная подсистема,Датчик движения,"914-1.1.238.2.",ОД АВ ПК399,5676
286934,Охранная подсистема,КД Дверь,"914-1.1.238.3.",КД дверь в ВК ПК399,5676
286936,Диспетчерский контроль,Датчик затопления,"914-1.1.238.5.",Затопление ПК399,5676
286929,Температурная подсистема,Датчик температуры,"914-1.1.237.1.",ТЕМП ПК400+5,5676
286930,Охранная подсистема,Датчик движения,"914-1.1.237.2.",ОД ВШ ПК399+5,5676
286931,Охранная подсистема,КД Дверь,"914-1.1.237.3.",КД дверь в ВК ПК399+5,5676
286926,Температурная подсистема,Датчик температуры,"914-1.1.236.1.",ТЕМП ПК420+5,5676
286928,Охранная подсистема,КД Дверь,"914-1.1.236.3.",КД отс.дверь ПК420+5,5676
286927,Охранная подсистема,Датчик движения,"914-1.1.236.2.",ОД ВШ ПК420+5,5676
286924,Температурная подсистема,Датчик температуры,"914-1.1.235.1.",ТЕМП ПК422,5676
286925,Охранная подсистема,Датчик движения,"914-1.1.235.2.",ОД ВШ ПК421+1,5676
286920,Температурная подсистема,Датчик температуры,"914-1.1.234.1.",ТЕМП ПК428+5,5676
286921,Охранная подсистема,Датчик движения,"914-1.1.234.2.",ОД ВШ ПК429+5,5676
286922,Охранная подсистема,КД Дверь,"914-1.1.234.3.",КД отс.дверь ПК429+3,5676
286923,Охранная подсистема,КД Дверь,"914-1.1.234.4.",КД отс.дверь ПК429+5,5676
286917,Температурная подсистема,Датчик температуры,"914-1.1.233.1.",ТЕМП ПК430+5,5676
286918,Охранная подсистема,Датчик движения,"914-1.1.233.2.",ОД ВШ ПК430,5676
286919,Охранная подсистема,КД Дверь,"914-1.1.233.3.",КД дверь в ВК ПК430+5,5676
286915,Охранная подсистема,Датчик движения,"914-1.1.231.2.",ОД ВШ ПК446+5,5676
286914,Температурная подсистема,Датчик температуры,"914-1.1.231.1.",ТЕМП ПК446,5676
286912,Температурная подсистема,Датчик температуры,"914-1.1.230.1.",ТЕМП ПК448,5676
286913,Охранная подсистема,Датчик движения,"914-1.1.230.2.",ОД ПК447,5676
286907,Температурная подсистема,Датчик температуры,"914-1.1.229.1.",ТЕМП ПК458+5,5676
286910,Охранная подсистема,КД АВ,"914-1.1.229.4.",МРСБ АВ ПК459+5,5676
286908,Охранная подсистема,Датчик движения,"914-1.1.229.2.",ОД АВ ПК459+5,5676
286909,Охранная подсистема,КД Дверь,"914-1.1.229.3.",КД ВК ПК459+5,5676
286911,Охранная подсистема,КД Дверь,"914-1.1.229.5.",КД дверь в ВК ПК459+5,5676
286903,Температурная подсистема,Датчик температуры,"914-1.1.228.1.",ТЕМП ПК461,5676
286904,Охранная подсистема,Датчик движения,"914-1.1.228.2.",ОД ВШ ПК460+5,5676
286906,Охранная подсистема,КД Дверь,"914-1.1.228.4.",КД отс.дверь ПК460+2,5676
286905,Охранная подсистема,КД Дверь,"914-1.1.228.3.",КД отс.дверь ПК460+5,5676
286901,Температурная подсистема,Датчик температуры,"914-1.1.227.1.",ТЕМП ПК469+5,5676
286902,Охранная подсистема,Датчик движения,"914-1.1.227.2.",ОД ВШ ПК470,5676
286898,Температурная подсистема,Датчик температуры,"914-1.1.226.1.",ТЕМП ПК471+5,5676
286899,Охранная подсистема,Датчик движения,"914-1.1.226.2.",ОД ВШ ПК470+5,5676
286900,Охранная подсистема,КД Дверь,"914-1.1.226.3.",КД отс.дверь ПК470+5,5676
286893,Температурная подсистема,Датчик температуры,"914-1.1.225.1.",ТЕМП ПК488,5676
286894,Охранная подсистема,Датчик движения,"914-1.1.225.2.",ОД АВ ПК489,5676
286895,Охранная подсистема,КД Дверь,"914-1.1.225.3.",КД ВК ПК489,5676
286897,Охранная подсистема,КД Дверь,"914-1.1.225.5.",КД дверь в ВК ПК489,5676
286890,Температурная подсистема,Датчик температуры,"914-1.1.224.1.",ТЕМП ПК490+5,5676
286891,Охранная подсистема,Датчик движения,"914-1.1.224.2.",ОД ВШ ПК489+5,5676
286892,Охранная подсистема,КД Дверь,"914-1.1.224.3.",КД отс.дверь ПК489+5,5676
286888,Охранная подсистема,Датчик движения,"914-1.1.223.1.",ОД ПК500 сопр. с Т.Стан ,5676
286889,Охранная подсистема,КД Дверь,"914-1.1.223.2.",МРСБ дверь ПК500 сопр. с Т.Стан,5676
286887,Охранная подсистема,КД АВ,"914-1.1.222.4.",МРСБ АВ ПК157,5676
286885,Охранная подсистема,Датчик движения,"914-1.1.222.2.",ОД АВ ПК157,5676
286884,Температурная подсистема,Датчик температуры,"914-1.1.222.1.",ТЕМП ПК155+5,5676
286886,Охранная подсистема,КД Дверь,"914-1.1.222.3.",КД отс.дверь ПК157+5,5676
286882,Температурная подсистема,Датчик температуры,"914-1.1.221.1.",ТЕМП ПК147,5676
286883,Диспетчерский контроль,Датчик затопления,"914-1.1.221.2.",Затопление ПК146 ур.1,5676
286880,Охранная подсистема,КД АВ,"914-1.1.220.7.",МРСБ АВ ПК145 ур.2,5676
286881,Охранная подсистема,Датчик движения,"914-1.1.220.8.",ОД АВ ПК145 ур.2,5676
286877,Температурная подсистема,Датчик температуры,"914-1.1.220.4.",ТЕМП ПК146 АНС,5676
286878,Охранная подсистема,КД Дверь,"914-1.1.220.5.",КД дверь ПК146 АНС ур.2,5676
286879,Охранная подсистема,КД Дверь,"914-1.1.220.6.",КД дверь в ВК ПК146 ур.2,5676
286871,Температурная подсистема,Датчик температуры,"914-1.1.219.1.",ТЕМП ПК143+5,5676
286872,Охранная подсистема,Датчик движения,"914-1.1.219.2.",ОД ВШ ПК144+5,5676
286873,Охранная подсистема,КД Дверь,"914-1.1.219.3.",КД отс.дверь ПК144+5,5676
286870,Охранная подсистема,КД АВ,"914-1.1.218.4.",МРСБ АВ ПК123,5676
286868,Охранная подсистема,Датчик движения,"914-1.1.218.2.",ОД АВ ПК123,5676
286867,Температурная подсистема,Датчик температуры,"914-1.1.218.1.",ТЕМП ПК123,5676
286869,Охранная подсистема,КД Дверь,"914-1.1.218.3.",КД дверь в ВК ПК123,5676
286866,Охранная подсистема,КД Дверь,"914-1.1.217.3.",КД отс.дверь ПК123+5,5676
286865,Охранная подсистема,Датчик движения,"914-1.1.217.2.",ОД ВШ ПК123,5676
286864,Температурная подсистема,Датчик температуры,"914-1.1.217.1.",ТЕМП ПК122+5,5676
286863,Охранная подсистема,КД АВ,"914-1.1.216.4.",МРСБ АВ ПК101,5676
286861,Охранная подсистема,Датчик движения,"914-1.1.216.2.",ОД АВ ПК101,5676
286862,Охранная подсистема,КД Дверь,"914-1.1.216.3.",КД дверь в ВК ПК101,5676
286860,Температурная подсистема,Датчик температуры,"914-1.1.216.1.",ТЕМП ПК102,5676
286858,Охранная подсистема,Датчик движения,"914-1.1.215.2.",ОД ВШ ПК100+5,5676
286859,Охранная подсистема,КД Дверь,"914-1.1.215.3.",КД отс.дверь ПК100+5,5676
286857,Температурная подсистема,Датчик температуры,"914-1.1.215.1.",ТЕМП ПК99+5,5676
286855,Охранная подсистема,КД АВ,"914-1.1.214.4.",МРСБ АВ ПК79,5676
286853,Охранная подсистема,Датчик движения,"914-1.1.214.2.",ОД АВ ПК79,5676
286852,Температурная подсистема,Датчик температуры,"914-1.1.214.1.",ТЕМП ПК80,5676
286854,Охранная подсистема,КД Дверь,"914-1.1.214.3.",КД дверь в ВК ПК79,5676
286856,Охранная подсистема,КД Дверь,"914-1.1.214.5.",КД отс.дверь ПК78,5676
286846,Температурная подсистема,Датчик температуры,"914-1.1.213.1.",ТЕМП ПК77 Г2 ПК6+5,5676
286848,Охранная подсистема,КД АВ,"914-1.1.213.3.",МРСБ АВ ПК77 Г2 ПК8,5676
286847,Охранная подсистема,Датчик движения,"914-1.1.213.2.",ОД АВ ПК77 Г2 ПК8,5676
286849,Диспетчерский контроль,Датчик затопления,"914-1.1.213.4.",Затопление ПК77 Г2 ПК7,5676
286851,Охранная подсистема,КД Дверь,"914-1.1.213.6.",КД дверь в ВК ПК77 Г2 ПК7+5,5676
286850,Охранная подсистема,Датчик движения,"914-1.1.213.5.",ОД ПК77 Г2 ПК8,5676
286845,Охранная подсистема,КД Дверь,"914-1.1.212.3.",КД отс.дверь ПК75,5676
286843,Температурная подсистема,Датчик температуры,"914-1.1.212.1.",ТЕМП ПК76+5,5676
286844,Охранная подсистема,Датчик движения,"914-1.1.212.2.",ОД ВШ ПК75+5,5676
286839,Температурная подсистема,Датчик температуры,"914-1.1.211.1.",ТЕМП ПК73,5676
286842,Охранная подсистема,КД АВ,"914-1.1.211.4.",МРСБ АВ ПК74,5676
286840,Охранная подсистема,Датчик движения,"914-1.1.211.2.",ОД АВ ПК74,5676
286841,Охранная подсистема,КД Дверь,"914-1.1.211.3.",КД дверь в ВК ПК74,5676
286833,Температурная подсистема,Датчик температуры,"914-1.1.210.1.",ТЕМП ПК61 Г1 ПК16+5,5676
286835,Охранная подсистема,КД АВ,"914-1.1.210.3.",МРСБ АВ ПК61 Г1 ПК18,5676
286834,Охранная подсистема,Датчик движения,"914-1.1.210.2.",ОД АВ ПК61 Г1 ПК18,5676
286836,Диспетчерский контроль,Датчик затопления,"914-1.1.210.4.",Затопление ПК61 Г1 ПК14+5,5676
286837,Охранная подсистема,Датчик движения,"914-1.1.210.5.",ОД ПК61 Г1 ПК18,5676
286838,Охранная подсистема,КД Дверь,"914-1.1.210.6.",КД дверь в ВК ПК61 Г1 ПК18,5676
286832,Охранная подсистема,КД Дверь,"914-1.1.209.3.",КД отс.дверь ПК61 Г1 ПК0,5676
286831,Охранная подсистема,Датчик движения,"914-1.1.209.2.",ОД ВШ ПК61 Г1 ПК0,5676
286830,Температурная подсистема,Датчик температуры,"914-1.1.209.1.",ТЕМП ПК61 Г1 ПК1,5676
286829,Охранная подсистема,Датчик движения,"914-1.1.208.2.",ОД ВШ ПК57,5676
286828,Температурная подсистема,Датчик температуры,"914-1.1.208.1.",ТЕМП ПК58,5676
286827,Охранная подсистема,КД Дверь,"914-1.1.207.3.",КД отс.дверь ПК56+5,5676
286826,Охранная подсистема,Датчик движения,"914-1.1.207.2.",ОД ВШ ПК56,5676
286825,Температурная подсистема,Датчик температуры,"914-1.1.207.1.",ТЕМП ПК55+5,5676
286821,Температурная подсистема,Датчик температуры,"914-1.1.205.1.",ТЕМП ПК38,5676
286823,Охранная подсистема,КД АВ,"914-1.1.205.3.",МРСБ АВ ПК37+5,5676
286822,Охранная подсистема,Датчик движения,"914-1.1.205.2.",ОД АВ ПК37+5,5676
286824,Охранная подсистема,КД Дверь,"914-1.1.205.4.",КД дверь в ВК ПК37,5676
286820,Охранная подсистема,КД Дверь,"914-1.1.204.3.",КД отс.дверь ПК36+5,5676
286819,Охранная подсистема,Датчик движения,"914-1.1.204.2.",ОД ВШ ПК36+5,5676
286818,Температурная подсистема,Датчик температуры,"914-1.1.204.1.",ТЕМП ПК35+5,5676
286815,Охранная подсистема,КД АВ,"914-1.1.203.4.",МРСБ АВ ПК17+5,5676
286813,Охранная подсистема,Датчик движения,"914-1.1.203.2.",ОД АВ ПК17+5,5676
286812,Температурная подсистема,Датчик температуры,"914-1.1.203.1.",ТЕМП ПК18+5,5676
286814,Охранная подсистема,Датчик движения,"914-1.1.203.3.",ОД ВШ ПК17,5676
286816,Охранная подсистема,КД Дверь,"914-1.1.203.5.",КД дверь в ВК ПК17+5,5676
286817,Охранная подсистема,КД Дверь,"914-1.1.203.6.",КД дверь в ВК ПК17,5676
286810,Температурная подсистема,Датчик температуры,"914-1.1.202.1.",ТЕМП ПК16,5676
286811,Охранная подсистема,КД Дверь,"914-1.1.202.2.",КД отс.дверь ПК17,5676
286809,Охранная подсистема,КД Дверь,"914-1.1.201.2.",МРСБ дверь ПК0 в ДП,5676
286808,Охранная подсистема,Датчик движения,"914-1.1.201.1.",ОД ПК0 дверь в ДП,5676
287023,Охранная подсистема,КД АВ,"914-1.1.262.4.",МРСБ АВ ПК229,5676
287021,Охранная подсистема,Датчик движения,"914-1.1.262.2.",ОД АВ ПК229,5676
287022,Охранная подсистема,КД Дверь,"914-1.1.262.3.",КД дверь в ВК ПК230,5676
287024,Диспетчерский контроль,Датчик затопления,"914-1.1.262.5.",Затопление ПК230,5676
307925,Охранная подсистема,КД АВ,"914-1.1.231.4.",МРСБ АВ ПК 447,5676
308170,Охранная подсистема,КД АВ,"914-1.1.222.5.",КД АВ ПК157,5676
286896,Охранная подсистема,КД АВ,"914-1.1.225.4.",МРСБ АВ ПК489,5676
308171,Охранная подсистема,КД АВ,"914-1.1.225.6.",КД АВ ПК489,5676
308174,Охранная подсистема,КД АВ,"914-1.1.259.7.",КД АВ ПК264+5,5676
308175,Охранная подсистема,КД АВ,"914-1.1.262.6.",КД АВ ПК229,5676
308172,Охранная подсистема,КД АВ,"914-1.1.218.5.",КД АВ ПК123,5676
308173,Охранная подсистема,КД АВ,"914-1.1.220.9.",КД АВ ПК145 ур.2,5676
308179,Охранная подсистема,КД АВ,"914-1.1.256.6.",КД АВ ПК283,5676
308178,Охранная подсистема,КД АВ,"914-1.1.254.5.",КД АВ ПК299,5676
308185,Охранная подсистема,КД АВ,"914-1.1.229.6.",АВ ПК459+5,5676
308186,Охранная подсистема,КД АВ,"914-1.1.231.5.",КД АВ ПК 447,5676
308187,Охранная подсистема,КД АВ,"914-1.1.248.8.",КД АВ ПК340,5676
308188,Охранная подсистема,КД АВ,"914-1.1.252.6.",КД АВ ПК310+5,5676
287884,Пожарная охрана,Датчик дыма,"914-1.1.912.60.",Дым ПК200+3,5677
287883,Пожарная охрана,Датчик дыма,"914-1.1.912.59.",Дым ПК201+1,5677
287882,Пожарная охрана,Датчик дыма,"914-1.1.912.58.",Дым ПК202+1,5677
287881,Пожарная охрана,Датчик дыма,"914-1.1.912.57.",Дым ПК203+1,5677
287880,Пожарная охрана,Датчик дыма,"914-1.1.912.56.",Дым ПК204,5677
287879,Пожарная охрана,Датчик дыма,"914-1.1.912.55.",Дым ПК205,5677
287878,Пожарная охрана,Датчик дыма,"914-1.1.912.54.",Дым ПК206,5677
287877,Пожарная охрана,Датчик дыма,"914-1.1.912.53.",Дым ПК206+9,5677
287876,Пожарная охрана,Датчик дыма,"914-1.1.912.52.",Дым ПК207+8,5677
287875,Пожарная охрана,Датчик дыма,"914-1.1.912.51.",Дым ПК208+6,5677
287874,Пожарная охрана,Датчик дыма,"914-1.1.912.50.",Дым ПК209+4,5677
287873,Пожарная охрана,Датчик дыма,"914-1.1.912.49.",Дым ПК210+2,5677
287872,Пожарная охрана,Датчик дыма,"914-1.1.912.48.",Дым ПК211+1,5677
287871,Пожарная охрана,Датчик дыма,"914-1.1.912.47.",Дым ПК212,5677
287870,Пожарная охрана,Датчик дыма,"914-1.1.912.46.",Дым ПК212+8,5677
287869,Пожарная охрана,Датчик дыма,"914-1.1.912.45.",Дым ПК213+5,5677
287868,Пожарная охрана,Датчик дыма,"914-1.1.912.44.",Дым ПК214 за трубами,5677
287867,Пожарная охрана,Датчик дыма,"914-1.1.912.43.",Дым ПК214 за трубами,5677
287866,Пожарная охрана,Датчик дыма,"914-1.1.912.42.",Дым ПК214+4,5677
287865,Пожарная охрана,Датчик дыма,"914-1.1.912.41.",Дым ПК215+1,5677
287864,Пожарная охрана,Датчик дыма,"914-1.1.912.40.",Дым ПК215+9,5677
287863,Пожарная охрана,Датчик дыма,"914-1.1.912.39.",Дым ПК216+8,5677
287862,Пожарная охрана,Датчик дыма,"914-1.1.912.38.",Дым ПК217+5,5677
287861,Пожарная охрана,Датчик дыма,"914-1.1.912.37.",Дым ПК218+4,5677
287860,Пожарная охрана,Датчик дыма,"914-1.1.912.36.",Дым ПК219+1,5677
287859,Пожарная охрана,Датчик дыма,"914-1.1.912.35.",Дым ПК220+1,5677
287858,Пожарная охрана,Датчик дыма,"914-1.1.912.34.",Дым ПК220+7,5677
287857,Пожарная охрана,Датчик дыма,"914-1.1.912.33.",Дым ПК221+7,5677
287856,Пожарная охрана,Датчик дыма,"914-1.1.912.32.",Дым ПК222+4,5677
287855,Пожарная охрана,Датчик дыма,"914-1.1.912.31.",Дым ПК223+1,5677
287854,Пожарная охрана,Датчик дыма,"914-1.1.912.30.",Дым ПК223+7,5677
287853,Пожарная охрана,Датчик дыма,"914-1.1.912.29.",Дым ПК224+6,5677
287852,Пожарная охрана,Датчик дыма,"914-1.1.912.28.",Дым ПК225+5,5677
287851,Пожарная охрана,Датчик дыма,"914-1.1.912.27.",Дым ПК226+4,5677
287850,Пожарная охрана,Датчик дыма,"914-1.1.912.26.",Дым ПК227+5,5677
287849,Пожарная охрана,Датчик дыма,"914-1.1.912.25.",Дым ПК228+4,5677
287848,Пожарная охрана,Датчик дыма,"914-1.1.912.24.",Дым ПК229+3,5677
287847,Пожарная охрана,Датчик дыма,"914-1.1.912.23.",Дым ПК230 вентилятор,5677
287846,Пожарная охрана,Датчик дыма,"914-1.1.912.22.",Дым ПК230 вентилятор,5677
287845,Пожарная охрана,Датчик дыма,"914-1.1.912.21.",Дым ПК230,5677
287844,Пожарная охрана,Датчик дыма,"914-1.1.912.20.",Дым ПК230+2,5677
287843,Пожарная охрана,Датчик дыма,"914-1.1.912.19.",Дым ПК230+9 АНС,5677
287842,Пожарная охрана,Датчик дыма,"914-1.1.912.18.",Дым ПК230+9 АНС,5677
287841,Пожарная охрана,Датчик дыма,"914-1.1.912.17.",Дым ПК231,5677
287840,Пожарная охрана,Датчик дыма,"914-1.1.912.16.",Дым ПК231+3,5677
287839,Пожарная охрана,Датчик дыма,"914-1.1.912.15.",Дым ПК231+3 вентилятор,5677
287838,Пожарная охрана,Датчик дыма,"914-1.1.912.14.",Дым ПК231+3 вентилятор,5677
287837,Пожарная охрана,Датчик дыма,"914-1.1.912.13.",Дым ПК231+9,5677
287836,Пожарная охрана,Датчик дыма,"914-1.1.912.12.",Дым ПК232+8,5677
287835,Пожарная охрана,Датчик дыма,"914-1.1.912.11.",Дым ПК233+6,5677
287834,Пожарная охрана,Датчик дыма,"914-1.1.912.10.",Дым ПК234+4,5677
287833,Пожарная охрана,Датчик дыма,"914-1.1.912.9.",Дым ПК235+2,5677
287832,Пожарная охрана,Датчик дыма,"914-1.1.912.8.",Дым ПК236+1,5677
287831,Пожарная охрана,Датчик дыма,"914-1.1.912.7.",Дым ПК236+9,5677
287830,Пожарная охрана,Датчик дыма,"914-1.1.912.6.",Дым ПК237+8,5677
287829,Пожарная охрана,Датчик дыма,"914-1.1.912.5.",Дым ПК238+3,5677
287828,Пожарная охрана,Датчик дыма,"914-1.1.912.4.",Дым ПК238+5 за трубами,5677
287827,Пожарная охрана,Датчик дыма,"914-1.1.912.3.",Дым ПК238+5 за трубами,5677
287826,Пожарная охрана,Датчик дыма,"914-1.1.912.2.",Дым ПК238+8,5677
287825,Пожарная охрана,Датчик дыма,"914-1.1.912.1.",Дым ПК239+5,5677
287822,Пожарная охрана,Датчик дыма,"914-1.1.911.61.",Дым ПК240+4,5677
287821,Пожарная охрана,Датчик дыма,"914-1.1.911.60.",Дым ПК241+3,5677
287820,Пожарная охрана,Датчик дыма,"914-1.1.911.59.",Дым ПК242+2,5677
287819,Пожарная охрана,Датчик дыма,"914-1.1.911.58.",Дым ПК242+9,5677
287818,Пожарная охрана,Датчик дыма,"914-1.1.911.57.",Дым ПК243+3,5677
287817,Пожарная охрана,Датчик дыма,"914-1.1.911.56.",Дым ПК244+5,5677
287816,Пожарная охрана,Датчик дыма,"914-1.1.911.55.",Дым ПК245+3,5677
287815,Пожарная охрана,Датчик дыма,"914-1.1.911.54.",Дым ПК246+2,5677
287814,Пожарная охрана,Датчик дыма,"914-1.1.911.53.",Дым ПК247+1,5677
287813,Пожарная охрана,Датчик дыма,"914-1.1.911.52.",Дым ПК248+1,5677
287812,Пожарная охрана,Датчик дыма,"914-1.1.911.51.",Дым ПК249,5677
287811,Пожарная охрана,Датчик дыма,"914-1.1.911.50.",Дым ПК249+9,5677
287810,Пожарная охрана,Датчик дыма,"914-1.1.911.49.",Дым ПК250+9,5677
287809,Пожарная охрана,Датчик дыма,"914-1.1.911.48.",Дым ПК252,5677
287808,Пожарная охрана,Датчик дыма,"914-1.1.911.47.",Дым ПК252+7,5677
287807,Пожарная охрана,Датчик дыма,"914-1.1.911.46.",Дым ПК253+7,5677
287806,Пожарная охрана,Датчик дыма,"914-1.1.911.45.",Дым ПК254+7,5677
287805,Пожарная охрана,Датчик дыма,"914-1.1.911.44.",Дым ПК255+6,5677
287804,Пожарная охрана,Датчик дыма,"914-1.1.911.43.",Дым ПК256+6,5677
287803,Пожарная охрана,Датчик дыма,"914-1.1.911.42.",Дым ПК257+6,5677
287802,Пожарная охрана,Датчик дыма,"914-1.1.911.41.",Дым ПК258+5,5677
287801,Пожарная охрана,Датчик дыма,"914-1.1.911.40.",Дым ПК259+4,5677
287800,Пожарная охрана,Датчик дыма,"914-1.1.911.39.",Дым ПК260+1,5677
287799,Пожарная охрана,Датчик дыма,"914-1.1.911.38.",Дым ПК260+7,5677
287798,Пожарная охрана,Датчик дыма,"914-1.1.911.37.",Дым ПК261+6,5677
287797,Пожарная охрана,Датчик дыма,"914-1.1.911.36.",Дым ПК262+1,5677
287796,Пожарная охрана,Датчик дыма,"914-1.1.911.35.",Дым ПК262+3 за трубами,5677
287795,Пожарная охрана,Датчик дыма,"914-1.1.911.34.",Дым ПК262+3 за трубами,5677
287794,Пожарная охрана,Датчик дыма,"914-1.1.911.33.",Дым ПК262+4,5677
287793,Пожарная охрана,Датчик дыма,"914-1.1.911.32.",Дым ПК262+9 АВ,5677
287792,Пожарная охрана,Датчик дыма,"914-1.1.911.31.",Дым ПК263+3 за трубами,5677
287791,Пожарная охрана,Датчик дыма,"914-1.1.911.30.",Дым ПК263+3,5677
287790,Пожарная охрана,Датчик дыма,"914-1.1.911.29.",Дым ПК263+5,5677
287789,Пожарная охрана,Датчик дыма,"914-1.1.911.28.",Дым ПК264,5677
287788,Пожарная охрана,Датчик дыма,"914-1.1.911.27.",Дым ПК264+4,5677
287787,Пожарная охрана,Датчик дыма,"914-1.1.911.26.",Дым ПК264+4 АВ,5677
287786,Пожарная охрана,Датчик дыма,"914-1.1.911.25.",Дым ПК264+4 АВ,5677
287785,Пожарная охрана,Датчик дыма,"914-1.1.911.24.",Дым ПК264+5 вентилятор,5677
287784,Пожарная охрана,Датчик дыма,"914-1.1.911.23.",Дым ПК264+5 вентилятор,5677
287783,Пожарная охрана,Датчик дыма,"914-1.1.911.22.",Дым ПК264+5,5677
287782,Пожарная охрана,Датчик дыма,"914-1.1.911.21.",Дым ПК265,5677
287781,Пожарная охрана,Датчик дыма,"914-1.1.911.20.",Дым ПК266,5677
287780,Пожарная охрана,Датчик дыма,"914-1.1.911.19.",Дым ПК267,5677
287779,Пожарная охрана,Датчик дыма,"914-1.1.911.18.",Дым ПК268,5677
287778,Пожарная охрана,Датчик дыма,"914-1.1.911.17.",Дым ПК268+9,5677
287777,Пожарная охрана,Датчик дыма,"914-1.1.911.16.",Дым ПК269+4,5677
287776,Пожарная охрана,Датчик дыма,"914-1.1.911.15.",Дым ПК269+4,5677
287775,Пожарная охрана,Датчик дыма,"914-1.1.911.14.",Дым ПК269+6,5677
287774,Пожарная охрана,Датчик дыма,"914-1.1.911.13.",Дым ПК269+6,5677
287773,Пожарная охрана,Датчик дыма,"914-1.1.911.12.",Дым ПК270,5677
287772,Пожарная охрана,Датчик дыма,"914-1.1.911.11.",Дым ПК270+8,5677
287771,Пожарная охрана,Датчик дыма,"914-1.1.911.10.",Дым ПК271+2,5677
287770,Пожарная охрана,Датчик дыма,"914-1.1.911.9.",Дым ПК272+2,5677
287769,Пожарная охрана,Датчик дыма,"914-1.1.911.8.",Дым ПК273+1,5677
287768,Пожарная охрана,Датчик дыма,"914-1.1.911.7.",Дым ПК274,5677
287767,Пожарная охрана,Датчик дыма,"914-1.1.911.6.",Дым ПК274+9,5677
287766,Пожарная охрана,Датчик дыма,"914-1.1.911.5.",Дым ПК275+8,5677
287765,Пожарная охрана,Датчик дыма,"914-1.1.911.4.",Дым ПК276+7,5677
287764,Пожарная охрана,Датчик дыма,"914-1.1.911.3.",Дым ПК277+7,5677
287763,Пожарная охрана,Датчик дыма,"914-1.1.911.2.",Дым ПК278+6,5677
287762,Пожарная охрана,Датчик дыма,"914-1.1.911.1.",Дым ПК279+3,5677
287759,Пожарная охрана,Датчик дыма,"914-1.1.910.65.",Дым ПК280+5,5677
287758,Пожарная охрана,Датчик дыма,"914-1.1.910.64.",Дым ПК280+5,5677
287757,Пожарная охрана,Датчик дыма,"914-1.1.910.63.",Дым ПК280+6,5677
287756,Пожарная охрана,Датчик дыма,"914-1.1.910.62.",Дым ПК280+6,5677
287755,Пожарная охрана,Датчик дыма,"914-1.1.910.61.",Дым ПК280+8,5677
287754,Пожарная охрана,Датчик дыма,"914-1.1.910.60.",Дым ПК281+1,5677
287753,Пожарная охрана,Датчик дыма,"914-1.1.910.59.",Дым ПК281+8,5677
287752,Пожарная охрана,Датчик дыма,"914-1.1.910.58.",Дым ПК282+3,5677
287751,Пожарная охрана,Датчик дыма,"914-1.1.910.57.",Дым ПК282+9,5677
287750,Пожарная охрана,Датчик дыма,"914-1.1.910.56.",Дым ПК283+5,5677
287749,Пожарная охрана,Датчик дыма,"914-1.1.910.55.",Дым ПК283+6 АВ,5677
287748,Пожарная охрана,Датчик дыма,"914-1.1.910.54.",Дым ПК283+6 АВ,5677
287747,Пожарная охрана,Датчик дыма,"914-1.1.910.53.",Дым ПК284 вентилятор,5677
287746,Пожарная охрана,Датчик дыма,"914-1.1.910.52.",Дым ПК284 вентилятор,5677
287745,Пожарная охрана,Датчик дыма,"914-1.1.910.51.",Дым ПК284+2,5677
287744,Пожарная охрана,Датчик дыма,"914-1.1.910.50.",Дым ПК284+5,5677
287743,Пожарная охрана,Датчик дыма,"914-1.1.910.49.",Дым ПК285+5,5677
287742,Пожарная охрана,Датчик дыма,"914-1.1.910.48.",Дым ПК286+5,5677
287741,Пожарная охрана,Датчик дыма,"914-1.1.910.47.",Дым ПК287+5,5677
287740,Пожарная охрана,Датчик дыма,"914-1.1.910.46.",Дым ПК288+2,5677
287739,Пожарная охрана,Датчик дыма,"914-1.1.910.45.",Дым ПК289+1,5677
287738,Пожарная охрана,Датчик дыма,"914-1.1.910.44.",Дым ПК290+1,5677
287737,Пожарная охрана,Датчик дыма,"914-1.1.910.43.",Дым ПК291,5677
287736,Пожарная охрана,Датчик дыма,"914-1.1.910.42.",Дым ПК291+7,5677
287735,Пожарная охрана,Датчик дыма,"914-1.1.910.41.",Дым ПК292+6,5677
287734,Пожарная охрана,Датчик дыма,"914-1.1.910.40.",Дым ПК293+5,5677
287733,Пожарная охрана,Датчик дыма,"914-1.1.910.39.",Дым ПК294+4,5677
287732,Пожарная охрана,Датчик дыма,"914-1.1.910.38.",Дым ПК295+2,5677
287731,Пожарная охрана,Датчик дыма,"914-1.1.910.37.",Дым ПК296+1,5677
287730,Пожарная охрана,Датчик дыма,"914-1.1.910.36.",Дым ПК296+9,5677
287729,Пожарная охрана,Датчик дыма,"914-1.1.910.35.",Дым ПК297+7,5677
287728,Пожарная охрана,Датчик дыма,"914-1.1.910.34.",Дым ПК298+1,5677
287727,Пожарная охрана,Датчик дыма,"914-1.1.910.33.",Дым ПК298+2,5677
287726,Пожарная охрана,Датчик дыма,"914-1.1.910.32.",Дым ПК298+5,5677
287725,Пожарная охрана,Датчик дыма,"914-1.1.910.31.",Дым ПК299+1,5677
287724,Пожарная охрана,Датчик дыма,"914-1.1.910.30.",Дым ПК299 тепло пункт,5677
287723,Пожарная охрана,Датчик дыма,"914-1.1.910.29.",Дым ПК299 тепло пункт,5677
287722,Пожарная охрана,Датчик дыма,"914-1.1.910.28.",Дым ПК299 тепло пункт,5677
287721,Пожарная охрана,Датчик дыма,"914-1.1.910.27.",Дым ПК299 тепло пункт,5677
287720,Пожарная охрана,Датчик дыма,"914-1.1.910.26.",Дым ПК299+5,5677
287719,Пожарная охрана,Датчик дыма,"914-1.1.910.25.",Дым ПК299+6,5677
287718,Пожарная охрана,Датчик дыма,"914-1.1.910.24.",Дым ПК299+8,5677
287717,Пожарная охрана,Датчик дыма,"914-1.1.910.23.",Дым ПК300+2,5677
287716,Пожарная охрана,Датчик дыма,"914-1.1.910.22.",Дым ПК301+3,5677
287715,Пожарная охрана,Датчик дыма,"914-1.1.910.21.",Дым ПК302+2,5677
287714,Пожарная охрана,Датчик дыма,"914-1.1.910.20.",Дым ПК303+3,5677
287713,Пожарная охрана,Датчик дыма,"914-1.1.910.19.",Дым ПК304+2,5677
287712,Пожарная охрана,Датчик дыма,"914-1.1.910.18.",Дым ПК305+1,5677
287711,Пожарная охрана,Датчик дыма,"914-1.1.910.17.",Дым ПК306+1,5677
287710,Пожарная охрана,Датчик дыма,"914-1.1.910.16.",Дым ПК306+8,5677
287709,Пожарная охрана,Датчик дыма,"914-1.1.910.15.",Дым ПК307+6,5677
287708,Пожарная охрана,Датчик дыма,"914-1.1.910.14.",Дым ПК308+1,5677
287707,Пожарная охрана,Датчик дыма,"914-1.1.910.13.",Дым ПК309+1,5677
287706,Пожарная охрана,Датчик дыма,"914-1.1.910.12.",Дым ПК309+8,5677
287705,Пожарная охрана,Датчик дыма,"914-1.1.910.11.",Дым ПК310,5677
287704,Пожарная охрана,Датчик дыма,"914-1.1.910.10.",Дым ПК310+2,5677
287703,Пожарная охрана,Датчик дыма,"914-1.1.910.9.",Дым ПК310+2 АВ,5677
287702,Пожарная охрана,Датчик дыма,"914-1.1.910.8.",Дым ПК310+2 АВ,5677
287700,Пожарная охрана,Датчик дыма,"914-1.1.910.6.",Дым ПК310+7 вентилятор,5677
287701,Пожарная охрана,Датчик дыма,"914-1.1.910.7.",Дым ПК310+7 вентилятор,5677
287699,Пожарная охрана,Датчик дыма,"914-1.1.910.5.",Дым ПК310+7,5677
287698,Пожарная охрана,Датчик дыма,"914-1.1.910.4.",Дым ПК311,5677
287697,Пожарная охрана,Датчик дыма,"914-1.1.910.3.",Дым ПК311+8,5677
287696,Пожарная охрана,Датчик дыма,"914-1.1.910.2.",Дым ПК311+8 за трубами,5677
287695,Пожарная охрана,Датчик дыма,"914-1.1.910.1.",Дым ПК311+8 за трубами,5677
287692,Пожарная охрана,Датчик дыма,"914-1.1.909.66.",Дым ПК340+6,5677
287691,Пожарная охрана,Датчик дыма,"914-1.1.909.65.",Дым ПК341,5677
287690,Пожарная охрана,Датчик дыма,"914-1.1.909.64.",Дым ПК312+7,5677
287689,Пожарная охрана,Датчик дыма,"914-1.1.909.63.",Дым ПК313+6,5677
287688,Пожарная охрана,Датчик дыма,"914-1.1.909.62.",Дым ПК314+6,5677
287687,Пожарная охрана,Датчик дыма,"914-1.1.909.61.",Дым ПК315+6,5677
287686,Пожарная охрана,Датчик дыма,"914-1.1.909.60.",Дым ПК316+5,5677
287685,Пожарная охрана,Датчик дыма,"914-1.1.909.59.",Дым ПК317+5,5677
287684,Пожарная охрана,Датчик дыма,"914-1.1.909.58.",Дым ПК318+5,5677
287683,Пожарная охрана,Датчик дыма,"914-1.1.909.57.",Дым ПК319+5,5677
287682,Пожарная охрана,Датчик дыма,"914-1.1.909.56.",Дым ПК320+4,5677
287681,Пожарная охрана,Датчик дыма,"914-1.1.909.55.",Дым ПК321+4,5677
287680,Пожарная охрана,Датчик дыма,"914-1.1.909.54.",Дым ПК322+4,5677
287679,Пожарная охрана,Датчик дыма,"914-1.1.909.53.",Дым ПК323+4,5677
287678,Пожарная охрана,Датчик дыма,"914-1.1.909.52.",Дым ПК324+5,5677
287677,Пожарная охрана,Датчик дыма,"914-1.1.909.51.",Дым ПК325+4,5677
287676,Пожарная охрана,Датчик дыма,"914-1.1.909.50.",Дым ПК325+9,5677
287675,Пожарная охрана,Датчик дыма,"914-1.1.909.49.",Дым ПК326+8,5677
287674,Пожарная охрана,Датчик дыма,"914-1.1.909.48.",Дым ПК327+8,5677
287673,Пожарная охрана,Датчик дыма,"914-1.1.909.47.",Дым ПК328+7,5677
287672,Пожарная охрана,Датчик дыма,"914-1.1.909.46.",Дым ПК329+7,5677
287671,Пожарная охрана,Датчик дыма,"914-1.1.909.45.",Дым ПК330+7,5677
287670,Пожарная охрана,Датчик дыма,"914-1.1.909.44.",Дым ПК331+8,5677
287669,Пожарная охрана,Датчик дыма,"914-1.1.909.43.",Дым ПК332+7,5677
287668,Пожарная охрана,Датчик дыма,"914-1.1.909.42.",Дым ПК333+7,5677
287667,Пожарная охрана,Датчик дыма,"914-1.1.909.41.",Дым ПК334+6,5677
287666,Пожарная охрана,Датчик дыма,"914-1.1.909.40.",Дым ПК335+6,5677
287665,Пожарная охрана,Датчик дыма,"914-1.1.909.39.",Дым ПК336+6,5677
287664,Пожарная охрана,Датчик дыма,"914-1.1.909.38.",Дым ПК337+4,5677
287663,Пожарная охрана,Датчик дыма,"914-1.1.909.37.",Дым ПК338+3,5677
287662,Пожарная охрана,Датчик дыма,"914-1.1.909.36.",Дым ПК338+6,5677
287661,Пожарная охрана,Датчик дыма,"914-1.1.909.35.",Дым ПК338+6,5677
287660,Пожарная охрана,Датчик дыма,"914-1.1.909.34.",Дым ПК338+9,5677
287659,Пожарная охрана,Датчик дыма,"914-1.1.909.33.",Дым ПК339+1,5677
287658,Пожарная охрана,Датчик дыма,"914-1.1.909.32.",Дым ПК339+3,5677
287657,Пожарная охрана,Датчик дыма,"914-1.1.909.31.",Дым ПК339+8,5677
287656,Пожарная охрана,Датчик дыма,"914-1.1.909.30.",Дым ПК340 АВ,5677
287655,Пожарная охрана,Датчик дыма,"914-1.1.909.29.",Дым ПК340 АВ,5677
287654,Пожарная охрана,Датчик дыма,"914-1.1.909.28.",Дым ПК340+3 вентилятор,5677
287653,Пожарная охрана,Датчик дыма,"914-1.1.909.27.",Дым ПК340+3 вентилятор,5677
287652,Пожарная охрана,Датчик дыма,"914-1.1.909.26.",Дым ПК340+8,5677
287651,Пожарная охрана,Датчик дыма,"914-1.1.909.25.",Дым ПК341+5 компенсатор,5677
287650,Пожарная охрана,Датчик дыма,"914-1.1.909.24.",Дым ПК341+5 компенсатор,5677
287649,Пожарная охрана,Датчик дыма,"914-1.1.909.23.",Дым ПК341+5,5677
287648,Пожарная охрана,Датчик дыма,"914-1.1.909.22.",Дым ПК342+8,5677
287647,Пожарная охрана,Датчик дыма,"914-1.1.909.21.",Дым ПК343+7,5677
287646,Пожарная охрана,Датчик дыма,"914-1.1.909.20.",Дым ПК344+7,5677
287645,Пожарная охрана,Датчик дыма,"914-1.1.909.19.",Дым ПК345+6,5677
287644,Пожарная охрана,Датчик дыма,"914-1.1.909.18.",Дым ПК346+5,5677
287643,Пожарная охрана,Датчик дыма,"914-1.1.909.17.",Дым ПК347+6,5677
287642,Пожарная охрана,Датчик дыма,"914-1.1.909.16.",Дым ПК348+7,5677
287641,Пожарная охрана,Датчик дыма,"914-1.1.909.15.",Дым ПК349+6,5677
287640,Пожарная охрана,Датчик дыма,"914-1.1.909.14.",Дым ПК350+5,5677
287639,Пожарная охрана,Датчик дыма,"914-1.1.909.13.",Дым ПК351+5,5677
287638,Пожарная охрана,Датчик дыма,"914-1.1.909.12.",Дым ПК352+4,5677
287637,Пожарная охрана,Датчик дыма,"914-1.1.909.11.",Дым ПК353+3,5677
287636,Пожарная охрана,Датчик дыма,"914-1.1.909.10.",Дым ПК354+4,5677
287635,Пожарная охрана,Датчик дыма,"914-1.1.909.9.",Дым ПК355+6,5677
287634,Пожарная охрана,Датчик дыма,"914-1.1.909.8.",Дым ПК356+2,5677
287633,Пожарная охрана,Датчик дыма,"914-1.1.909.7.",Дым ПК356+6 за трубами,5677
287632,Пожарная охрана,Датчик дыма,"914-1.1.909.6.",Дым ПК356+6 за трубами,5677
287631,Пожарная охрана,Датчик дыма,"914-1.1.909.5.",Дым ПК356+9,5677
287630,Пожарная охрана,Датчик дыма,"914-1.1.909.4.",Дым ПК357+1,5677
287629,Пожарная охрана,Датчик дыма,"914-1.1.909.3.",Дым ПК357+3,5677
287628,Пожарная охрана,Датчик дыма,"914-1.1.909.2.",Дым ПК357+5,5677
287627,Пожарная охрана,Датчик дыма,"914-1.1.909.1.",Дым ПК357+5,5677
287623,Пожарная охрана,Датчик дыма,"914-1.1.908.61.",Дым ПК383+3,5677
287622,Пожарная охрана,Датчик дыма,"914-1.1.908.60.",Дым ПК384+1,5677
287621,Пожарная охрана,Датчик дыма,"914-1.1.908.59.",Дым ПК357+8,5677
287620,Пожарная охрана,Датчик дыма,"914-1.1.908.58.",Дым ПК358+4,5677
287619,Пожарная охрана,Датчик дыма,"914-1.1.908.57.",Дым ПК359+1,5677
287618,Пожарная охрана,Датчик дыма,"914-1.1.908.56.",Дым ПК359+9,5677
287617,Пожарная охрана,Датчик дыма,"914-1.1.908.55.",Дым ПК360+8,5677
287616,Пожарная охрана,Датчик дыма,"914-1.1.908.54.",Дым ПК361+9,5677
287615,Пожарная охрана,Датчик дыма,"914-1.1.908.53.",Дым ПК362+8,5677
287614,Пожарная охрана,Датчик дыма,"914-1.1.908.52.",Дым ПК363+5,5677
287613,Пожарная охрана,Датчик дыма,"914-1.1.908.51.",Дым ПК364+4,5677
287612,Пожарная охрана,Датчик дыма,"914-1.1.908.50.",Дым ПК365,5677
287611,Пожарная охрана,Датчик дыма,"914-1.1.908.49.",Дым ПК366,5677
287610,Пожарная охрана,Датчик дыма,"914-1.1.908.48.",Дым ПК367+1,5677
287609,Пожарная охрана,Датчик дыма,"914-1.1.908.47.",Дым ПК368+1,5677
287608,Пожарная охрана,Датчик дыма,"914-1.1.908.46.",Дым ПК369+2,5677
287607,Пожарная охрана,Датчик дыма,"914-1.1.908.45.",Дым ПК370+1,5677
287606,Пожарная охрана,Датчик дыма,"914-1.1.908.44.",Дым ПК371+1,5677
287605,Пожарная охрана,Датчик дыма,"914-1.1.908.43.",Дым ПК371+6,5677
287604,Пожарная охрана,Датчик дыма,"914-1.1.908.42.",Дым ПК371+9,5677
287603,Пожарная охрана,Датчик дыма,"914-1.1.908.41.",Дым ПК372+6,5677
287602,Пожарная охрана,Датчик дыма,"914-1.1.908.40.",Дым ПК373+1,5677
287601,Пожарная охрана,Датчик дыма,"914-1.1.908.39.",Дым ПК373+7,5677
287600,Пожарная охрана,Датчик дыма,"914-1.1.908.38.",Дым ПК374+4,5677
287599,Пожарная охрана,Датчик дыма,"914-1.1.908.37.",Дым ПК375+4,5677
287598,Пожарная охрана,Датчик дыма,"914-1.1.908.36.",Дым ПК376+4,5677
287597,Пожарная охрана,Датчик дыма,"914-1.1.908.35.",Дым ПК377+3,5677
287596,Пожарная охрана,Датчик дыма,"914-1.1.908.34.",Дым ПК378+2,5677
287595,Пожарная охрана,Датчик дыма,"914-1.1.908.33.",Дым ПК379,5677
287594,Пожарная охрана,Датчик дыма,"914-1.1.908.32.",Дым ПК379+9,5677
287593,Пожарная охрана,Датчик дыма,"914-1.1.908.31.",Дым ПК380+8,5677
287592,Пожарная охрана,Датчик дыма,"914-1.1.908.30.",Дым ПК381+8,5677
287591,Пожарная охрана,Датчик дыма,"914-1.1.908.29.",Дым ПК382+7,5677
287590,Пожарная охрана,Датчик дыма,"914-1.1.908.28.",Дым ПК383+6,5677
287589,Пожарная охрана,Датчик дыма,"914-1.1.908.27.",Дым ПК384+5,5677
287588,Пожарная охрана,Датчик дыма,"914-1.1.908.26.",Дым ПК385+5,5677
287587,Пожарная охрана,Датчик дыма,"914-1.1.908.25.",Дым ПК386+4,5677
287586,Пожарная охрана,Датчик дыма,"914-1.1.908.24.",Дым ПК387+8,5677
287585,Пожарная охрана,Датчик дыма,"914-1.1.908.23.",Дым ПК388+4,5677
287584,Пожарная охрана,Датчик дыма,"914-1.1.908.22.",Дым ПК388+7,5677
287583,Пожарная охрана,Датчик дыма,"914-1.1.908.21.",Дым ПК389,5677
287582,Пожарная охрана,Датчик дыма,"914-1.1.908.20.",Дым ПК389+8,5677
287581,Пожарная охрана,Датчик дыма,"914-1.1.908.19.",Дым ПК390+7,5677
287580,Пожарная охрана,Датчик дыма,"914-1.1.908.18.",Дым ПК391+6,5677
287579,Пожарная охрана,Датчик дыма,"914-1.1.908.17.",Дым ПК392+5,5677
287578,Пожарная охрана,Датчик дыма,"914-1.1.908.16.",Дым ПК393+4,5677
287577,Пожарная охрана,Датчик дыма,"914-1.1.908.15.",Дым ПК394+4,5677
287576,Пожарная охрана,Датчик дыма,"914-1.1.908.14.",Дым ПК395+5,5677
287575,Пожарная охрана,Датчик дыма,"914-1.1.908.13.",Дым ПК396+4,5677
287574,Пожарная охрана,Датчик дыма,"914-1.1.908.12.",Дым ПК397+7,5677
287573,Пожарная охрана,Датчик дыма,"914-1.1.908.11.",Дым ПК398+3,5677
287572,Пожарная охрана,Датчик дыма,"914-1.1.908.10.",Дым ПК398+5 вентилятор,5677
287571,Пожарная охрана,Датчик дыма,"914-1.1.908.9.",Дым ПК398+5 вентилятор,5677
287570,Пожарная охрана,Датчик дыма,"914-1.1.908.8.",Дым ПК398+8,5677
287569,Пожарная охрана,Датчик дыма,"914-1.1.908.7.",Дым ПК399+3,5677
287568,Пожарная охрана,Датчик дыма,"914-1.1.908.6.",Дым ПК399+3 АНС,5677
287567,Пожарная охрана,Датчик дыма,"914-1.1.908.5.",Дым ПК399+3 АНС,5677
287566,Пожарная охрана,Датчик дыма,"914-1.1.908.4.",Дым ПК399 щит.,5677
287565,Пожарная охрана,Датчик дыма,"914-1.1.908.3.",Дым ПК399 щит.,5677
287564,Пожарная охрана,Датчик дыма,"914-1.1.908.2.",Дым ПК399 щит.,5677
287563,Пожарная охрана,Датчик дыма,"914-1.1.908.1.",Дым ПК399 щит.,5677
287560,Пожарная охрана,Датчик дыма,"914-1.1.907.75.",Дым ПК425,5677
287559,Пожарная охрана,Датчик дыма,"914-1.1.907.74.",Дым ПК425+8,5677
287558,Пожарная охрана,Датчик дыма,"914-1.1.907.73.",Дым ПК426+8,5677
287557,Пожарная охрана,Датчик дыма,"914-1.1.907.72.",Дым ПК427+7,5677
287556,Пожарная охрана,Датчик дыма,"914-1.1.907.71.",Дым ПК428+7,5677
287555,Пожарная охрана,Датчик дыма,"914-1.1.907.70.",Дым ПК399+8 вентилятор,5677
287554,Пожарная охрана,Датчик дыма,"914-1.1.907.69.",Дым ПК399+8 вентилятор,5677
287553,Пожарная охрана,Датчик дыма,"914-1.1.907.68.",Дым ПК399+8,5677
287552,Пожарная охрана,Датчик дыма,"914-1.1.907.67.",Дым ПК400+1,5677
287551,Пожарная охрана,Датчик дыма,"914-1.1.907.66.",Дым ПК400+4,5677
287550,Пожарная охрана,Датчик дыма,"914-1.1.907.65.",Дым ПК401,5677
287549,Пожарная охрана,Датчик дыма,"914-1.1.907.64.",Дым ПК401+3 тепло пункт,5677
287548,Пожарная охрана,Датчик дыма,"914-1.1.907.63.",Дым ПК401+3 тепло пункт,5677
287547,Пожарная охрана,Датчик дыма,"914-1.1.907.62.",Дым ПК401+3 тепло пункт,5677
287546,Пожарная охрана,Датчик дыма,"914-1.1.907.61.",Дым ПК401+3 тепло пункт,5677
287545,Пожарная охрана,Датчик дыма,"914-1.1.907.60.",Дым ПК402+2,5677
287544,Пожарная охрана,Датчик дыма,"914-1.1.907.59.",Дым ПК402+9,5677
287543,Пожарная охрана,Датчик дыма,"914-1.1.907.58.",Дым ПК403+6,5677
287542,Пожарная охрана,Датчик дыма,"914-1.1.907.57.",Дым ПК404+5,5677
287541,Пожарная охрана,Датчик дыма,"914-1.1.907.56.",Дым ПК405+6,5677
287540,Пожарная охрана,Датчик дыма,"914-1.1.907.55.",Дым ПК406+7,5677
287539,Пожарная охрана,Датчик дыма,"914-1.1.907.54.",Дым ПК407+6,5677
287538,Пожарная охрана,Датчик дыма,"914-1.1.907.53.",Дым ПК408+5,5677
287537,Пожарная охрана,Датчик дыма,"914-1.1.907.52.",Дым ПК409+5,5677
287536,Пожарная охрана,Датчик дыма,"914-1.1.907.51.",Дым ПК410+4,5677
287535,Пожарная охрана,Датчик дыма,"914-1.1.907.50.",Дым ПК411+4,5677
287534,Пожарная охрана,Датчик дыма,"914-1.1.907.49.",Дым ПК412+1,5677
287533,Пожарная охрана,Датчик дыма,"914-1.1.907.48.",Дым ПК413+1,5677
287532,Пожарная охрана,Датчик дыма,"914-1.1.907.47.",Дым ПК413+8,5677
287531,Пожарная охрана,Датчик дыма,"914-1.1.907.46.",Дым ПК414+9,5677
287530,Пожарная охрана,Датчик дыма,"914-1.1.907.45.",Дым ПК415+9,5677
287529,Пожарная охрана,Датчик дыма,"914-1.1.907.44.",Дым ПК416+8,5677
287528,Пожарная охрана,Датчик дыма,"914-1.1.907.43.",Дым ПК417+6,5677
287527,Пожарная охрана,Датчик дыма,"914-1.1.907.42.",Дым ПК418+5,5677
287526,Пожарная охрана,Датчик дыма,"914-1.1.907.41.",Дым ПК419+4,5677
287525,Пожарная охрана,Датчик дыма,"914-1.1.907.40.",Дым ПК420+4,5677
287524,Пожарная охрана,Датчик дыма,"914-1.1.907.39.",Дым ПК421+1,5677
287523,Пожарная охрана,Датчик дыма,"914-1.1.907.38.",Дым ПК421+7,5677
287522,Пожарная охрана,Датчик дыма,"914-1.1.907.37.",Дым ПК422+7,5677
287521,Пожарная охрана,Датчик дыма,"914-1.1.907.36.",Дым ПК423+5,5677
287520,Пожарная охрана,Датчик дыма,"914-1.1.907.35.",Дым ПК424+5,5677
287519,Пожарная охрана,Датчик дыма,"914-1.1.907.34.",Дым ПК425+3,5677
287518,Пожарная охрана,Датчик дыма,"914-1.1.907.33.",Дым ПК426+3,5677
287517,Пожарная охрана,Датчик дыма,"914-1.1.907.32.",Дым ПК427+2,5677
287516,Пожарная охрана,Датчик дыма,"914-1.1.907.31.",Дым ПК428+2,5677
287515,Пожарная охрана,Датчик дыма,"914-1.1.907.30.",Дым ПК429+1,5677
287514,Пожарная охрана,Датчик дыма,"914-1.1.907.29.",Дым ПК429+4,5677
287513,Пожарная охрана,Датчик дыма,"914-1.1.907.28.",Дым ПК429+4,5677
287512,Пожарная охрана,Датчик дыма,"914-1.1.907.27.",Дым ПК429+6,5677
287511,Пожарная охрана,Датчик дыма,"914-1.1.907.26.",Дым ПК430+3,5677
287510,Пожарная охрана,Датчик дыма,"914-1.1.907.25.",Дым ПК430+9,5677
287509,Пожарная охрана,Датчик дыма,"914-1.1.907.24.",Дым ПК431+9,5677
287508,Пожарная охрана,Датчик дыма,"914-1.1.907.23.",Дым ПК433+1,5677
287507,Пожарная охрана,Датчик дыма,"914-1.1.907.22.",Дым ПК434+2,5677
287506,Пожарная охрана,Датчик дыма,"914-1.1.907.21.",Дым ПК435+2,5677
287505,Пожарная охрана,Датчик дыма,"914-1.1.907.20.",Дым ПК436+2,5677
287504,Пожарная охрана,Датчик дыма,"914-1.1.907.19.",Дым ПК437+1,5677
287503,Пожарная охрана,Датчик дыма,"914-1.1.907.18.",Дым ПК438,5677
287502,Пожарная охрана,Датчик дыма,"914-1.1.907.17.",Дым ПК438+9,5677
287501,Пожарная охрана,Датчик дыма,"914-1.1.907.16.",Дым ПК439+7,5677
287500,Пожарная охрана,Датчик дыма,"914-1.1.907.15.",Дым ПК440+4,5677
287499,Пожарная охрана,Датчик дыма,"914-1.1.907.14.",Дым ПК440+6,5677
287498,Пожарная охрана,Датчик дыма,"914-1.1.907.13.",Дым ПК441+6,5677
287497,Пожарная охрана,Датчик дыма,"914-1.1.907.12.",Дым ПК442+4,5677
287496,Пожарная охрана,Датчик дыма,"914-1.1.907.11.",Дым ПК443+4,5677
287495,Пожарная охрана,Датчик дыма,"914-1.1.907.10.",Дым ПК444+5,5677
287494,Пожарная охрана,Датчик дыма,"914-1.1.907.9.",Дым ПК445+3,5677
287493,Пожарная охрана,Датчик дыма,"914-1.1.907.8.",Дым ПК446+1,5677
287492,Пожарная охрана,Датчик дыма,"914-1.1.907.7.",Дым ПК447,5677
287491,Пожарная охрана,Датчик дыма,"914-1.1.907.6.",Дым ПК447+3 тепло пункт,5677
287490,Пожарная охрана,Датчик дыма,"914-1.1.907.5.",Дым ПК447+3 тепло пункт,5677
287489,Пожарная охрана,Датчик дыма,"914-1.1.907.4.",Дым ПК447+5,5677
287488,Пожарная охрана,Датчик дыма,"914-1.1.907.3.",Дым ПК447+3 тепло пункт,5677
287487,Пожарная охрана,Датчик дыма,"914-1.1.907.2.",Дым ПК447+3 тепло пункт,5677
287486,Пожарная охрана,Датчик дыма,"914-1.1.907.1.",Дым ПК447+7,5677
287483,Пожарная охрана,Датчик дыма,"914-1.1.906.70.",Дым ПК448+9,5677
287482,Пожарная охрана,Датчик дыма,"914-1.1.906.69.",Дым ПК450,5677
287481,Пожарная охрана,Датчик дыма,"914-1.1.906.68.",Дым ПК451,5677
287480,Пожарная охрана,Датчик дыма,"914-1.1.906.67.",Дым ПК452,5677
287479,Пожарная охрана,Датчик дыма,"914-1.1.906.66.",Дым ПК453,5677
287478,Пожарная охрана,Датчик дыма,"914-1.1.906.65.",Дым ПК454,5677
287477,Пожарная охрана,Датчик дыма,"914-1.1.906.64.",Дым ПК454+8,5677
287476,Пожарная охрана,Датчик дыма,"914-1.1.906.63.",Дым ПК455+7,5677
287475,Пожарная охрана,Датчик дыма,"914-1.1.906.62.",Дым ПК456+6,5677
287474,Пожарная охрана,Датчик дыма,"914-1.1.906.61.",Дым ПК457+3,5677
287473,Пожарная охрана,Датчик дыма,"914-1.1.906.60.",Дым ПК457+8 за трубами,5677
287472,Пожарная охрана,Датчик дыма,"914-1.1.906.59.",Дым ПК457+8 за трубами,5677
287471,Пожарная охрана,Датчик дыма,"914-1.1.906.58.",Дым ПК458+1,5677
287470,Пожарная охрана,Датчик дыма,"914-1.1.906.57.",Дым ПК459,5677
287469,Пожарная охрана,Датчик дыма,"914-1.1.906.56.",Дым ПК459+4 вентилятор,5677
287468,Пожарная охрана,Датчик дыма,"914-1.1.906.55.",Дым ПК459+4 вентилятор,5677
287467,Пожарная охрана,Датчик дыма,"914-1.1.906.54.",Дым ПК459+7,5677
287466,Пожарная охрана,Датчик дыма,"914-1.1.906.53.",Дым ПК459+7,5677
287465,Пожарная охрана,Датчик дыма,"914-1.1.906.52.",Дым ПК459+9,5677
287464,Пожарная охрана,Датчик дыма,"914-1.1.906.51.",Дым ПК461,5677
287463,Пожарная охрана,Датчик дыма,"914-1.1.906.50.",Дым ПК462,5677
287462,Пожарная охрана,Датчик дыма,"914-1.1.906.49.",Дым ПК462+9,5677
287461,Пожарная охрана,Датчик дыма,"914-1.1.906.48.",Дым ПК463+8,5677
287460,Пожарная охрана,Датчик дыма,"914-1.1.906.47.",Дым ПК464+9,5677
287459,Пожарная охрана,Датчик дыма,"914-1.1.906.46.",Дым ПК465+9,5677
287458,Пожарная охрана,Датчик дыма,"914-1.1.906.45.",Дым ПК466+9,5677
287457,Пожарная охрана,Датчик дыма,"914-1.1.906.44.",Дым ПК467+9,5677
287456,Пожарная охрана,Датчик дыма,"914-1.1.906.43.",Дым ПК468+9,5677
287455,Пожарная охрана,Датчик дыма,"914-1.1.906.42.",Дым ПК470,5677
287454,Пожарная охрана,Датчик дыма,"914-1.1.906.41.",Дым ПК471,5677
287453,Пожарная охрана,Датчик дыма,"914-1.1.906.40.",Дым ПК471+8,5677
287452,Пожарная охрана,Датчик дыма,"914-1.1.906.39.",Дым ПК472+8,5677
287451,Пожарная охрана,Датчик дыма,"914-1.1.906.38.",Дым ПК473+9,5677
287450,Пожарная охрана,Датчик дыма,"914-1.1.906.37.",Дым ПК475,5677
287449,Пожарная охрана,Датчик дыма,"914-1.1.906.36.",Дым ПК476,5677
287448,Пожарная охрана,Датчик дыма,"914-1.1.906.35.",Дым ПК477,5677
287447,Пожарная охрана,Датчик дыма,"914-1.1.906.34.",Дым ПК478,5677
287446,Пожарная охрана,Датчик дыма,"914-1.1.906.33.",Дым ПК479,5677
287445,Пожарная охрана,Датчик дыма,"914-1.1.906.32.",Дым ПК480,5677
287444,Пожарная охрана,Датчик дыма,"914-1.1.906.31.",Дым ПК481+1,5677
287443,Пожарная охрана,Датчик дыма,"914-1.1.906.30.",Дым ПК482,5677
287442,Пожарная охрана,Датчик дыма,"914-1.1.906.29.",Дым ПК483,5677
287441,Пожарная охрана,Датчик дыма,"914-1.1.906.28.",Дым ПК484,5677
287440,Пожарная охрана,Датчик дыма,"914-1.1.906.27.",Дым ПК485,5677
287439,Пожарная охрана,Датчик дыма,"914-1.1.906.26.",Дым ПК486,5677
287438,Пожарная охрана,Датчик дыма,"914-1.1.906.25.",Дым ПК486+6,5677
287437,Пожарная охрана,Датчик дыма,"914-1.1.906.24.",Дым ПК486+7 за трубами,5677
287436,Пожарная охрана,Датчик дыма,"914-1.1.906.23.",Дым ПК486+7 за трубами,5677
287435,Пожарная охрана,Датчик дыма,"914-1.1.906.22.",Дым ПК487+5,5677
287434,Пожарная охрана,Датчик дыма,"914-1.1.906.21.",Дым ПК488+4,5677
287433,Пожарная охрана,Датчик дыма,"914-1.1.906.20.",Дым ПК488+7 вентилятор,5677
287432,Пожарная охрана,Датчик дыма,"914-1.1.906.19.",Дым ПК488+7 вентилятор,5677
287431,Пожарная охрана,Датчик дыма,"914-1.1.906.18.",Дым ПК488+9,5677
287430,Пожарная охрана,Датчик дыма,"914-1.1.906.17.",Дым ПК489 АВ,5677
287429,Пожарная охрана,Датчик дыма,"914-1.1.906.16.",Дым ПК489 АВ,5677
287428,Пожарная охрана,Датчик дыма,"914-1.1.906.15.",Дым ПК489+3,5677
287427,Пожарная охрана,Датчик дыма,"914-1.1.906.14.",Дым ПК489+8,5677
287426,Пожарная охрана,Датчик дыма,"914-1.1.906.13.",Дым ПК490+7,5677
287425,Пожарная охрана,Датчик дыма,"914-1.1.906.12.",Дым ПК491+5,5677
287424,Пожарная охрана,Датчик дыма,"914-1.1.906.11.",Дым ПК492+3,5677
287423,Пожарная охрана,Датчик дыма,"914-1.1.906.10.",Дым ПК493+2,5677
287422,Пожарная охрана,Датчик дыма,"914-1.1.906.9.",Дым ПК494+2,5677
287421,Пожарная охрана,Датчик дыма,"914-1.1.906.8.",Дым ПК495,5677
287420,Пожарная охрана,Датчик дыма,"914-1.1.906.7.",Дым ПК496,5677
287419,Пожарная охрана,Датчик дыма,"914-1.1.906.6.",Дым ПК496+9,5677
287418,Пожарная охрана,Датчик дыма,"914-1.1.906.5.",Дым ПК497+8,5677
287417,Пожарная охрана,Датчик дыма,"914-1.1.906.4.",Дым ПК498+5,5677
287416,Пожарная охрана,Датчик дыма,"914-1.1.906.3.",Дым ПК499+2,5677
287415,Пожарная охрана,Датчик дыма,"914-1.1.906.2.",Дым ПК499+8,5677
287414,Пожарная охрана,Датчик дыма,"914-1.1.906.1.",Дым ПК500,5677
287411,Пожарная охрана,Датчик дыма,"914-1.1.905.72.",Дым ПК157,5677
287410,Пожарная охрана,Датчик дыма,"914-1.1.905.71.",Дым ПК157,5677
287409,Пожарная охрана,Датчик дыма,"914-1.1.905.70.",Дым ПК144+8,5677
287408,Пожарная охрана,Датчик дыма,"914-1.1.905.69.",Дым ПК124,5677
287407,Пожарная охрана,Датчик дыма,"914-1.1.905.68.",Дым ПК158,5677
287406,Пожарная охрана,Датчик дыма,"914-1.1.905.67.",Дым ПК158,5677
287405,Пожарная охрана,Датчик дыма,"914-1.1.905.66.",Дым ПК157,5677
287404,Пожарная охрана,Датчик дыма,"914-1.1.905.65.",Дым ПК157,5677
287403,Пожарная охрана,Датчик дыма,"914-1.1.905.64.",Дым ПК157,5677
287402,Пожарная охрана,Датчик дыма,"914-1.1.905.63.",Дым ПК157,5677
287401,Пожарная охрана,Датчик дыма,"914-1.1.905.62.",Дым ПК157,5677
287400,Пожарная охрана,Датчик дыма,"914-1.1.905.61.",Дым ПК157,5677
287399,Пожарная охрана,Датчик дыма,"914-1.1.905.60.",Дым ПК155+9,5677
287398,Пожарная охрана,Датчик дыма,"914-1.1.905.59.",Дым ПК155,5677
287397,Пожарная охрана,Датчик дыма,"914-1.1.905.58.",Дым ПК154,5677
287396,Пожарная охрана,Датчик дыма,"914-1.1.905.57.",Дым ПК153,5677
287395,Пожарная охрана,Датчик дыма,"914-1.1.905.56.",Дым ПК152,5677
287394,Пожарная охрана,Датчик дыма,"914-1.1.905.55.",Дым ПК151,5677
287393,Пожарная охрана,Датчик дыма,"914-1.1.905.54.",Дым ПК150,5677
287392,Пожарная охрана,Датчик дыма,"914-1.1.905.53.",Дым ПК149+1,5677
287391,Пожарная охрана,Датчик дыма,"914-1.1.905.52.",Дым ПК148+1,5677
287390,Пожарная охрана,Датчик дыма,"914-1.1.905.51.",Дым ПК147+1,5677
287389,Пожарная охрана,Датчик дыма,"914-1.1.905.50.",Дым ПК146+3,5677
287388,Пожарная охрана,Датчик дыма,"914-1.1.905.49.",Дым ПК146 АНС,5677
287387,Пожарная охрана,Датчик дыма,"914-1.1.905.48.",Дым ПК146 АНС,5677
287386,Пожарная охрана,Датчик дыма,"914-1.1.905.47.",Дым ПК146 ВШ,5677
287385,Пожарная охрана,Датчик дыма,"914-1.1.905.46.",Дым ПК146 ВШ,5677
287384,Пожарная охрана,Датчик дыма,"914-1.1.905.45.",Дым ПК146 верх,5677
287383,Пожарная охрана,Датчик дыма,"914-1.1.905.44.",Дым ПК146 верх,5677
287381,Пожарная охрана,Датчик дыма,"914-1.1.905.42.",Дым ПК146 АНС,5677
287382,Пожарная охрана,Датчик дыма,"914-1.1.905.43.",Дым ПК146 АНС,5677
287380,Пожарная охрана,Датчик дыма,"914-1.1.905.41.",Дым ПК145+2,5677
287379,Пожарная охрана,Датчик дыма,"914-1.1.905.40.",Дым ПК144+6,5677
287378,Пожарная охрана,Датчик дыма,"914-1.1.905.39.",Дым ПК144+3,5677
287377,Пожарная охрана,Датчик дыма,"914-1.1.905.38.",Дым ПК144,5677
287376,Пожарная охрана,Датчик дыма,"914-1.1.905.37.",Дым ПК143+7,5677
287375,Пожарная охрана,Датчик дыма,"914-1.1.905.36.",Дым ПК143+2,5677
287374,Пожарная охрана,Датчик дыма,"914-1.1.905.35.",Дым ПК142+3,5677
287373,Пожарная охрана,Датчик дыма,"914-1.1.905.34.",Дым ПК141+9,5677
287372,Пожарная охрана,Датчик дыма,"914-1.1.905.33.",Дым ПК141+8 прав.,5677
287371,Пожарная охрана,Датчик дыма,"914-1.1.905.32.",Дым ПК141+8 прав.,5677
287370,Пожарная охрана,Датчик дыма,"914-1.1.905.31.",Дым ПК141+4,5677
287369,Пожарная охрана,Датчик дыма,"914-1.1.905.30.",Дым ПК141,5677
287368,Пожарная охрана,Датчик дыма,"914-1.1.905.29.",Дым ПК140+1,5677
287367,Пожарная охрана,Датчик дыма,"914-1.1.905.28.",Дым ПК139+2,5677
287366,Пожарная охрана,Датчик дыма,"914-1.1.905.27.",Дым ПК138+3,5677
287365,Пожарная охрана,Датчик дыма,"914-1.1.905.26.",Дым ПК137+4,5677
287364,Пожарная охрана,Датчик дыма,"914-1.1.905.25.",Дым ПК136+5,5677
287363,Пожарная охрана,Датчик дыма,"914-1.1.905.24.",Дым ПК135+6,5677
287362,Пожарная охрана,Датчик дыма,"914-1.1.905.23.",Дым ПК134+7,5677
287361,Пожарная охрана,Датчик дыма,"914-1.1.905.22.",Дым ПК133+8,5677
287360,Пожарная охрана,Датчик дыма,"914-1.1.905.21.",Дым ПК132+9,5677
287359,Пожарная охрана,Датчик дыма,"914-1.1.905.20.",Дым ПК132+1,5677
287358,Пожарная охрана,Датчик дыма,"914-1.1.905.19.",Дым ПК131+2,5677
287357,Пожарная охрана,Датчик дыма,"914-1.1.905.18.",Дым ПК130+4,5677
287356,Пожарная охрана,Датчик дыма,"914-1.1.905.17.",Дым ПК129+5,5677
287355,Пожарная охрана,Датчик дыма,"914-1.1.905.16.",Дым ПК128+8,5677
287354,Пожарная охрана,Датчик дыма,"914-1.1.905.15.",Дым ПК127+9,5677
287353,Пожарная охрана,Датчик дыма,"914-1.1.905.14.",Дым ПК127,5677
287352,Пожарная охрана,Датчик дыма,"914-1.1.905.13.",Дым ПК126,5677
287351,Пожарная охрана,Датчик дыма,"914-1.1.905.12.",Дым ПК125,5677
287350,Пожарная охрана,Датчик дыма,"914-1.1.905.11.",Дым ПК124+4,5677
287349,Пожарная охрана,Датчик дыма,"914-1.1.905.10.",Дым ПК123+5,5677
287348,Пожарная охрана,Датчик дыма,"914-1.1.905.9.",Дым ПК124+2 вентилятор,5677
287347,Пожарная охрана,Датчик дыма,"914-1.1.905.8.",Дым ПК124+2 вентилятор,5677
287346,Пожарная охрана,Датчик дыма,"914-1.1.905.7.",Дым ПК124 ВШ,5677
287345,Пожарная охрана,Датчик дыма,"914-1.1.905.6.",Дым ПК124 ВШ,5677
287343,Пожарная охрана,Датчик дыма,"914-1.1.905.4.",Дым ПК123+4 вход ВШ,5677
287344,Пожарная охрана,Датчик дыма,"914-1.1.905.5.",Дым ПК123+4 вход ВШ,5677
287342,Пожарная охрана,Датчик дыма,"914-1.1.905.3.",Дым ПК123+1 отс.дв.,5677
287341,Пожарная охрана,Датчик дыма,"914-1.1.905.2.",Дым ПК123+1 отс.дв.,5677
287340,Пожарная охрана,Датчик дыма,"914-1.1.905.1.",Дым ПК122+9,5677
287336,Пожарная охрана,Датчик дыма,"914-1.1.904.72.",Дым ПК122+3,5677
287335,Пожарная охрана,Датчик дыма,"914-1.1.904.71.",Дым ПК121+1,5677
287334,Пожарная охрана,Датчик дыма,"914-1.1.904.70.",Дым ПК120+2,5677
287333,Пожарная охрана,Датчик дыма,"914-1.1.904.69.",Дым ПК119+3,5677
287332,Пожарная охрана,Датчик дыма,"914-1.1.904.68.",Дым ПК118+4,5677
287331,Пожарная охрана,Датчик дыма,"914-1.1.904.67.",Дым ПК117+5,5677
287330,Пожарная охрана,Датчик дыма,"914-1.1.904.66.",Дым ПК116+7,5677
287329,Пожарная охрана,Датчик дыма,"914-1.1.904.65.",Дым ПК115+9,5677
287328,Пожарная охрана,Датчик дыма,"914-1.1.904.64.",Дым ПК115,5677
287327,Пожарная охрана,Датчик дыма,"914-1.1.904.63.",Дым ПК114+1,5677
287326,Пожарная охрана,Датчик дыма,"914-1.1.904.62.",Дым ПК113+1,5677
287325,Пожарная охрана,Датчик дыма,"914-1.1.904.61.",Дым ПК112+2,5677
287324,Пожарная охрана,Датчик дыма,"914-1.1.904.60.",Дым ПК111+3,5677
287323,Пожарная охрана,Датчик дыма,"914-1.1.904.59.",Дым ПК110+6,5677
287322,Пожарная охрана,Датчик дыма,"914-1.1.904.58.",Дым ПК110+1,5677
287321,Пожарная охрана,Датчик дыма,"914-1.1.904.57.",Дым ПК110 лев.,5677
287320,Пожарная охрана,Датчик дыма,"914-1.1.904.56.",Дым ПК110 лев.,5677
287319,Пожарная охрана,Датчик дыма,"914-1.1.904.55.",Дым ПК109+9,5677
287318,Пожарная охрана,Датчик дыма,"914-1.1.904.54.",Дым ПК109+2,5677
287317,Пожарная охрана,Датчик дыма,"914-1.1.904.53.",Дым ПК108+4,5677
287316,Пожарная охрана,Датчик дыма,"914-1.1.904.52.",Дым ПК107+5,5677
287315,Пожарная охрана,Датчик дыма,"914-1.1.904.51.",Дым ПК106+6,5677
287314,Пожарная охрана,Датчик дыма,"914-1.1.904.50.",Дым ПК105+7,5677
287313,Пожарная охрана,Датчик дыма,"914-1.1.904.49.",Дым ПК104+9,5677
287312,Пожарная охрана,Датчик дыма,"914-1.1.904.48.",Дым ПК104,5677
287311,Пожарная охрана,Датчик дыма,"914-1.1.904.47.",Дым ПК102+9,5677
287310,Пожарная охрана,Датчик дыма,"914-1.1.904.46.",Дым ПК102,5677
287309,Пожарная охрана,Датчик дыма,"914-1.1.904.45.",Дым ПК101+6,5677
287308,Пожарная охрана,Датчик дыма,"914-1.1.904.44.",Дым ПК101,5677
287307,Пожарная охрана,Датчик дыма,"914-1.1.904.43.",Дым ПК101+4 вентилятор,5677
287306,Пожарная охрана,Датчик дыма,"914-1.1.904.42.",Дым ПК101+4 вентилятор,5677
287305,Пожарная охрана,Датчик дыма,"914-1.1.904.41.",Дым ПК101 ВШ,5677
287304,Пожарная охрана,Датчик дыма,"914-1.1.904.40.",Дым ПК101 ВШ,5677
287303,Пожарная охрана,Датчик дыма,"914-1.1.904.39.",Дым ПК100+7 вход ВШ,5677
287302,Пожарная охрана,Датчик дыма,"914-1.1.904.38.",Дым ПК100+7 вход ВШ,5677
287301,Пожарная охрана,Датчик дыма,"914-1.1.904.37.",Дым ПК100+5 отс.дв.,5677
287300,Пожарная охрана,Датчик дыма,"914-1.1.904.36.",Дым ПК100+5 отс.дв.,5677
287299,Пожарная охрана,Датчик дыма,"914-1.1.904.35.",Дым ПК100,5677
287298,Пожарная охрана,Датчик дыма,"914-1.1.904.34.",Дым ПК99,5677
287297,Пожарная охрана,Датчик дыма,"914-1.1.904.33.",Дым ПК98+1,5677
287296,Пожарная охрана,Датчик дыма,"914-1.1.904.32.",Дым ПК97+2,5677
287295,Пожарная охрана,Датчик дыма,"914-1.1.904.31.",Дым ПК96+3,5677
287294,Пожарная охрана,Датчик дыма,"914-1.1.904.30.",Дым ПК95+4,5677
287293,Пожарная охрана,Датчик дыма,"914-1.1.904.29.",Дым ПК94+5,5677
287292,Пожарная охрана,Датчик дыма,"914-1.1.904.28.",Дым ПК93+5,5677
287291,Пожарная охрана,Датчик дыма,"914-1.1.904.27.",Дым ПК92+5,5677
287290,Пожарная охрана,Датчик дыма,"914-1.1.904.26.",Дым ПК91+5,5677
287289,Пожарная охрана,Датчик дыма,"914-1.1.904.25.",Дым ПК90+6,5677
287288,Пожарная охрана,Датчик дыма,"914-1.1.904.24.",Дым ПК89+6,5677
287287,Пожарная охрана,Датчик дыма,"914-1.1.904.23.",Дым ПК88+6,5677
287286,Пожарная охрана,Датчик дыма,"914-1.1.904.22.",Дым ПК88+3,5677
287285,Пожарная охрана,Датчик дыма,"914-1.1.904.21.",Дым ПК88 лев.,5677
287284,Пожарная охрана,Датчик дыма,"914-1.1.904.20.",Дым ПК88 лев.,5677
287283,Пожарная охрана,Датчик дыма,"914-1.1.904.19.",Дым ПК87+7,5677
287282,Пожарная охрана,Датчик дыма,"914-1.1.904.18.",Дым ПК87+4,5677
287281,Пожарная охрана,Датчик дыма,"914-1.1.904.17.",Дым ПК86+7,5677
287280,Пожарная охрана,Датчик дыма,"914-1.1.904.16.",Дым ПК86,5677
287279,Пожарная охрана,Датчик дыма,"914-1.1.904.15.",Дым ПК85,5677
287278,Пожарная охрана,Датчик дыма,"914-1.1.904.14.",Дым ПК84+4,5677
287277,Пожарная охрана,Датчик дыма,"914-1.1.904.13.",Дым ПК83+6,5677
287276,Пожарная охрана,Датчик дыма,"914-1.1.904.12.",Дым ПК82+7,5677
287275,Пожарная охрана,Датчик дыма,"914-1.1.904.11.",Дым ПК81+8,5677
287274,Пожарная охрана,Датчик дыма,"914-1.1.904.10.",Дым ПК80+9,5677
287273,Пожарная охрана,Датчик дыма,"914-1.1.904.9.",Дым ПК80,5677
287272,Пожарная охрана,Датчик дыма,"914-1.1.904.8.",Дым ПК79+2,5677
287270,Пожарная охрана,Датчик дыма,"914-1.1.904.6.",Дым ПК79+1 вентилятор,5677
287271,Пожарная охрана,Датчик дыма,"914-1.1.904.7.",Дым ПК79+1 вентилятор,5677
287269,Пожарная охрана,Датчик дыма,"914-1.1.904.5.",Дым ПК79 ВШ,5677
287268,Пожарная охрана,Датчик дыма,"914-1.1.904.4.",Дым ПК79 ВШ,5677
287267,Пожарная охрана,Датчик дыма,"914-1.1.904.3.",Дым ПК78+4 вход ВШ,5677
287266,Пожарная охрана,Датчик дыма,"914-1.1.904.2.",Дым ПК78+4 вход ВШ,5677
287265,Пожарная охрана,Датчик дыма,"914-1.1.904.1.",Дым ПК78+3,5677
287262,Пожарная охрана,Датчик дыма,"914-1.1.903.54.",Дым ПК77 Г2 ПК8 АВ,5677
287261,Пожарная охрана,Датчик дыма,"914-1.1.903.53.",Дым ПК77 Г2 ПК8 АВ,5677
287260,Пожарная охрана,Датчик дыма,"914-1.1.903.52.",Дым ПК77 Г2 ПК8 вход ВШ,5677
287259,Пожарная охрана,Датчик дыма,"914-1.1.903.51.",Дым ПК77 Г2 ПК8+  вход ВШ,5677
287258,Пожарная охрана,Датчик дыма,"914-1.1.903.50.",Дым ПК77 Г2 ПК8+3,5677
287257,Пожарная охрана,Датчик дыма,"914-1.1.903.49.",Дым ПК77 Г2 ПК8+2,5677
287256,Пожарная охрана,Датчик дыма,"914-1.1.903.48.",Дым ПК77 Г2 ПК7+8,5677
287255,Пожарная охрана,Датчик дыма,"914-1.1.903.47.",Дым ПК77 Г2 ПК7+3,5677
287254,Пожарная охрана,Датчик дыма,"914-1.1.903.46.",Дым ПК77 Г2 ПК7,5677
287253,Пожарная охрана,Датчик дыма,"914-1.1.903.45.",Дым ПК77 Г2 ПК6+6,5677
287252,Пожарная охрана,Датчик дыма,"914-1.1.903.44.",Дым ПК77 Г2 ПК6+5 прав.,5677
287251,Пожарная охрана,Датчик дыма,"914-1.1.903.43.",Дым ПК77 Г2 ПК6+5 прав.,5677
287250,Пожарная охрана,Датчик дыма,"914-1.1.903.42.",Дым ПК77 Г2 ПК5+8,5677
287249,Пожарная охрана,Датчик дыма,"914-1.1.903.41.",Дым ПК77 Г2 ПК5+4,5677
287248,Пожарная охрана,Датчик дыма,"914-1.1.903.40.",Дым ПК77 Г2 ПК5,5677
287247,Пожарная охрана,Датчик дыма,"914-1.1.903.39.",Дым ПК77 Г2 ПК4+3,5677
287246,Пожарная охрана,Датчик дыма,"914-1.1.903.38.",Дым ПК77 Г2 ПК3+7,5677
287245,Пожарная охрана,Датчик дыма,"914-1.1.903.37.",Дым ПК77 Г2 ПК3,5677
287244,Пожарная охрана,Датчик дыма,"914-1.1.903.36.",Дым ПК77 Г2 ПК2+3,5677
287243,Пожарная охрана,Датчик дыма,"914-1.1.903.35.",Дым ПК77 Г2 ПК1+5,5677
287242,Пожарная охрана,Датчик дыма,"914-1.1.903.34.",Дым ПК77 Г2 ПК0+6,5677
287241,Пожарная охрана,Датчик дыма,"914-1.1.903.33.",Дым ПК77 Г2 ПК0,5677
287240,Пожарная охрана,Датчик дыма,"914-1.1.903.32.",Дым ПК78,5677
287239,Пожарная охрана,Датчик дыма,"914-1.1.903.31.",Дым ПК77+9,5677
287238,Пожарная охрана,Датчик дыма,"914-1.1.903.30.",Дым ПК77+2,5677
287237,Пожарная охрана,Датчик дыма,"914-1.1.903.29.",Дым ПК76+5 прав.,5677
287236,Пожарная охрана,Датчик дыма,"914-1.1.903.28.",Дым ПК76+5 прав.,5677
287235,Пожарная охрана,Датчик дыма,"914-1.1.903.27.",Дым ПК75+8,5677
287234,Пожарная охрана,Датчик дыма,"914-1.1.903.26.",Дым ПК75+6,5677
287233,Пожарная охрана,Датчик дыма,"914-1.1.903.25.",Дым ПК75+5,5677
287232,Пожарная охрана,Датчик дыма,"914-1.1.903.24.",Дым ПК75 перед отс.,5677
287231,Пожарная охрана,Датчик дыма,"914-1.1.903.23.",Дым ПК75 перед отс.,5677
287230,Пожарная охрана,Датчик дыма,"914-1.1.903.22.",Дым ПК74+6,5677
287229,Пожарная охрана,Датчик дыма,"914-1.1.903.21.",Дым ПК74+6 вход ВШ,5677
287228,Пожарная охрана,Датчик дыма,"914-1.1.903.20.",Дым ПК74+6 вход ВШ,5677
287227,Пожарная охрана,Датчик дыма,"914-1.1.903.19.",Дым ПК74 ВШ,5677
287226,Пожарная охрана,Датчик дыма,"914-1.1.903.18.",Дым ПК74 ВШ,5677
287225,Пожарная охрана,Датчик дыма,"914-1.1.903.17.",Дым ПК73+5 вентилятор,5677
287224,Пожарная охрана,Датчик дыма,"914-1.1.903.16.",Дым ПК73+5 вентилятор,5677
287223,Пожарная охрана,Датчик дыма,"914-1.1.903.15.",Дым ПК73+4,5677
287222,Пожарная охрана,Датчик дыма,"914-1.1.903.14.",Дым ПК73,5677
287221,Пожарная охрана,Датчик дыма,"914-1.1.903.13.",Дым ПК72+1,5677
287220,Пожарная охрана,Датчик дыма,"914-1.1.903.12.",Дым ПК71+2,5677
287219,Пожарная охрана,Датчик дыма,"914-1.1.903.11.",Дым ПК70+2,5677
287218,Пожарная охрана,Датчик дыма,"914-1.1.903.10.",Дым ПК69+2,5677
287217,Пожарная охрана,Датчик дыма,"914-1.1.903.9.",Дым ПК68+3,5677
287216,Пожарная охрана,Датчик дыма,"914-1.1.903.8.",Дым ПК67+4,5677
287215,Пожарная охрана,Датчик дыма,"914-1.1.903.7.",Дым ПК66+5,5677
287214,Пожарная охрана,Датчик дыма,"914-1.1.903.6.",Дым ПК65+4,5677
287213,Пожарная охрана,Датчик дыма,"914-1.1.903.5.",Дым ПК64+5,5677
287212,Пожарная охрана,Датчик дыма,"914-1.1.903.4.",Дым ПК63+7,5677
287211,Пожарная охрана,Датчик дыма,"914-1.1.903.3.",Дым ПК62+8,5677
287210,Пожарная охрана,Датчик дыма,"914-1.1.903.2.",Дым ПК62,5677
287209,Пожарная охрана,Датчик дыма,"914-1.1.903.1.",Дым ПК61+1,5677
287206,Пожарная охрана,Датчик дыма,"914-1.1.902.72.",Дым ПК61 Г1 ПК18 АВ,5677
287205,Пожарная охрана,Датчик дыма,"914-1.1.902.71.",Дым ПК61 Г1 ПК18 АВ,5677
287203,Пожарная охрана,Датчик дыма,"914-1.1.902.69.",Дым ПК61 Г1 ПК18 вход ВШ,5677
287204,Пожарная охрана,Датчик дыма,"914-1.1.902.70.",Дым ПК61 Г1 ПК18 вход ВШ,5677
287202,Пожарная охрана,Датчик дыма,"914-1.1.902.68.",Дым ПК61 Г1 ПК18,5677
287201,Пожарная охрана,Датчик дыма,"914-1.1.902.67.",Дым ПК61 Г1 ПК18,5677
287200,Пожарная охрана,Датчик дыма,"914-1.1.902.66.",Дым ПК61 Г1 ПК16+9,5677
287199,Пожарная охрана,Датчик дыма,"914-1.1.902.65.",Дым ПК61 Г1 ПК16+5,5677
287198,Пожарная охрана,Датчик дыма,"914-1.1.902.64.",Дым ПК61 Г1 ПК15+9,5677
287197,Пожарная охрана,Датчик дыма,"914-1.1.902.63.",Дым ПК61 Г1 ПК15+8 лев.,5677
287196,Пожарная охрана,Датчик дыма,"914-1.1.902.62.",Дым ПК61 Г1 ПК15+8 лев.,5677
287195,Пожарная охрана,Датчик дыма,"914-1.1.902.61.",Дым ПК61 Г1 ПК15+3,5677
287194,Пожарная охрана,Датчик дыма,"914-1.1.902.60.",Дым ПК61 Г1 ПК14+7,5677
287193,Пожарная охрана,Датчик дыма,"914-1.1.902.59.",Дым ПК61 Г1 ПК13+8,5677
287192,Пожарная охрана,Датчик дыма,"914-1.1.902.58.",Дым ПК61 Г1 ПК12+9,5677
287191,Пожарная охрана,Датчик дыма,"914-1.1.902.57.",Дым ПК61 Г1 ПК12+1,5677
287190,Пожарная охрана,Датчик дыма,"914-1.1.902.56.",Дым ПК61 Г1 ПК11+1,5677
287189,Пожарная охрана,Датчик дыма,"914-1.1.902.55.",Дым ПК61 Г1 ПК10+2,5677
287188,Пожарная охрана,Датчик дыма,"914-1.1.902.54.",Дым ПК61 Г1 ПК9+2,5677
287187,Пожарная охрана,Датчик дыма,"914-1.1.902.53.",Дым ПК61 Г1 ПК8+2,5677
287186,Пожарная охрана,Датчик дыма,"914-1.1.902.52.",Дым ПК61 Г1 ПК7+3,5677
287185,Пожарная охрана,Датчик дыма,"914-1.1.902.51.",Дым ПК61 Г1 ПК6+3,5677
287184,Пожарная охрана,Датчик дыма,"914-1.1.902.50.",Дым ПК61 Г1 ПК5+5,5677
287183,Пожарная охрана,Датчик дыма,"914-1.1.902.49.",Дым ПК61 Г1 ПК4+5,5677
287182,Пожарная охрана,Датчик дыма,"914-1.1.902.48.",Дым ПК61 Г1 ПК3+4,5677
287181,Пожарная охрана,Датчик дыма,"914-1.1.902.47.",Дым ПК61 Г1 ПК2+4,5677
287180,Пожарная охрана,Датчик дыма,"914-1.1.902.46.",Дым ПК61 Г1 ПК1+5,5677
287179,Пожарная охрана,Датчик дыма,"914-1.1.902.45.",Дым ПК61 Г1 ПК0+6,5677
287178,Пожарная охрана,Датчик дыма,"914-1.1.902.44.",Дым ПК61 Г1 ПК0,5677
287177,Пожарная охрана,Датчик дыма,"914-1.1.902.43.",Дым ПК61 перед Г1,5677
287176,Пожарная охрана,Датчик дыма,"914-1.1.902.42.",Дым ПК61 перед Г1,5677
287175,Пожарная охрана,Датчик дыма,"914-1.1.902.41.",Дым ПК60+7,5677
287174,Пожарная охрана,Датчик дыма,"914-1.1.902.40.",Дым ПК60,5677
287173,Пожарная охрана,Датчик дыма,"914-1.1.902.39.",Дым ПК59+5,5677
287172,Пожарная охрана,Датчик дыма,"914-1.1.902.38.",Дым ПК58+4,5677
287171,Пожарная охрана,Датчик дыма,"914-1.1.902.37.",Дым ПК57+8,5677
287170,Пожарная охрана,Датчик дыма,"914-1.1.902.36.",Дым ПК57,5677
287169,Пожарная охрана,Датчик дыма,"914-1.1.902.35.",Дым ПК56,5677
287168,Пожарная охрана,Датчик дыма,"914-1.1.902.34.",Дым ПК55,5677
287167,Пожарная охрана,Датчик дыма,"914-1.1.902.33.",Дым ПК54+1,5677
287166,Пожарная охрана,Датчик дыма,"914-1.1.902.32.",Дым ПК53+2,5677
287165,Пожарная охрана,Датчик дыма,"914-1.1.902.31.",Дым ПК52+3,5677
287164,Пожарная охрана,Датчик дыма,"914-1.1.902.30.",Дым ПК51+4,5677
287163,Пожарная охрана,Датчик дыма,"914-1.1.902.29.",Дым ПК50+5,5677
287162,Пожарная охрана,Датчик дыма,"914-1.1.902.28.",Дым ПК49+9,5677
287161,Пожарная охрана,Датчик дыма,"914-1.1.902.27.",Дым ПК48+9,5677
287160,Пожарная охрана,Датчик дыма,"914-1.1.902.26.",Дым ПК47+6,5677
287159,Пожарная охрана,Датчик дыма,"914-1.1.902.25.",Дым ПК46+8,5677
287158,Пожарная охрана,Датчик дыма,"914-1.1.902.24.",Дым ПК46,5677
287157,Пожарная охрана,Датчик дыма,"914-1.1.902.23.",Дым ПК45+3,5677
287156,Пожарная охрана,Датчик дыма,"914-1.1.902.22.",Дым ПК44+7,5677
287155,Пожарная охрана,Датчик дыма,"914-1.1.902.21.",Дым ПК43+8,5677
287154,Пожарная охрана,Датчик дыма,"914-1.1.902.20.",Дым ПК43+5,5677
287153,Пожарная охрана,Датчик дыма,"914-1.1.902.19.",Дым ПК43+2,5677
287152,Пожарная охрана,Датчик дыма,"914-1.1.902.18.",Дым ПК43+2 лев.,5677
287151,Пожарная охрана,Датчик дыма,"914-1.1.902.17.",Дым ПК43+2 лев.,5677
287150,Пожарная охрана,Датчик дыма,"914-1.1.902.16.",Дым ПК43+2 прав.,5677
287149,Пожарная охрана,Датчик дыма,"914-1.1.902.15.",Дым ПК43+2 прав.,5677
287148,Пожарная охрана,Датчик дыма,"914-1.1.902.14.",Дым ПК42+8,5677
287147,Пожарная охрана,Датчик дыма,"914-1.1.902.13.",Дым ПК41+9,5677
287146,Пожарная охрана,Датчик дыма,"914-1.1.902.12.",Дым ПК40+9,5677
287145,Пожарная охрана,Датчик дыма,"914-1.1.902.11.",Дым ПК39+9,5677
287144,Пожарная охрана,Датчик дыма,"914-1.1.902.10.",Дым ПК39,5677
287143,Пожарная охрана,Датчик дыма,"914-1.1.902.9.",Дым ПК38,5677
287142,Пожарная охрана,Датчик дыма,"914-1.1.902.8.",Дым ПК37+2,5677
287141,Пожарная охрана,Датчик дыма,"914-1.1.902.7.",Дым ПК36+9,5677
287139,Пожарная охрана,Датчик дыма,"914-1.1.902.5.",Дым ПК37 вход ВШ,5677
287140,Пожарная охрана,Датчик дыма,"914-1.1.902.6.",Дым ПК37 вход ВШ,5677
287137,Пожарная охрана,Датчик дыма,"914-1.1.902.3.",Дым ПК37 ВШ,5677
287138,Пожарная охрана,Датчик дыма,"914-1.1.902.4.",Дым ПК37 ВШ,5677
287136,Пожарная охрана,Датчик дыма,"914-1.1.902.2.",Дым ПК37+5 вентилятор,5677
287135,Пожарная охрана,Датчик дыма,"914-1.1.902.1.",Дым ПК37+5 вентилятор,5677
287132,Пожарная охрана,Датчик дыма,"914-1.1.901.68.",Дым ПК36+7 отс.дв.,5677
287131,Пожарная охрана,Датчик дыма,"914-1.1.901.67.",Дым ПК36+7 отс.дв.,5677
287130,Пожарная охрана,Датчик дыма,"914-1.1.901.66.",Дым ПК36+6,5677
287129,Пожарная охрана,Датчик дыма,"914-1.1.901.65.",Дым ПК35+7,5677
287128,Пожарная охрана,Датчик дыма,"914-1.1.901.64.",Дым ПК34+7,5677
287127,Пожарная охрана,Датчик дыма,"914-1.1.901.63.",Дым ПК33+4,5677
287126,Пожарная охрана,Датчик дыма,"914-1.1.901.62.",Дым ПК32+4,5677
287125,Пожарная охрана,Датчик дыма,"914-1.1.901.61.",Дым ПК31+5,5677
287124,Пожарная охрана,Датчик дыма,"914-1.1.901.60.",Дым ПК30+5,5677
287123,Пожарная охрана,Датчик дыма,"914-1.1.901.59.",Дым ПК29+6,5677
287122,Пожарная охрана,Датчик дыма,"914-1.1.901.58.",Дым ПК28+7,5677
287121,Пожарная охрана,Датчик дыма,"914-1.1.901.57.",Дым ПК27+9,5677
287120,Пожарная охрана,Датчик дыма,"914-1.1.901.56.",Дым ПК27,5677
287119,Пожарная охрана,Датчик дыма,"914-1.1.901.55.",Дым ПК26+1,5677
287118,Пожарная охрана,Датчик дыма,"914-1.1.901.54.",Дым ПК25+6 лев.,5677
287117,Пожарная охрана,Датчик дыма,"914-1.1.901.53.",Дым ПК25+6 лев.,5677
287116,Пожарная охрана,Датчик дыма,"914-1.1.901.52.",Дым ПК25+1,5677
287115,Пожарная охрана,Датчик дыма,"914-1.1.901.51.",Дым ПК24+2,5677
287114,Пожарная охрана,Датчик дыма,"914-1.1.901.50.",Дым ПК23+3,5677
287113,Пожарная охрана,Датчик дыма,"914-1.1.901.49.",Дым ПК22+4,5677
287112,Пожарная охрана,Датчик дыма,"914-1.1.901.48.",Дым ПК21+5,5677
287111,Пожарная охрана,Датчик дыма,"914-1.1.901.47.",Дым ПК20+8,5677
287110,Пожарная охрана,Датчик дыма,"914-1.1.901.46.",Дым ПК19+9,5677
287109,Пожарная охрана,Датчик дыма,"914-1.1.901.45.",Дым ПК19,5677
287108,Пожарная охрана,Датчик дыма,"914-1.1.901.44.",Дым ПК18,5677
287107,Пожарная охрана,Датчик дыма,"914-1.1.901.43.",Дым ПК17+8,5677
287106,Пожарная охрана,Датчик дыма,"914-1.1.901.42.",Дым ПК17+3,5677
287105,Пожарная охрана,Датчик дыма,"914-1.1.901.41.",Дым ПК17+8 вентилятор,5677
287104,Пожарная охрана,Датчик дыма,"914-1.1.901.40.",Дым ПК17+8 вентилятор,5677
287103,Пожарная охрана,Датчик дыма,"914-1.1.901.39.",Дым ПК17 АВ,5677
287102,Пожарная охрана,Датчик дыма,"914-1.1.901.38.",Дым ПК17 АВ,5677
287101,Пожарная охрана,Датчик дыма,"914-1.1.901.37.",Дым ПК17 ВШ,5677
287100,Пожарная охрана,Датчик дыма,"914-1.1.901.36.",Дым ПК17 ВШ,5677
287099,Пожарная охрана,Датчик дыма,"914-1.1.901.35.",Дым ПК16+9 вентилятор,5677
287098,Пожарная охрана,Датчик дыма,"914-1.1.901.34.",Дым ПК16+9 вентилятор,5677
287097,Пожарная охрана,Датчик дыма,"914-1.1.901.33.",Дым ПК17,5677
287096,Пожарная охрана,Датчик дыма,"914-1.1.901.32.",Дым ПК16+9,5677
287095,Пожарная охрана,Датчик дыма,"914-1.1.901.31.",Дым ПК16+5,5677
287094,Пожарная охрана,Датчик дыма,"914-1.1.901.30.",Дым ПК15+9,5677
287093,Пожарная охрана,Датчик дыма,"914-1.1.901.29.",Дым ПК15+1,5677
287092,Пожарная охрана,Датчик дыма,"914-1.1.901.28.",Дым ПК14+2,5677
287091,Пожарная охрана,Датчик дыма,"914-1.1.901.27.",Дым ПК13+3,5677
287090,Пожарная охрана,Датчик дыма,"914-1.1.901.26.",Дым ПК12+3,5677
287089,Пожарная охрана,Датчик дыма,"914-1.1.901.25.",Дым ПК11+4,5677
287088,Пожарная охрана,Датчик дыма,"914-1.1.901.24.",Дым ПК10+5,5677
287087,Пожарная охрана,Датчик дыма,"914-1.1.901.23.",Дым ПК9+6,5677
287086,Пожарная охрана,Датчик дыма,"914-1.1.901.22.",Дым ПК8+8,5677
287085,Пожарная охрана,Датчик дыма,"914-1.1.901.21.",Дым ПК8,5677
287084,Пожарная охрана,Датчик дыма,"914-1.1.901.20.",Дым ПК7+3,5677
287083,Пожарная охрана,Датчик дыма,"914-1.1.901.19.",Дым ПК6+6,5677
287082,Пожарная охрана,Датчик дыма,"914-1.1.901.18.",Дым ПК5+7,5677
287081,Пожарная охрана,Датчик дыма,"914-1.1.901.17.",Дым ПК5+5,5677
287080,Пожарная охрана,Датчик дыма,"914-1.1.901.16.",Дым ПК5+3 лев.,5677
287079,Пожарная охрана,Датчик дыма,"914-1.1.901.15.",Дым ПК5+3 лев.,5677
287078,Пожарная охрана,Датчик дыма,"914-1.1.901.14.",Дым ПК5+3 прав.,5677
287077,Пожарная охрана,Датчик дыма,"914-1.1.901.13.",Дым ПК5+3 прав.,5677
287076,Пожарная охрана,Датчик дыма,"914-1.1.901.12.",Дым ПК5,5677
287075,Пожарная охрана,Датчик дыма,"914-1.1.901.11.",Дым ПК4+6,5677
287074,Пожарная охрана,Датчик дыма,"914-1.1.901.10.",Дым ПК4+6,5677
287073,Пожарная охрана,Датчик дыма,"914-1.1.901.9.",Дым ПК3+7,5677
287072,Пожарная охрана,Датчик дыма,"914-1.1.901.8.",Дым ПК2+8,5677
287071,Пожарная охрана,Датчик дыма,"914-1.1.901.7.",Дым ПК2+3,5677
287070,Пожарная охрана,Датчик дыма,"914-1.1.901.6.",Дым ПК2+1,5677
287069,Пожарная охрана,Датчик дыма,"914-1.1.901.5.",Дым ПК2,5677
287068,Пожарная охрана,Датчик дыма,"914-1.1.901.4.",Дым ПК1,5677
287067,Пожарная охрана,Датчик дыма,"914-1.1.901.3.",Дым ПК0+4,5677
287066,Пожарная охрана,Датчик дыма,"914-1.1.901.2.",Дым ПК0,5677
287065,Пожарная охрана,Датчик дыма,"914-1.1.901.1.",Дым ПК0,5677
286587,Пожарная охрана,Состояние УИР-Р,"914-1.1.519.1.",УСРСБ ПК200,5677
286581,Пожарная охрана,Состояние УИР-Р,"914-1.1.518.1.",УСРСБ ПК204+5,5677
286575,Пожарная охрана,Состояние УИР-Р,"914-1.1.517.1.",УСРСБ ПК209,5677
286569,Пожарная охрана,Состояние УИР-Р,"914-1.1.516.1.",УСРСБ ПК213,5677
286563,Пожарная охрана,Состояние УИР-Р,"914-1.1.515.1.",УСРСБ ПК217,5677
286557,Пожарная охрана,Состояние УИР-Р,"914-1.1.514.1.",УСРСБ ПК222,5677
286551,Пожарная охрана,Состояние УИР-Р,"914-1.1.513.1.",УСРСБ ПК227,5677
286545,Пожарная охрана,Состояние УИР-Р,"914-1.1.512.1.",УСРСБ ПК230,5677
286539,Пожарная охрана,Состояние УИР-Р,"914-1.1.511.1.",УСРСБ ПК232,5677
286533,Пожарная охрана,Состояние УИР-Р,"914-1.1.510.1.",УСРСБ ПК237,5677
286527,Пожарная охрана,Состояние УИР-Р,"914-1.1.509.1.",УСРСБ ПК242,5677
286521,Пожарная охрана,Состояние УИР-Р,"914-1.1.508.1.",УСРСБ ПК247,5677
286515,Пожарная охрана,Состояние УИР-Р,"914-1.1.507.1.",УСРСБ ПК252,5677
286509,Пожарная охрана,Состояние УИР-Р,"914-1.1.506.1.",УСРСБ ПК257,5677
286503,Пожарная охрана,Состояние УИР-Р,"914-1.1.505.1.",УСРСБ ПК262,5677
286497,Пожарная охрана,Состояние УИР-Р,"914-1.1.504.1.",УСРСБ ПК264+5,5677
286491,Пожарная охрана,Состояние УИР-Р,"914-1.1.503.1.",УСРСБ ПК269,5677
286485,Пожарная охрана,Состояние УИР-Р,"914-1.1.502.1.",УСРСБ ПК270 ур.1,5677
286479,Пожарная охрана,Состояние УИР-Р,"914-1.1.501.1.",УСРСБ ПК270,5677
286473,Пожарная охрана,Состояние УИР-Р,"914-1.1.500.1.",УСРСБ ПК275,5677
286467,Пожарная охрана,Состояние УИР-Р,"914-1.1.499.1.",УСРСБ ПК280,5677
286461,Пожарная охрана,Состояние УИР-Р,"914-1.1.498.1.",УСРСБ ПК284,5677
286455,Пожарная охрана,Состояние УИР-Р,"914-1.1.497.1.",УСРСБ ПК289,5677
286449,Пожарная охрана,Состояние УИР-Р,"914-1.1.496.1.",УСРСБ ПК294,5677
286443,Пожарная охрана,Состояние УИР-Р,"914-1.1.495.1.",УСРСБ ПК299,5677
286437,Пожарная охрана,Состояние УИР-Р,"914-1.1.494.1.",УСРСБ ПК301,5677
286431,Пожарная охрана,Состояние УИР-Р,"914-1.1.493.1.",УСРСБ ПК306,5677
286425,Пожарная охрана,Состояние УИР-Р,"914-1.1.492.1.",УСРСБ ПК310+5,5677
286419,Пожарная охрана,Состояние УИР-Р,"914-1.1.491.1.",УСРСБ ПК314,5677
286413,Пожарная охрана,Состояние УИР-Р,"914-1.1.490.1.",УСРСБ ПК319,5677
286407,Пожарная охрана,Состояние УИР-Р,"914-1.1.489.1.",УСРСБ ПК323+5,5677
286401,Пожарная охрана,Состояние УИР-Р,"914-1.1.488.1.",УСРСБ ПК328+5,5677
286395,Пожарная охрана,Состояние УИР-Р,"914-1.1.487.1.",УСРСБ ПК333+5,5677
286389,Пожарная охрана,Состояние УИР-Р,"914-1.1.486.1.",УСРСБ ПК338+5,5677
286383,Пожарная охрана,Состояние УИР-Р,"914-1.1.485.1.",УСРСБ ПК340,5677
286377,Пожарная охрана,Состояние УИР-Р,"914-1.1.484.1.",УСРСБ ПК344,5677
286371,Пожарная охрана,Состояние УИР-Р,"914-1.1.483.1.",УСРСБ ПК348,5677
286365,Пожарная охрана,Состояние УИР-Р,"914-1.1.482.1.",УСРСБ ПК353,5677
286359,Пожарная охрана,Состояние УИР-Р,"914-1.1.481.1.",УСРСБ ПК358,5677
286353,Пожарная охрана,Состояние УИР-Р,"914-1.1.480.1.",УСРСБ ПК363,5677
286347,Пожарная охрана,Состояние УИР-Р,"914-1.1.479.1.",УСРСБ ПК368,5677
286341,Пожарная охрана,Состояние УИР-Р,"914-1.1.478.1.",УСРСБ ПК372+5,5677
286335,Пожарная охрана,Состояние УИР-Р,"914-1.1.477.1.",УСРСБ ПК375,5677
286329,Пожарная охрана,Состояние УИР-Р,"914-1.1.476.1.",УСРСБ ПК381,5677
286323,Пожарная охрана,Состояние УИР-Р,"914-1.1.475.1.",УСРСБ ПК386,5677
286317,Пожарная охрана,Состояние УИР-Р,"914-1.1.474.1.",УСРСБ ПК391,5677
286311,Пожарная охрана,Состояние УИР-Р,"914-1.1.473.1.",УСРСБ ПК396,5677
286305,Пожарная охрана,Состояние УИР-Р,"914-1.1.472.1.",УСРСБ ПК399 щит.,5677
286299,Пожарная охрана,Состояние УИР-Р,"914-1.1.471.1.",УСРСБ ПК399 АВ,5677
286293,Пожарная охрана,Состояние УИР-Р,"914-1.1.470.1.",УСРСБ ПК399 АНС,5677
286287,Пожарная охрана,Состояние УИР-Р,"914-1.1.469.1.",УСРСБ ПК401,5677
286281,Пожарная охрана,Состояние УИР-Р,"914-1.1.468.1.",УСРСБ ПК405,5677
286275,Пожарная охрана,Состояние УИР-Р,"914-1.1.467.1.",УСРСБ ПК410,5677
286269,Пожарная охрана,Состояние УИР-Р,"914-1.1.466.1.",УСРСБ ПК415,5677
286263,Пожарная охрана,Состояние УИР-Р,"914-1.1.465.1.",УСРСБ ПК420+5,5677
286257,Пожарная охрана,Состояние УИР-Р,"914-1.1.464.1.",УСРСБ ПК424+5,5677
286251,Пожарная охрана,Состояние УИР-Р,"914-1.1.463.1.",УСРСБ ПК429+5,5677
286245,Пожарная охрана,Состояние УИР-Р,"914-1.1.462.1.",УСРСБ ПК430+5,5677
286239,Пожарная охрана,Состояние УИР-Р,"914-1.1.461.1.",УСРСБ ПК433,5677
286233,Пожарная охрана,Состояние УИР-Р,"914-1.1.460.1.",УСРСБ ПК438,5677
286227,Пожарная охрана,Состояние УИР-Р,"914-1.1.459.1.",УСРСБ ПК443,5677
286221,Пожарная охрана,Состояние УИР-Р,"914-1.1.458.1.",УСРСБ ПК446+5,5677
286215,Пожарная охрана,Состояние УИР-Р,"914-1.1.457.1.",УСРСБ ПК451,5677
286209,Пожарная охрана,Состояние УИР-Р,"914-1.1.456.1.",УСРСБ ПК455,5677
286203,Пожарная охрана,Состояние УИР-Р,"914-1.1.455.1.",УСРСБ ПК459+5,5677
286197,Пожарная охрана,Состояние УИР-Р,"914-1.1.454.1.",УСРСБ ПК460+5,5677
286191,Пожарная охрана,Состояние УИР-Р,"914-1.1.453.1.",УСРСБ ПК465+5,5677
286185,Пожарная охрана,Состояние УИР-Р,"914-1.1.452.1.",УСРСБ ПК470+5,5677
286179,Пожарная охрана,Состояние УИР-Р,"914-1.1.451.1.",УСРСБ ПК474,5677
286173,Пожарная охрана,Состояние УИР-Р,"914-1.1.450.1.",УСРСБ ПК479,5677
286167,Пожарная охрана,Состояние УИР-Р,"914-1.1.449.1.",УСРСБ ПК484,5677
286161,Пожарная охрана,Состояние УИР-Р,"914-1.1.448.1.",УСРСБ ПК489,5677
286155,Пожарная охрана,Состояние УИР-Р,"914-1.1.447.1.",УСРСБ ПК492,5677
286149,Пожарная охрана,Состояние УИР-Р,"914-1.1.446.1.",УСРСБ ПК496,5677
286143,Пожарная охрана,Состояние УИР-Р,"914-1.1.445.1.",УСРСБ ПК499+15,5677
286137,Пожарная охрана,Состояние УИР-Р,"914-1.1.444.1.",УСРСБ ПК157,5677
286131,Пожарная охрана,Состояние УИР-Р,"914-1.1.443.1.",УСРСБ ПК153,5677
286125,Пожарная охрана,Состояние УИР-Р,"914-1.1.442.1.",УСРСБ ПК148,5677
286119,Пожарная охрана,Состояние УИР-Р,"914-1.1.441.1.",УСРСБ ПК146 ур.2,5677
286113,Пожарная охрана,Состояние УИР-Р,"914-1.1.440.1.",УСРСБ ПК146 ур.2,5677
286107,Пожарная охрана,Состояние УИР-Р,"914-1.1.439.1.",УСРСБ ПК143,5677
286101,Пожарная охрана,Состояние УИР-Р,"914-1.1.438.1.",УСРСБ ПК138,5677
286095,Пожарная охрана,Состояние УИР-Р,"914-1.1.437.1.",УСРСБ ПК133,5677
286089,Пожарная охрана,Состояние УИР-Р,"914-1.1.436.1.",УСРСБ ПК128,5677
286083,Пожарная охрана,Состояние УИР-Р,"914-1.1.435.1.",УСРСБ ПК123+5,5677
286077,Пожарная охрана,Состояние УИР-Р,"914-1.1.434.1.",УСРСБ ПК121,5677
286071,Пожарная охрана,Состояние УИР-Р,"914-1.1.433.1.",УСРСБ ПК116,5677
286065,Пожарная охрана,Состояние УИР-Р,"914-1.1.432.1.",УСРСБ ПК111,5677
286059,Пожарная охрана,Состояние УИР-Р,"914-1.1.431.1.",УСРСБ ПК106,5677
286053,Пожарная охрана,Состояние УИР-Р,"914-1.1.430.1.",УСРСБ ПК101,5677
286047,Пожарная охрана,Состояние УИР-Р,"914-1.1.429.1.",УСРСБ ПК98,5677
286041,Пожарная охрана,Состояние УИР-Р,"914-1.1.428.1.",УСРСБ ПК93,5677
286035,Пожарная охрана,Состояние УИР-Р,"914-1.1.427.1.",УСРСБ ПК88,5677
286029,Пожарная охрана,Состояние УИР-Р,"914-1.1.426.1.",УСРСБ ПК83,5677
286023,Пожарная охрана,Состояние УИР-Р,"914-1.1.425.1.",УСРСБ ПК78+5,5677
286017,Пожарная охрана,Состояние УИР-Р,"914-1.1.424.1.",УСРСБ ПК77 Г2 ПК7+5,5677
286011,Пожарная охрана,Состояние УИР-Р,"914-1.1.423.1.",УСРСБ ПК77 Г2 ПК4,5677
286005,Пожарная охрана,Состояние УИР-Р,"914-1.1.422.1.",УСРСБ ПК77+5,5677
285999,Пожарная охрана,Состояние УИР-Р,"914-1.1.421.1.",УСРСБ ПК74+5,5677
285993,Пожарная охрана,Состояние УИР-Р,"914-1.1.420.1.",УСРСБ ПК70,5677
285987,Пожарная охрана,Состояние УИР-Р,"914-1.1.419.1.",УСРСБ ПК65,5677
285981,Пожарная охрана,Состояние УИР-Р,"914-1.1.418.1.",УСРСБ ПК61 Г1 ПК18,5677
285975,Пожарная охрана,Состояние УИР-Р,"914-1.1.417.1.",УСРСБ ПК61 Г1 ПК15,5677
285969,Пожарная охрана,Состояние УИР-Р,"914-1.1.416.1.",УСРСБ ПК61 Г1 ПК10,5677
285963,Пожарная охрана,Состояние УИР-Р,"914-1.1.415.1.",УСРСБ ПК61 Г1 ПК5,5677
285957,Пожарная охрана,Состояние УИР-Р,"914-1.1.414.1.",УСРСБ ПК60+5,5677
285951,Пожарная охрана,Состояние УИР-Р,"914-1.1.413.1.",УСРСБ ПК56+5,5677
285945,Пожарная охрана,Состояние УИР-Р,"914-1.1.412.1.",УСРСБ ПК52,5677
285939,Пожарная охрана,Состояние УИР-Р,"914-1.1.411.1.",УСРСБ ПК47,5677
285933,Пожарная охрана,Состояние УИР-Р,"914-1.1.410.1.",УСРСБ ПК42,5677
285927,Пожарная охрана,Состояние УИР-Р,"914-1.1.409.1.",УСРСБ ПК37,5677
285921,Пожарная охрана,Состояние УИР-Р,"914-1.1.408.1.",УСРСБ ПК32,5677
285915,Пожарная охрана,Состояние УИР-Р,"914-1.1.407.1.",УСРСБ ПК27,5677
285909,Пожарная охрана,Состояние УИР-Р,"914-1.1.406.1.",УСРСБ ПК22,5677
285903,Пожарная охрана,Состояние УИР-Р,"914-1.1.405.1.",УСРСБ ПК17+5,5677
285897,Пожарная охрана,Состояние УИР-Р,"914-1.1.404.1.",УСРСБ ПК15,5677
285891,Пожарная охрана,Состояние УИР-Р,"914-1.1.403.1.",УСРСБ ПК10,5677
285885,Пожарная охрана,Состояние УИР-Р,"914-1.1.402.1.",УСРСБ ПК5,5677
285879,Пожарная охрана,Состояние УИР-Р,"914-1.1.401.1.",УСРСБ ПК0,5677
289199,Пожарная охрана,Датчик дыма,"914-1.1.910.66.",Дым ПК307+1,5677
289200,Пожарная охрана,Датчик дыма,"914-1.1.910.67.",Дым ПК306+4,5677
289201,Пожарная охрана,Датчик дыма,"914-1.1.910.68.",Дым ПК305+4,5677
289202,Пожарная охрана,Датчик дыма,"914-1.1.910.69.",Дым ПК304+7,5677
289203,Пожарная охрана,Датчик дыма,"914-1.1.910.70.",Дым ПК303+8,5677
289204,Пожарная охрана,Датчик дыма,"914-1.1.910.71.",Дым ПК302+7,5677
289205,Пожарная охрана,Датчик дыма,"914-1.1.910.72.",Дым ПК301+8,5677
289206,Пожарная охрана,Датчик дыма,"914-1.1.910.73.",Дым ПК300+9,5677
289207,Пожарная охрана,Датчик дыма,"914-1.1.910.74.",Дым ПК296+4,5677
289208,Пожарная охрана,Датчик дыма,"914-1.1.910.75.",Дым ПК294+7,5677
289209,Пожарная охрана,Датчик дыма,"914-1.1.910.76.",Дым ПК293+8,5677
289210,Пожарная охрана,Датчик дыма,"914-1.1.910.77.",Дым ПК292,5677
289211,Пожарная охрана,Датчик дыма,"914-1.1.910.78.",Дым ПК291+3,5677
289212,Пожарная охрана,Датчик дыма,"914-1.1.910.79.",Дым ПК289+6,5677
289213,Пожарная охрана,Датчик дыма,"914-1.1.910.80.",Дым ПК288+7,5677
289184,Пожарная охрана,Датчик дыма,"914-1.1.909.67.",Дым ПК349+2,5677
289185,Пожарная охрана,Датчик дыма,"914-1.1.909.68.",Дым ПК348+1,5677
289186,Пожарная охрана,Датчик дыма,"914-1.1.909.69.",Дым ПК347+1,5677
289187,Пожарная охрана,Датчик дыма,"914-1.1.909.70.",Дым ПК346+1,5677
289188,Пожарная охрана,Датчик дыма,"914-1.1.909.71.",Дым ПК345+1,5677
289189,Пожарная охрана,Датчик дыма,"914-1.1.909.72.",Дым ПК344+2,5677
289190,Пожарная охрана,Датчик дыма,"914-1.1.909.73.",Дым ПК343+2,5677
289191,Пожарная охрана,Датчик дыма,"914-1.1.909.74.",Дым ПК342+3,5677
289192,Пожарная охрана,Датчик дыма,"914-1.1.909.75.",Дым ПК336+1,5677
289193,Пожарная охрана,Датчик дыма,"914-1.1.909.76.",Дым ПК335+1,5677
289194,Пожарная охрана,Датчик дыма,"914-1.1.909.77.",Дым ПК334+2,5677
289195,Пожарная охрана,Датчик дыма,"914-1.1.909.78.",Дым ПК333+1,5677
289196,Пожарная охрана,Датчик дыма,"914-1.1.909.79.",Дым ПК332+2,5677
289197,Пожарная охрана,Датчик дыма,"914-1.1.909.80.",Дым ПК331+2,5677
289198,Пожарная охрана,Датчик дыма,"914-1.1.909.81.",Дым ПК330+1,5677
287624,Пожарная охрана,Датчик дыма,"914-1.1.908.62.",Дым ПК383+4,5677
289176,Пожарная охрана,Датчик дыма,"914-1.1.908.63.",Дым ПК383,5677
289177,Пожарная охрана,Датчик дыма,"914-1.1.908.64.",Дым ПК382+5,5677
289178,Пожарная охрана,Датчик дыма,"914-1.1.908.65.",Дым ПК382,5677
289179,Пожарная охрана,Датчик дыма,"914-1.1.908.66.",Дым ПК380+4,5677
289180,Пожарная охрана,Датчик дыма,"914-1.1.908.67.",Дым ПК379+4,5677
289181,Пожарная охрана,Датчик дыма,"914-1.1.908.68.",Дым ПК378+5,5677
289182,Пожарная охрана,Датчик дыма,"914-1.1.908.69.",Дым ПК377+7,5677
289183,Пожарная охрана,Датчик дыма,"914-1.1.908.70.",Дым ПК376+8,5677
289234,Пожарная охрана,Датчик дыма,"914-1.1.912.61.",Дым ПК235+5,5677
289235,Пожарная охрана,Датчик дыма,"914-1.1.912.62.",Дым ПК235+5,5677
289236,Пожарная охрана,Датчик дыма,"914-1.1.912.63.",Дым ПК234,5677
289237,Пожарная охрана,Датчик дыма,"914-1.1.912.64.",Дым ПК233+1,5677
289238,Пожарная охрана,Датчик дыма,"914-1.1.912.65.",Дым ПК229,5677
289239,Пожарная охрана,Датчик дыма,"914-1.1.912.66.",Дым ПК228,5677
289240,Пожарная охрана,Датчик дыма,"914-1.1.912.67.",Дым ПК226,5677
289241,Пожарная охрана,Датчик дыма,"914-1.1.912.68.",Дым ПК225,5677
289242,Пожарная охрана,Датчик дыма,"914-1.1.912.69.",Дым ПК224+3,5677
289243,Пожарная охрана,Датчик дыма,"914-1.1.912.70.",Дым ПК222+7,5677
289244,Пожарная охрана,Датчик дыма,"914-1.1.912.71.",Дым ПК221+4,5677
289245,Пожарная охрана,Датчик дыма,"914-1.1.912.72.",Дым ПК220+4,5677
289246,Пожарная охрана,Датчик дыма,"914-1.1.912.73.",Дым ПК219+5,5677
289247,Пожарная охрана,Датчик дыма,"914-1.1.912.74.",Дым ПК218+6,5677
289248,Пожарная охрана,Датчик дыма,"914-1.1.912.75.",Дым ПК217+8,5677
289249,Пожарная охрана,Датчик дыма,"914-1.1.912.76.",Дым ПК216+5,5677
289250,Пожарная охрана,Датчик дыма,"914-1.1.912.77.",Дым ПК215+5,5677
289251,Пожарная охрана,Датчик дыма,"914-1.1.912.78.",Дым ПК211+5,5677
289252,Пожарная охрана,Датчик дыма,"914-1.1.912.79.",Дым ПК210+6,5677
289253,Пожарная охрана,Датчик дыма,"914-1.1.912.80.",Дым ПК209+8,5677
289214,Пожарная охрана,Датчик дыма,"914-1.1.911.62.",Дым ПК277+2,5677
289215,Пожарная охрана,Датчик дыма,"914-1.1.911.63.",Дым ПК276+2,5677
289216,Пожарная охрана,Датчик дыма,"914-1.1.911.64.",Дым ПК275+3,5677
289217,Пожарная охрана,Датчик дыма,"914-1.1.911.65.",Дым ПК274,5677
289218,Пожарная охрана,Датчик дыма,"914-1.1.911.66.",Дым ПК273+5,5677
289219,Пожарная охрана,Датчик дыма,"914-1.1.911.67.",Дым ПК272+7,5677
289220,Пожарная охрана,Датчик дыма,"914-1.1.911.68.",Дым ПК271+8,5677
289221,Пожарная охрана,Датчик дыма,"914-1.1.911.69.",Дым ПК267+5,5677
289222,Пожарная охрана,Датчик дыма,"914-1.1.911.70.",Дым ПК266+5,5677
289223,Пожарная охрана,Датчик дыма,"914-1.1.911.71.",Дым ПК265+5,5677
289224,Пожарная охрана,Датчик дыма,"914-1.1.911.72.",Дым ПК263,5677
289225,Пожарная охрана,Датчик дыма,"914-1.1.911.73.",Дым ПК261+1,5677
289226,Пожарная охрана,Датчик дыма,"914-1.1.911.74.",Дым ПК260+5,5677
289227,Пожарная охрана,Датчик дыма,"914-1.1.911.75.",Дым ПК259+8,5677
289228,Пожарная охрана,Датчик дыма,"914-1.1.911.76.",Дым ПК258+9,5677
289229,Пожарная охрана,Датчик дыма,"914-1.1.911.77.",Дым ПК258+1,5677
289230,Пожарная охрана,Датчик дыма,"914-1.1.911.78.",Дым ПК257+1,5677
289231,Пожарная охрана,Датчик дыма,"914-1.1.911.79.",Дым ПК256+1,5677
289232,Пожарная охрана,Датчик дыма,"914-1.1.911.80.",Дым ПК255+2,5677
289233,Пожарная охрана,Датчик дыма,"914-1.1.911.81.",Дым ПК254+2,5677
285823,Охранная подсистема,КД Дверь,"914-1.1.293.1.",КД шкаф ДУ,5678
285825,Диагностическая подсистема,ИБП,"914-1.1.293.3.",ИБП питание от батарей шкаф АКМ и ДУ,5678
285824,Охранная подсистема,КД Дверь,"914-1.1.293.2.",КД шкаф АКМ и ДУ,5678
285796,Диагностическая подсистема,ИБП,"914-1.1.291.2.",ИБП питание от батарей шкаф ОПС,5678
285795,Охранная подсистема,КД Дверь,"914-1.1.291.1.",КД шкаф ОПС ДП,5678
286875,Диагностическая подсистема,ИБП,"914-1.1.220.2.",ИБП питание от батарей ПК146 ур.2 шкаф ОПС,5678
286874,Охранная подсистема,КД Дверь,"914-1.1.220.1.",КД шкаф ПК146 ОПС ур.2,5678
286944,Диагностическая подсистема,ИБП,"914-1.1.240.6.",ИБП питание от батарей ПК399 шкаф АКМ и ДУ,5678
286943,Охранная подсистема,КД Дверь,"914-1.1.240.5.",КД шкаф ПК399 АКМ и ДУ,5678
286942,Охранная подсистема,КД Дверь,"914-1.1.240.4.",КД шкаф ПК399 ДУ,5678
286941,Диагностическая подсистема,ИБП,"914-1.1.240.2.",ИБП питание от батарей ПК399 шкаф ОПС,5678
286940,Охранная подсистема,КД Дверь,"914-1.1.240.1.",КД шкаф ПК399 ОПС,5678
287000,Охранная подсистема,КД Дверь,"914-1.1.258.1.",КД шкаф ПК270 ОПС ур.1,5678
287001,Диагностическая подсистема,ИБП,"914-1.1.258.2.",ИБП питание от батарей ПК270 ур.1 шкаф ОПС,5678
331519,Диспетчерский контроль,Состояние охраны,"1044-g1.",Ленинский 131,5961
330706,Охранная подсистема,КД АВ,"1044-1.1.240.1.",МРСБ АВ ПК1195 ур.2,5961
330707,Охранная подсистема,Датчик движения,"1044-1.1.240.2.",ОД АВ ПК1195 ур.2,5961
330711,Температурная подсистема,Датчик температуры,"1044-1.1.240.6.",ТЕМП ПК1195 ур.1,5961
330709,Охранная подсистема,КД Дверь,"1044-1.1.240.4.",КД отс.дверь ПК1195 ур.1,5961
330710,Диспетчерский контроль,Датчик затопления,"1044-1.1.240.5.",Затопление ПК1195 ур.1,5961
330695,Охранная подсистема,КД Дверь,"1044-1.1.239.4.",КД дверь в ВК ПК1172,5961
330696,Охранная подсистема,КД Дверь,"1044-1.1.239.5.",КД отс.дверь ПК1172,5961
330683,Охранная подсистема,КД Дверь,"1044-1.1.238.2.",КД отс.дверь ПК1153 ур.1,5961
330682,Охранная подсистема,КД Дверь,"1044-1.1.238.1.",КД дверь ПК1153 ур.2,5961
330669,Охранная подсистема,КД Дверь,"1044-1.1.237.4.",КД дверь в ВК ПК1153 ур.3 к АВ,5961
330672,Охранная подсистема,КД Дверь,"1044-1.1.237.7.",КД дверь в ВК ПК1153 ур.3 к ВШ,5961
330673,Охранная подсистема,КД Дверь,"1044-1.1.237.8.",КД дверь ПК1153 ур.3 кам у ВШ,5961
330670,Охранная подсистема,КД Дверь,"1044-1.1.237.5.",КД отс.дверь ПК1153 ур.3,5961
330666,Охранная подсистема,КД АВ,"1044-1.1.237.1.",МРСБ АВ ПК1153 ур.3,5961
330667,Охранная подсистема,Датчик движения,"1044-1.1.237.2.",ОД АВ ПК1153 ур.3,5961
330671,Охранная подсистема,Датчик движения,"1044-1.1.237.6.",ОД ВШ ПК1153,5961
330656,Охранная подсистема,Датчик движения,"1044-1.1.236.2.",ОД ВШ ПК1138,5961
330657,Охранная подсистема,Датчик движения,"1044-1.1.236.3.",ОД ВШ ПК1138+2,5961
330641,Охранная подсистема,КД АВ,"1044-1.1.235.1.",МРСБ АВ ПК1111,5961
330642,Охранная подсистема,Датчик движения,"1044-1.1.235.2.",ОД АВ ПК1111,5961
330646,Охранная подсистема,Датчик движения,"1044-1.1.235.6.",ОД ВШ ПК1110,5961
330645,Охранная подсистема,КД Дверь,"1044-1.1.235.5.",КД отс.дверь ПК1110,5961
330644,Охранная подсистема,КД Дверь,"1044-1.1.235.4.",КД дверь в ВК ПК1110,5961
330631,Диспетчерский контроль,Датчик затопления,"1044-1.1.234.1.",Затопление ПК1090 АНС,5961
330632,Температурная подсистема,Датчик температуры,"1044-1.1.234.2.",ТЕМП ПК1090 АНС,5961
330620,Охранная подсистема,Датчик движения,"1044-1.1.233.1.",ОД ПК1089 щит.,5961
330607,Охранная подсистема,КД Дверь,"1044-1.1.232.3.",КД дверь ПК1089 щит.,5961
330606,Температурная подсистема,Датчик температуры,"1044-1.1.232.2.",ТЕМП ПК1089 щит.,5961
330593,Охранная подсистема,КД Дверь,"1044-1.1.231.5.",КД дверь в ВК ПК1086 к АВ,5961
330594,Охранная подсистема,КД Дверь,"1044-1.1.231.6.",КД отс.дверь ПК1087,5961
330596,Охранная подсистема,КД Дверь,"1044-1.1.231.8.",КД отс.дверь ПК1088,5961
330589,Охранная подсистема,КД АВ,"1044-1.1.231.1.",МРСБ АВ ПК1086,5961
330590,Охранная подсистема,Датчик движения,"1044-1.1.231.2.",ОД АВ ПК1086,5961
330595,Охранная подсистема,Датчик движения,"1044-1.1.231.7.",ОД ВШ ПК1087,5961
330577,Охранная подсистема,КД Дверь,"1044-1.1.229.1.",КД отс.дверь ПК1065,5961
330580,Охранная подсистема,Датчик движения,"1044-1.1.229.4.",ОД ВШ ПК1065,5961
330579,Охранная подсистема,Датчик движения,"1044-1.1.229.3.",ОД ВШ ПК1066,5961
330553,Охранная подсистема,КД Дверь,"1044-1.1.227.2.",МРСБ дверь ПК1050 Г1 ПК0 в ДП,5961
330552,Охранная подсистема,Датчик движения,"1044-1.1.227.1.",ОД ВШ ПК1050 Г1 ПК0,5961
330541,Охранная подсистема,КД АВ,"1044-1.1.226.1.",МРСБ АВ ПК1050 Г1 ПК19,5961
330542,Охранная подсистема,Датчик движения,"1044-1.1.226.2.",ОД АВ ПК1050 Г1 ПК19,5961
330527,Охранная подсистема,КД АВ,"1044-1.1.225.1.",МРСБ АВ ПК1045,5961
330528,Охранная подсистема,Датчик движения,"1044-1.1.225.2.",ОД АВ ПК1045,5961
330532,Охранная подсистема,Датчик движения,"1044-1.1.225.6.",ОД ВШ ПК1045,5961
330531,Охранная подсистема,КД Дверь,"1044-1.1.225.5.",КД отс.дверь ПК1045,5961
330530,Охранная подсистема,КД Дверь,"1044-1.1.225.4.",КД дверь в ВК ПК1045,5961
330518,Охранная подсистема,КД АВ,"1044-1.1.224.7.",МРСБ АВ ПК1025,5961
330517,Охранная подсистема,Датчик движения,"1044-1.1.224.6.",ОД АВ ПК1025,5961
330512,Охранная подсистема,КД АВ,"1044-1.1.224.1.",МРСБ АВ ПК1026,5961
330513,Охранная подсистема,Датчик движения,"1044-1.1.224.2.",ОД АВ ПК1026,5961
330516,Охранная подсистема,КД Дверь,"1044-1.1.224.5.",КД отс.дверь ПК1025,5961
330515,Охранная подсистема,КД Дверь,"1044-1.1.224.4.",КД дверь в ВК ПК1025,5961
330484,Охранная подсистема,КД АВ,"1044-1.1.223.1.",МРСБ АВ ПК1002,5961
330485,Охранная подсистема,Датчик движения,"1044-1.1.223.2.",ОД АВ ПК1002,5961
330489,Охранная подсистема,Датчик движения,"1044-1.1.223.6.",ОД ВШ ПК1000,5961
330488,Охранная подсистема,КД Дверь,"1044-1.1.223.5.",КД отс.дверь ПК1001,5961
330487,Охранная подсистема,КД Дверь,"1044-1.1.223.4.",КД дверь в ВК ПК1002,5961
330471,Охранная подсистема,КД АВ,"1044-1.1.222.1.",МРСБ АВ ПК985,5961
330472,Охранная подсистема,Датчик движения,"1044-1.1.222.2.",ОД АВ ПК985,5961
330475,Охранная подсистема,КД Дверь,"1044-1.1.222.5.",КД отс.дверь ПК984,5961
330474,Охранная подсистема,КД Дверь,"1044-1.1.222.4.",КД дверь в ВК ПК984,5961
330460,Охранная подсистема,КД АВ,"1044-1.1.221.1.",МРСБ АВ ПК981,5961
330461,Охранная подсистема,Датчик движения,"1044-1.1.221.2.",ОД АВ ПК981,5961
330462,Охранная подсистема,КД Дверь,"1044-1.1.221.3.",КД дверь в ВК ПК981,5961
330446,Охранная подсистема,КД АВ,"1044-1.1.220.1.",МРСБ АВ ПК963,5961
330447,Охранная подсистема,Датчик движения,"1044-1.1.220.2.",ОД АВ ПК963,5961
330450,Охранная подсистема,Датчик движения,"1044-1.1.220.5.",ОД ВШ ПК964,5961
330451,Охранная подсистема,КД Дверь,"1044-1.1.220.6.",КД отс.дверь ПК963,5961
330449,Охранная подсистема,КД Дверь,"1044-1.1.220.4.",КД дверь в ВК ПК963,5961
330431,Охранная подсистема,КД АВ,"1044-1.1.218.1.",МРСБ АВ ПК946,5961
330432,Охранная подсистема,Датчик движения,"1044-1.1.218.2.",ОД АВ ПК946,5961
330437,Охранная подсистема,КД АВ,"1044-1.1.218.7.",МРСБ АВ ПК947,5961
330436,Охранная подсистема,Датчик движения,"1044-1.1.218.6.",ОД АВ ПК947,5961
330435,Охранная подсистема,КД Дверь,"1044-1.1.218.5.",КД отс.дверь ПК946,5961
330434,Охранная подсистема,КД Дверь,"1044-1.1.218.4.",КД дверь в ВК ПК946,5961
330422,Охранная подсистема,Датчик движения,"1044-1.1.217.1.",ОД ВШ ПК935,5961
330413,Охранная подсистема,КД Дверь,"1044-1.1.216.4.",КД отс.дверь ПК930,5961
330410,Охранная подсистема,Датчик движения,"1044-1.1.216.1.",ОД ВШ ПК929+7,5961
330411,Охранная подсистема,Датчик движения,"1044-1.1.216.2.",ОД ВШ ПК931,5961
330399,Охранная подсистема,КД Дверь,"1044-1.1.215.2.",КД дверь в ВК ПК909,5961
330398,Охранная подсистема,КД Дверь,"1044-1.1.215.1.",КД отс.дверь ПК909,5961
330401,Охранная подсистема,КД АВ,"1044-1.1.215.4.",МРСБ АВ ПК909,5961
330400,Охранная подсистема,Датчик движения,"1044-1.1.215.3.",ОД АВ ПК909,5961
330263,Охранная подсистема,Датчик движения,"1044-1.1.205.6.",ОД ВШ ПК908,5961
330246,Охранная подсистема,КД АВ,"1044-1.1.204.1.",МРСБ АВ ПК906,5961
330247,Охранная подсистема,Датчик движения,"1044-1.1.204.2.",ОД АВ ПК906,5961
330249,Охранная подсистема,КД Дверь,"1044-1.1.204.5.",КД отс.дверь ПК906,5961
330248,Охранная подсистема,КД Дверь,"1044-1.1.204.3.",КД дверь в ВК ПК906,5961
330236,Охранная подсистема,Датчик движения,"1044-1.1.203.5.",ОД ВШ ПК886,5961
330232,Охранная подсистема,КД АВ,"1044-1.1.203.1.",МРСБ АВ ПК885,5961
330233,Охранная подсистема,Датчик движения,"1044-1.1.203.2.",ОД АВ ПК885,5961
330235,Охранная подсистема,КД Дверь,"1044-1.1.203.4.",КД отс.дверь ПК886,5961
330234,Охранная подсистема,КД Дверь,"1044-1.1.203.3.",КД дверь в ВК ПК885,5961
330219,Охранная подсистема,КД АВ,"1044-1.1.202.1.",МРСБ АВ ПК867,5961
330220,Охранная подсистема,Датчик движения,"1044-1.1.202.2.",ОД АВ ПК867,5961
330223,Охранная подсистема,Датчик движения,"1044-1.1.202.6.",ОД ВШ ПК869,5961
330222,Охранная подсистема,КД Дверь,"1044-1.1.202.5.",КД отс.дверь ПК868,5961
330221,Охранная подсистема,КД Дверь,"1044-1.1.202.3.",КД дверь в ВК ПК867,5961
330206,Охранная подсистема,КД АВ,"1044-1.1.201.1.",КД сопр. ПК864 с ЦДТ,5961
330208,Охранная подсистема,КД АВ,"1044-1.1.201.3.",МРСБ АВ ПК864,5961
330209,Охранная подсистема,Датчик движения,"1044-1.1.201.4.",ОД АВ ПК864,5961
330207,Охранная подсистема,КД Дверь,"1044-1.1.201.2.",КД дверь в ВК ПК864,5961
330692,Охранная подсистема,КД АВ,"1044-1.1.239.1.",МРСБ АВ ПК1172,5961
330693,Охранная подсистема,Датчик движения,"1044-1.1.239.2.",ОД АВ ПК1172,5961
330697,Охранная подсистема,Датчик движения,"1044-1.1.239.6.",ОД ВШ ПК1172,5961
330498,Охранная подсистема,"9-секционный люк","1044-1.1.230.1.",МРСБ 9 секц. люк ПК1021 тело,5961
330500,Охранная подсистема,"9-секционный люк","1044-1.1.230.3.",МРСБ 9 секц. люк ПК1021 тело,5961
330499,Охранная подсистема,"9-секционный люк","1044-1.1.230.2.",МРСБ 9 секц. люк ПК1021 тело,5961
330503,Охранная подсистема,"9-секционный люк","1044-1.1.230.6.",МРСБ 9 секц. люк ПК1021 карман,5961
330502,Охранная подсистема,"9-секционный люк","1044-1.1.230.5.",МРСБ 9 секц. люк ПК1021 карман,5961
330501,Охранная подсистема,"9-секционный люк","1044-1.1.230.4.",МРСБ 9 секц. люк ПК1021 карман,5961
330261,Охранная подсистема,"9-секционный люк","1044-1.1.205.4.",МРСБ 9 секц. люк ПК908,5961
330262,Охранная подсистема,"9-секционный люк","1044-1.1.205.5.",МРСБ 9 секц. люк ПК908,5961
330260,Охранная подсистема,"9-секционный люк","1044-1.1.205.3.",МРСБ 9 секц. люк ПК908,5961
330258,Охранная подсистема,Датчик движения,"1044-1.1.205.1.",ОД ВШ ПК0 Г0 ПК0 дв.Лен.131,5961
330259,Охранная подсистема,КД Дверь,"1044-1.1.205.2.",КД дверь ПК908 в гал.,5961
334938,Охранная подсистема,КД Дверь,"1044-1.1.236.4.",КД отс.дверь ПК1138,5961
334776,Пожарная охрана,Датчик дыма,"1051-1.1.919.126.",Дым ПК1195 ур.1,5962
334775,Пожарная охрана,Датчик дыма,"1051-1.1.919.125.",Дым ПК1194+6,5962
334774,Пожарная охрана,Датчик дыма,"1051-1.1.919.124.",Дым ПК1193+8,5962
334773,Пожарная охрана,Датчик дыма,"1051-1.1.919.123.",Дым ПК1193+1,5962
334772,Пожарная охрана,Датчик дыма,"1051-1.1.919.122.",Дым ПК1192+3,5962
334688,Пожарная охрана,Датчик дыма,"1051-1.1.917.112.",Дым ПК1148,5962
334771,Пожарная охрана,Датчик дыма,"1051-1.1.919.121.",Дым ПК1191+6,5962
334770,Пожарная охрана,Датчик дыма,"1051-1.1.919.120.",Дым ПК1190+7,5962
334687,Пожарная охрана,Датчик дыма,"1051-1.1.917.111.",Дым ПК1147+2,5962
334769,Пожарная охрана,Датчик дыма,"1051-1.1.919.119.",Дым ПК1189+5,5962
334686,Пожарная охрана,Датчик дыма,"1051-1.1.917.110.",Дым ПК1146+1,5962
334631,Пожарная охрана,Ручной извещатель,"1051-1.1.916.17.",ИПР ПК1137,5962
334768,Пожарная охрана,Датчик дыма,"1051-1.1.919.118.",Дым ПК1188+6,5962
334685,Пожарная охрана,Датчик дыма,"1051-1.1.917.109.",Дым ПК1145+1,5962
334630,Пожарная охрана,Ручной извещатель,"1051-1.1.916.16.",ИПР ПК1132,5962
334767,Пожарная охрана,Датчик дыма,"1051-1.1.919.117.",Дым ПК1187+7,5962
334684,Пожарная охрана,Датчик дыма,"1051-1.1.917.108.",Дым ПК1144+1,5962
334629,Пожарная охрана,Ручной извещатель,"1051-1.1.916.15.",ИПР ПК1128,5962
334766,Пожарная охрана,Датчик дыма,"1051-1.1.919.116.",Дым ПК1186+8,5962
334765,Пожарная охрана,Датчик дыма,"1051-1.1.919.115.",Дым ПК1185+9,5962
334683,Пожарная охрана,Датчик дыма,"1051-1.1.917.107.",Дым ПК1143+2,5962
334764,Пожарная охрана,Датчик дыма,"1051-1.1.919.114.",Дым ПК1185,5962
334762,Пожарная охрана,Датчик дыма,"1051-1.1.919.112.",Дым ПК1183+2,5962
334682,Пожарная охрана,Датчик дыма,"1051-1.1.917.106.",Дым ПК1142+1,5962
334761,Пожарная охрана,Датчик дыма,"1051-1.1.919.111.",Дым ПК1182+3,5962
334760,Пожарная охрана,Датчик дыма,"1051-1.1.919.110.",Дым ПК1181+4,5962
334681,Пожарная охрана,Датчик дыма,"1051-1.1.917.105.",Дым ПК1141+4,5962
334759,Пожарная охрана,Датчик дыма,"1051-1.1.919.109.",Дым ПК1180+5,5962
334758,Пожарная охрана,Датчик дыма,"1051-1.1.919.108.",Дым ПК1179+6,5962
334757,Пожарная охрана,Датчик дыма,"1051-1.1.919.107.",Дым ПК1178+7,5962
334756,Пожарная охрана,Датчик дыма,"1051-1.1.919.106.",Дым ПК1177+8,5962
334755,Пожарная охрана,Датчик дыма,"1051-1.1.919.105.",Дым ПК1176+9,5962
334754,Пожарная охрана,Датчик дыма,"1051-1.1.919.104.",Дым ПК1176,5962
334680,Пожарная охрана,Датчик дыма,"1051-1.1.917.104.",Дым ПК1140+5,5962
334628,Пожарная охрана,Ручной извещатель,"1051-1.1.916.14.",ИПР ПК1124,5962
334516,Пожарная охрана,Датчик дыма,"1051-1.1.913.127.",Дым ПК1050 Г1 ПК22+9,5962
334418,Пожарная охрана,Датчик дыма,"1051-1.1.911.115.",Дым ПК1035+1,5962
334390,Пожарная охрана,Датчик дыма,"1051-1.1.910.133.",Дым ПК1022+7,5962
334366,Пожарная охрана,Датчик дыма,"1051-1.1.910.109.",Дым ПК1006+1,5962
334331,Пожарная охрана,Датчик дыма,"1051-1.1.909.107.",Дым ПК995+4,5962
334317,Пожарная охрана,Датчик дыма,"1051-1.1.908.157.",Дым ПК983+8,5962
334296,Пожарная охрана,Датчик дыма,"1051-1.1.908.136.",Дым ПК971+3,5962
334275,Пожарная охрана,Датчик дыма,"1051-1.1.908.115.",Дым ПК959+4,5962
334256,Пожарная охрана,Ручной извещатель,"1051-1.1.908.14.",ИПР ПК963,5962
334231,Пожарная охрана,Датчик дыма,"1051-1.1.907.139.",Дым ПК935+3,5962
334213,Пожарная охрана,Датчик дыма,"1051-1.1.907.121.",Дым ПК921+3,5962
334196,Пожарная охрана,Датчик дыма,"1051-1.1.907.104.",Дым ПК909+5,5962
334043,Пожарная охрана,Датчик дыма,"1051-1.1.903.141.",Дым ПК908+5,5962
333962,Пожарная охрана,Датчик дыма,"1051-1.1.902.114.",Дым ПК907,5962
333979,Пожарная охрана,Датчик дыма,"1051-1.1.902.131.",Дым ПК899+7,5962
333998,Пожарная охрана,Датчик дыма,"1051-1.1.902.150.",Дым ПК886+8,5962
333934,Пожарная охрана,Датчик дыма,"1051-1.1.901.135.",Дым ПК885+3,5962
333921,Пожарная охрана,Датчик дыма,"1051-1.1.901.122.",Дым ПК874+3,5962
334753,Пожарная охрана,Датчик дыма,"1051-1.1.919.103.",Дым ПК1175+1,5962
334679,Пожарная охрана,Датчик дыма,"1051-1.1.917.103.",Дым ПК1139+7,5962
334627,Пожарная охрана,Ручной извещатель,"1051-1.1.916.13.",ИПР ПК1119,5962
334515,Пожарная охрана,Датчик дыма,"1051-1.1.913.126.",Дым ПК1050 Г1 ПК22,5962
334417,Пожарная охрана,Датчик дыма,"1051-1.1.911.114.",Дым ПК1034+2,5962
334389,Пожарная охрана,Датчик дыма,"1051-1.1.910.132.",Дым ПК1021+8,5962
334365,Пожарная охрана,Датчик дыма,"1051-1.1.910.108.",Дым ПК1005+2,5962
334332,Пожарная охрана,Датчик дыма,"1051-1.1.909.108.",Дым ПК994+6,5962
334318,Пожарная охрана,Датчик дыма,"1051-1.1.908.158.",Дым ПК983+5,5962
334295,Пожарная охрана,Датчик дыма,"1051-1.1.908.135.",Дым ПК970+1,5962
334274,Пожарная охрана,Датчик дыма,"1051-1.1.908.114.",Дым ПК958+6,5962
334255,Пожарная охрана,Ручной извещатель,"1051-1.1.908.13.",ИПР ПК960,5962
334230,Пожарная охрана,Датчик дыма,"1051-1.1.907.138.",Дым ПК934+4,5962
334212,Пожарная охрана,Датчик дыма,"1051-1.1.907.120.",Дым ПК920+4,5962
334195,Пожарная охрана,Датчик дыма,"1051-1.1.907.103.",Дым ПК909+3,5962
334014,Пожарная охрана,Датчик дыма,"1051-1.1.903.112.",Дым ПК908+4,5962
333963,Пожарная охрана,Датчик дыма,"1051-1.1.902.115.",Дым ПК907,5962
333980,Пожарная охрана,Датчик дыма,"1051-1.1.902.132.",Дым ПК898+8,5962
333994,Пожарная охрана,Датчик дыма,"1051-1.1.902.146.",Дым ПК886+8,5962
334752,Пожарная охрана,Датчик дыма,"1051-1.1.919.102.",Дым ПК1174+2,5962
334678,Пожарная охрана,Датчик дыма,"1051-1.1.917.102.",Дым ПК1139,5962
334626,Пожарная охрана,Ручной извещатель,"1051-1.1.916.12.",ИПР ПК1115,5962
334514,Пожарная охрана,Датчик дыма,"1051-1.1.913.125.",Дым ПК1050 Г1 ПК21+1,5962
334416,Пожарная охрана,Датчик дыма,"1051-1.1.911.113.",Дым ПК1033+2,5962
334387,Пожарная охрана,Датчик дыма,"1051-1.1.910.130.",Дым ПК1021+8,5962
334364,Пожарная охрана,Датчик дыма,"1051-1.1.910.107.",Дым ПК1004+3,5962
334333,Пожарная охрана,Датчик дыма,"1051-1.1.909.109.",Дым ПК993+8,5962
334315,Пожарная охрана,Датчик дыма,"1051-1.1.908.155.",Дым ПК983+2,5962
334294,Пожарная охрана,Датчик дыма,"1051-1.1.908.134.",Дым ПК969+5,5962
334273,Пожарная охрана,Датчик дыма,"1051-1.1.908.113.",Дым ПК957+8,5962
334254,Пожарная охрана,Ручной извещатель,"1051-1.1.908.12.",ИПР ПК955,5962
334229,Пожарная охрана,Датчик дыма,"1051-1.1.907.137.",Дым ПК933+6,5962
334211,Пожарная охрана,Датчик дыма,"1051-1.1.907.119.",Дым ПК919+7,5962
334194,Пожарная охрана,Датчик дыма,"1051-1.1.907.102.",Дым ПК909,5962
334001,Пожарная охрана,Ручной извещатель,"1051-1.1.903.11.",ИПР ПК908,5962
333964,Пожарная охрана,Датчик дыма,"1051-1.1.902.116.",Дым ПК907,5962
333981,Пожарная охрана,Датчик дыма,"1051-1.1.902.133.",Дым ПК897+9,5962
333997,Пожарная охрана,Датчик дыма,"1051-1.1.902.149.",Дым ПК886+5,5962
333933,Пожарная охрана,Датчик дыма,"1051-1.1.901.134.",Дым ПК884+8,5962
333920,Пожарная охрана,Датчик дыма,"1051-1.1.901.121.",Дым ПК873+4,5962
333909,Пожарная охрана,Датчик дыма,"1051-1.1.901.110.",Дым ПК867+3,5962
333896,Пожарная охрана,Ручной извещатель,"1051-1.1.901.13.",ИПР ПК872,5962
334751,Пожарная охрана,Датчик дыма,"1051-1.1.919.101.",Дым ПК1173+3,5962
334677,Пожарная охрана,Датчик дыма,"1051-1.1.917.101.",Дым ПК1138+5,5962
334739,Пожарная охрана,Датчик дыма,"1051-1.1.918.131.",Дым ПК1172,5962
334676,Пожарная охрана,Ручной извещатель,"1051-1.1.917.14.",ИПР ПК1153 ур.3,5962
334740,Пожарная охрана,Датчик дыма,"1051-1.1.918.132.",Дым ПК1172,5962
334734,Пожарная охрана,Датчик дыма,"1051-1.1.918.126.",Дым ПК1172,5962
334675,Пожарная охрана,Ручной извещатель,"1051-1.1.917.13.",ИПР ПК1151,5962
334625,Пожарная охрана,Ручной извещатель,"1051-1.1.916.11.",ИПР ПК1110,5962
334513,Пожарная охрана,Датчик дыма,"1051-1.1.913.124.",Дым ПК1050 Г1 ПК20+1,5962
334415,Пожарная охрана,Датчик дыма,"1051-1.1.911.112.",Дым ПК1032+4,5962
334388,Пожарная охрана,Датчик дыма,"1051-1.1.910.131.",Дым ПК1021+8,5962
334363,Пожарная охрана,Датчик дыма,"1051-1.1.910.106.",Дым ПК1003+5,5962
334334,Пожарная охрана,Датчик дыма,"1051-1.1.909.110.",Дым ПК993+2,5962
334313,Пожарная охрана,Датчик дыма,"1051-1.1.908.153.",Дым ПК983,5962
334293,Пожарная охрана,Датчик дыма,"1051-1.1.908.133.",Дым ПК968+8,5962
334272,Пожарная охрана,Датчик дыма,"1051-1.1.908.112.",Дым ПК956+9,5962
334253,Пожарная охрана,Ручной извещатель,"1051-1.1.908.11.",ИПР ПК951,5962
334228,Пожарная охрана,Датчик дыма,"1051-1.1.907.136.",Дым ПК932+9,5962
334733,Пожарная охрана,Датчик дыма,"1051-1.1.918.125.",Дым ПК1172,5962
334674,Пожарная охрана,Ручной извещатель,"1051-1.1.917.12.",ИПР ПК1146,5962
334620,Пожарная охрана,Датчик дыма,"1051-1.1.915.148.",Дым ПК1110+6,5962
334741,Пожарная охрана,Датчик дыма,"1051-1.1.918.133.",Дым ПК1172,5962
334673,Пожарная охрана,Ручной извещатель,"1051-1.1.917.11.",ИПР ПК1141,5962
334619,Пожарная охрана,Датчик дыма,"1051-1.1.915.147.",Дым ПК1110+5,5962
334737,Пожарная охрана,Датчик дыма,"1051-1.1.918.129.",Дым ПК1172,5962
334668,Пожарная охрана,Датчик дыма,"1051-1.1.916.137.",Дым ПК1138+4,5962
334618,Пожарная охрана,Датчик дыма,"1051-1.1.915.146.",Дым ПК1109+6,5962
334736,Пожарная охрана,Датчик дыма,"1051-1.1.918.128.",Дым ПК1172,5962
334669,Пожарная охрана,Датчик дыма,"1051-1.1.916.138.",Дым ПК1138+1,5962
334735,Пожарная охрана,Датчик дыма,"1051-1.1.918.127.",Дым ПК1172,5962
334667,Пожарная охрана,Датчик дыма,"1051-1.1.916.136.",Дым ПК1137+7,5962
334617,Пожарная охрана,Датчик дыма,"1051-1.1.915.145.",Дым ПК1108+7,5962
334509,Пожарная охрана,Датчик дыма,"1051-1.1.913.120.",Дым ПК1050 Г1 ПК2+8,5962
334414,Пожарная охрана,Датчик дыма,"1051-1.1.911.111.",Дым ПК1031+5,5962
334386,Пожарная охрана,Датчик дыма,"1051-1.1.910.129.",Дым ПК1020+8,5962
334362,Пожарная охрана,Датчик дыма,"1051-1.1.910.105.",Дым ПК1002+7,5962
334335,Пожарная охрана,Датчик дыма,"1051-1.1.909.111.",Дым ПК992+2,5962
334314,Пожарная охрана,Датчик дыма,"1051-1.1.908.154.",Дым ПК983,5962
334292,Пожарная охрана,Датчик дыма,"1051-1.1.908.132.",Дым ПК968,5962
334732,Пожарная охрана,Датчик дыма,"1051-1.1.918.124.",Дым ПК1171+8,5962
334666,Пожарная охрана,Датчик дыма,"1051-1.1.916.135.",Дым ПК1136+7,5962
334616,Пожарная охрана,Датчик дыма,"1051-1.1.915.144.",Дым ПК1107+9,5962
334490,Пожарная охрана,Датчик дыма,"1051-1.1.913.101.",Дым ПК1050 Г1 ПК19,5962
334413,Пожарная охрана,Датчик дыма,"1051-1.1.911.110.",Дым ПК1030+6,5962
334385,Пожарная охрана,Датчик дыма,"1051-1.1.910.128.",Дым ПК1020+2,5962
334361,Пожарная охрана,Датчик дыма,"1051-1.1.910.104.",Дым ПК1002+3,5962
334731,Пожарная охрана,Датчик дыма,"1051-1.1.918.123.",Дым ПК1171+5,5962
334665,Пожарная охрана,Датчик дыма,"1051-1.1.916.134.",Дым ПК1135+9,5962
334615,Пожарная охрана,Датчик дыма,"1051-1.1.915.143.",Дым ПК1107,5962
334730,Пожарная охрана,Датчик дыма,"1051-1.1.918.122.",Дым ПК1171,5962
334664,Пожарная охрана,Датчик дыма,"1051-1.1.916.133.",Дым ПК1134+9,5962
334614,Пожарная охрана,Датчик дыма,"1051-1.1.915.142.",Дым ПК1106+1,5962
334729,Пожарная охрана,Датчик дыма,"1051-1.1.918.121.",Дым ПК1170+2,5962
334663,Пожарная охрана,Датчик дыма,"1051-1.1.916.132.",Дым ПК1134,5962
334613,Пожарная охрана,Датчик дыма,"1051-1.1.915.141.",Дым ПК1105+2,5962
334491,Пожарная охрана,Датчик дыма,"1051-1.1.913.102.",Дым ПК1050 Г1 ПК17+9,5962
334412,Пожарная охрана,Датчик дыма,"1051-1.1.911.109.",Дым ПК1029+7,5962
334384,Пожарная охрана,Датчик дыма,"1051-1.1.910.127.",Дым ПК1019+3,5962
334360,Пожарная охрана,Датчик дыма,"1051-1.1.910.103.",Дым ПК1002+2,5962
334336,Пожарная охрана,Датчик дыма,"1051-1.1.909.112.",Дым ПК991+1,5962
334312,Пожарная охрана,Датчик дыма,"1051-1.1.908.152.",Дым ПК982+3,5962
334291,Пожарная охрана,Датчик дыма,"1051-1.1.908.131.",Дым ПК967+1,5962
334271,Пожарная охрана,Датчик дыма,"1051-1.1.908.111.",Дым ПК956+1,5962
334248,Пожарная охрана,Датчик дыма,"1051-1.1.907.156.",Дым ПК946+7,5962
334227,Пожарная охрана,Датчик дыма,"1051-1.1.907.135.",Дым ПК932+1,5962
334210,Пожарная охрана,Датчик дыма,"1051-1.1.907.118.",Дым ПК919,5962
334193,Пожарная охрана,Датчик дыма,"1051-1.1.907.101.",Дым ПК908+6,5962
334002,Пожарная охрана,Ручной извещатель,"1051-1.1.903.12.",ИПР ПК908,5962
333965,Пожарная охрана,Датчик дыма,"1051-1.1.902.117.",Дым ПК907,5962
333982,Пожарная охрана,Датчик дыма,"1051-1.1.902.134.",Дым ПК897,5962
333948,Пожарная охрана,Ручной извещатель,"1051-1.1.902.16.",ИПР ПК908,5962
333932,Пожарная охрана,Датчик дыма,"1051-1.1.901.133.",Дым ПК883+9,5962
333919,Пожарная охрана,Датчик дыма,"1051-1.1.901.120.",Дым ПК872+5,5962
333907,Пожарная охрана,Датчик дыма,"1051-1.1.901.108.",Дым ПК867+3,5962
333895,Пожарная охрана,Ручной извещатель,"1051-1.1.901.12.",ИПР ПК868,5962
334728,Пожарная охрана,Датчик дыма,"1051-1.1.918.120.",Дым ПК1169+3,5962
334662,Пожарная охрана,Датчик дыма,"1051-1.1.916.131.",Дым ПК1133,5962
334612,Пожарная охрана,Датчик дыма,"1051-1.1.915.140.",Дым ПК1104+3,5962
334492,Пожарная охрана,Датчик дыма,"1051-1.1.913.103.",Дым ПК1050 Г1 ПК17+3,5962
334411,Пожарная охрана,Датчик дыма,"1051-1.1.911.108.",Дым ПК1028+9,5962
334383,Пожарная охрана,Датчик дыма,"1051-1.1.910.126.",Дым ПК1018+4,5962
334359,Пожарная охрана,Датчик дыма,"1051-1.1.910.102.",Дым ПК1002+1,5962
334337,Пожарная охрана,Датчик дыма,"1051-1.1.909.113.",Дым ПК990+2,5962
334311,Пожарная охрана,Датчик дыма,"1051-1.1.908.151.",Дым ПК981+8,5962
334290,Пожарная охрана,Датчик дыма,"1051-1.1.908.130.",Дым ПК966+3,5962
334270,Пожарная охрана,Датчик дыма,"1051-1.1.908.110.",Дым ПК955+4,5962
334246,Пожарная охрана,Датчик дыма,"1051-1.1.907.154.",Дым ПК946+5,5962
334226,Пожарная охрана,Датчик дыма,"1051-1.1.907.134.",Дым ПК931,5962
334209,Пожарная охрана,Датчик дыма,"1051-1.1.907.117.",Дым ПК918+1,5962
334192,Пожарная охрана,Ручной извещатель,"1051-1.1.907.20.",ИПР ПК946,5962
333956,Пожарная охрана,Датчик дыма,"1051-1.1.902.108.",Дым ПК907+8,5962
333966,Пожарная охрана,Датчик дыма,"1051-1.1.902.118.",Дым ПК907,5962
333983,Пожарная охрана,Датчик дыма,"1051-1.1.902.135.",Дым ПК896+1,5962
333947,Пожарная охрана,Ручной извещатель,"1051-1.1.902.15.",ИПР ПК906,5962
333931,Пожарная охрана,Датчик дыма,"1051-1.1.901.132.",Дым ПК882+9,5962
333918,Пожарная охрана,Датчик дыма,"1051-1.1.901.119.",Дым ПК871+7,5962
333908,Пожарная охрана,Датчик дыма,"1051-1.1.901.109.",Дым ПК867+3,5962
334727,Пожарная охрана,Датчик дыма,"1051-1.1.918.119.",Дым ПК1168+1,5962
334661,Пожарная охрана,Датчик дыма,"1051-1.1.916.130.",Дым ПК1132+2,5962
334611,Пожарная охрана,Датчик дыма,"1051-1.1.915.139.",Дым ПК1103+3,5962
334572,Пожарная охрана,Ручной извещатель,"1051-1.1.915.16.",ИПР ПК1108,5962
334493,Пожарная охрана,Датчик дыма,"1051-1.1.913.104.",Дым ПК1050 Г1 ПК16+5,5962
334726,Пожарная охрана,Датчик дыма,"1051-1.1.918.118.",Дым ПК1166+9,5962
334660,Пожарная охрана,Датчик дыма,"1051-1.1.916.129.",Дым ПК1131+2,5962
334610,Пожарная охрана,Датчик дыма,"1051-1.1.915.138.",Дым ПК1102+5,5962
334571,Пожарная охрана,Ручной извещатель,"1051-1.1.915.15.",ИПР ПК1103,5962
334494,Пожарная охрана,Датчик дыма,"1051-1.1.913.105.",Дым ПК1050 Г1 ПК15+6,5962
334410,Пожарная охрана,Датчик дыма,"1051-1.1.911.107.",Дым ПК1027+9,5962
334382,Пожарная охрана,Датчик дыма,"1051-1.1.910.125.",Дым ПК1017+6,5962
334358,Пожарная охрана,Датчик дыма,"1051-1.1.910.101.",Дым ПК1001+6,5962
334338,Пожарная охрана,Датчик дыма,"1051-1.1.909.114.",Дым ПК989+4,5962
334310,Пожарная охрана,Датчик дыма,"1051-1.1.908.150.",Дым ПК981+7,5962
334289,Пожарная охрана,Датчик дыма,"1051-1.1.908.129.",Дым ПК965+4,5962
334269,Пожарная охрана,Датчик дыма,"1051-1.1.908.109.",Дым ПК954+4,5962
334247,Пожарная охрана,Датчик дыма,"1051-1.1.907.155.",Дым ПК946+5,5962
334225,Пожарная охрана,Датчик дыма,"1051-1.1.907.133.",Дым ПК930+4,5962
334208,Пожарная охрана,Датчик дыма,"1051-1.1.907.116.",Дым ПК917+2,5962
334191,Пожарная охрана,Ручной извещатель,"1051-1.1.907.19.",ИПР ПК945,5962
333959,Пожарная охрана,Датчик дыма,"1051-1.1.902.111.",Дым ПК907+8,5962
333967,Пожарная охрана,Датчик дыма,"1051-1.1.902.119.",Дым ПК906+8,5962
333984,Пожарная охрана,Датчик дыма,"1051-1.1.902.136.",Дым ПК895+2,5962
333946,Пожарная охрана,Ручной извещатель,"1051-1.1.902.14.",ИПР ПК904,5962
333930,Пожарная охрана,Датчик дыма,"1051-1.1.901.131.",Дым ПК882+1,5962
333917,Пожарная охрана,Датчик дыма,"1051-1.1.901.118.",Дым ПК870+8,5962
333905,Пожарная охрана,Датчик дыма,"1051-1.1.901.106.",Дым ПК866+2,5962
333894,Пожарная охрана,Ручной извещатель,"1051-1.1.901.11.",ИПР ПК864,5962
334725,Пожарная охрана,Датчик дыма,"1051-1.1.918.117.",Дым ПК1165+9,5962
334659,Пожарная охрана,Датчик дыма,"1051-1.1.916.128.",Дым ПК1130+3,5962
334609,Пожарная охрана,Датчик дыма,"1051-1.1.915.137.",Дым ПК1101+2,5962
334570,Пожарная охрана,Ручной извещатель,"1051-1.1.915.14.",ИПР ПК1100,5962
334495,Пожарная охрана,Датчик дыма,"1051-1.1.913.106.",Дым ПК1050 Г1 ПК15+1,5962
334438,Пожарная охрана,Ручной извещатель,"1051-1.1.912.15.",ИПР ПК1063,5962
334409,Пожарная охрана,Датчик дыма,"1051-1.1.911.106.",Дым ПК1027+3,5962
334381,Пожарная охрана,Датчик дыма,"1051-1.1.910.124.",Дым ПК1016+7,5962
334396,Пожарная охрана,Датчик дыма,"1051-1.1.910.139.",Дым ПК1001+1,5962
334339,Пожарная охрана,Датчик дыма,"1051-1.1.909.115.",Дым ПК988+5,5962
334308,Пожарная охрана,Датчик дыма,"1051-1.1.908.148.",Дым ПК981+5,5962
334288,Пожарная охрана,Датчик дыма,"1051-1.1.908.128.",Дым ПК964+4,5962
334268,Пожарная охрана,Датчик дыма,"1051-1.1.908.108.",Дым ПК953+7,5962
334245,Пожарная охрана,Датчик дыма,"1051-1.1.907.153.",Дым ПК946+4,5962
334224,Пожарная охрана,Датчик дыма,"1051-1.1.907.132.",Дым ПК929+9,5962
334207,Пожарная охрана,Датчик дыма,"1051-1.1.907.115.",Дым ПК916+4,5962
334190,Пожарная охрана,Ручной извещатель,"1051-1.1.907.18.",ИПР ПК940,5962
333958,Пожарная охрана,Датчик дыма,"1051-1.1.902.110.",Дым ПК907+8,5962
333968,Пожарная охрана,Датчик дыма,"1051-1.1.902.120.",Дым ПК906+5,5962
333985,Пожарная охрана,Датчик дыма,"1051-1.1.902.137.",Дым ПК894+3,5962
333945,Пожарная охрана,Ручной извещатель,"1051-1.1.902.13.",ИПР ПК899,5962
333929,Пожарная охрана,Датчик дыма,"1051-1.1.901.130.",Дым ПК881+3,5962
333916,Пожарная охрана,Датчик дыма,"1051-1.1.901.117.",Дым ПК870,5962
333904,Пожарная охрана,Датчик дыма,"1051-1.1.901.105.",Дым ПК865+3,5962
334724,Пожарная охрана,Датчик дыма,"1051-1.1.918.116.",Дым ПК1165,5962
334658,Пожарная охрана,Датчик дыма,"1051-1.1.916.127.",Дым ПК1129+4,5962
334608,Пожарная охрана,Датчик дыма,"1051-1.1.915.136.",Дым ПК1100+6,5962
334569,Пожарная охрана,Ручной извещатель,"1051-1.1.915.13.",ИПР ПК1096,5962
334496,Пожарная охрана,Датчик дыма,"1051-1.1.913.107.",Дым ПК1050 Г1 ПК14+7,5962
334437,Пожарная охрана,Ручной извещатель,"1051-1.1.912.14.",ИПР ПК1059,5962
334408,Пожарная охрана,Датчик дыма,"1051-1.1.911.105.",Дым ПК1026+8,5962
334380,Пожарная охрана,Датчик дыма,"1051-1.1.910.123.",Дым ПК1015+7,5962
334357,Пожарная охрана,Ручной извещатель,"1051-1.1.910.16.",ИПР ПК1025,5962
334340,Пожарная охрана,Датчик дыма,"1051-1.1.909.116.",Дым ПК987+6,5962
334309,Пожарная охрана,Датчик дыма,"1051-1.1.908.149.",Дым ПК981+5,5962
334284,Пожарная охрана,Датчик дыма,"1051-1.1.908.124.",Дым ПК963+6,5962
334267,Пожарная охрана,Датчик дыма,"1051-1.1.908.107.",Дым ПК952+7,5962
334244,Пожарная охрана,Датчик дыма,"1051-1.1.907.152.",Дым ПК945+9,5962
334223,Пожарная охрана,Датчик дыма,"1051-1.1.907.131.",Дым ПК928+9,5962
334206,Пожарная охрана,Датчик дыма,"1051-1.1.907.114.",Дым ПК915+7,5962
334189,Пожарная охрана,Ручной извещатель,"1051-1.1.907.17.",ИПР ПК936,5962
334723,Пожарная охрана,Датчик дыма,"1051-1.1.918.115.",Дым ПК1163+8,5962
334657,Пожарная охрана,Датчик дыма,"1051-1.1.916.126.",Дым ПК1128+2,5962
334607,Пожарная охрана,Датчик дыма,"1051-1.1.915.135.",Дым ПК1099+8,5962
334568,Пожарная охрана,Ручной извещатель,"1051-1.1.915.12.",ИПР ПК1090,5962
334497,Пожарная охрана,Датчик дыма,"1051-1.1.913.108.",Дым ПК1050 Г1 ПК13+6,5962
334436,Пожарная охрана,Ручной извещатель,"1051-1.1.912.13.",ИПР ПК1054,5962
334407,Пожарная охрана,Датчик дыма,"1051-1.1.911.104.",Дым ПК1026+7,5962
334379,Пожарная охрана,Датчик дыма,"1051-1.1.910.122.",Дым ПК1014+8,5962
334356,Пожарная охрана,Ручной извещатель,"1051-1.1.910.15.",ИПР ПК1020,5962
334341,Пожарная охрана,Датчик дыма,"1051-1.1.909.117.",Дым ПК986+8,5962
334307,Пожарная охрана,Датчик дыма,"1051-1.1.908.147.",Дым ПК980+8,5962
334285,Пожарная охрана,Датчик дыма,"1051-1.1.908.125.",Дым ПК963+5,5962
334266,Пожарная охрана,Датчик дыма,"1051-1.1.908.106.",Дым ПК951+4,5962
334243,Пожарная охрана,Датчик дыма,"1051-1.1.907.151.",Дым ПК945+8,5962
334222,Пожарная охрана,Датчик дыма,"1051-1.1.907.130.",Дым ПК928+1,5962
334205,Пожарная охрана,Датчик дыма,"1051-1.1.907.113.",Дым ПК914+9,5962
334188,Пожарная охрана,Ручной извещатель,"1051-1.1.907.16.",ИПР ПК931,5962
333957,Пожарная охрана,Датчик дыма,"1051-1.1.902.109.",Дым ПК907+8,5962
333969,Пожарная охрана,Датчик дыма,"1051-1.1.902.121.",Дым ПК906+5,5962
333986,Пожарная охрана,Датчик дыма,"1051-1.1.902.138.",Дым ПК893+6,5962
334722,Пожарная охрана,Датчик дыма,"1051-1.1.918.114.",Дым ПК1162+9,5962
334656,Пожарная охрана,Датчик дыма,"1051-1.1.916.125.",Дым ПК1127+5,5962
334606,Пожарная охрана,Датчик дыма,"1051-1.1.915.134.",Дым ПК1098+9,5962
334567,Пожарная охрана,Ручной извещатель,"1051-1.1.915.11.",ИПР ПК1089 щит.,5962
334498,Пожарная охрана,Датчик дыма,"1051-1.1.913.109.",Дым ПК1050 Г1 ПК12+6,5962
334435,Пожарная охрана,Ручной извещатель,"1051-1.1.912.12.",ИПР ПК1050,5962
334406,Пожарная охрана,Датчик дыма,"1051-1.1.911.103.",Дым ПК1025+8,5962
334378,Пожарная охрана,Датчик дыма,"1051-1.1.910.121.",Дым ПК1013+9,5962
334355,Пожарная охрана,Ручной извещатель,"1051-1.1.910.14.",ИПР ПК1016,5962
334342,Пожарная охрана,Датчик дыма,"1051-1.1.909.118.",Дым ПК985+8,5962
334306,Пожарная охрана,Датчик дыма,"1051-1.1.908.146.",Дым ПК979+8,5962
334287,Пожарная охрана,Датчик дыма,"1051-1.1.908.127.",Дым ПК963+4,5962
334265,Пожарная охрана,Датчик дыма,"1051-1.1.908.105.",Дым ПК950+7,5962
334242,Пожарная охрана,Датчик дыма,"1051-1.1.907.150.",Дым ПК945+3,5962
334221,Пожарная охрана,Датчик дыма,"1051-1.1.907.129.",Дым ПК927+2,5962
334204,Пожарная охрана,Датчик дыма,"1051-1.1.907.112.",Дым ПК914+8,5962
334187,Пожарная охрана,Ручной извещатель,"1051-1.1.907.15.",ИПР ПК927,5962
333952,Пожарная охрана,Датчик дыма,"1051-1.1.902.104.",Дым ПК907+6,5962
333971,Пожарная охрана,Датчик дыма,"1051-1.1.902.123.",Дым ПК906+4,5962
333987,Пожарная охрана,Датчик дыма,"1051-1.1.902.139.",Дым ПК892+9,5962
333944,Пожарная охрана,Ручной извещатель,"1051-1.1.902.12.",ИПР ПК895,5962
333928,Пожарная охрана,Датчик дыма,"1051-1.1.901.129.",Дым ПК880+6,5962
333915,Пожарная охрана,Датчик дыма,"1051-1.1.901.116.",Дым ПК868+9,5962
333903,Пожарная охрана,Датчик дыма,"1051-1.1.901.104.",Дым ПК864+4,5962
334721,Пожарная охрана,Датчик дыма,"1051-1.1.918.113.",Дым ПК1162+3,5962
334655,Пожарная охрана,Датчик дыма,"1051-1.1.916.124.",Дым ПК1126+8,5962
334605,Пожарная охрана,Датчик дыма,"1051-1.1.915.133.",Дым ПК1098,5962
334530,Пожарная охрана,Ручной извещатель,"1051-1.1.914.15.",ИПР ПК1086,5962
334499,Пожарная охрана,Датчик дыма,"1051-1.1.913.110.",Дым ПК1050 Г1 ПК11+9,5962
334434,Пожарная охрана,Ручной извещатель,"1051-1.1.912.11.",ИПР ПК1046,5962
334405,Пожарная охрана,Датчик дыма,"1051-1.1.911.102.",Дым ПК1025+7,5962
334377,Пожарная охрана,Датчик дыма,"1051-1.1.910.120.",Дым ПК1013+3,5962
334354,Пожарная охрана,Ручной извещатель,"1051-1.1.910.13.",ИПР ПК1011,5962
334343,Пожарная охрана,Датчик дыма,"1051-1.1.909.119.",Дым ПК985+2,5962
334305,Пожарная охрана,Датчик дыма,"1051-1.1.908.145.",Дым ПК978+9,5962
334286,Пожарная охрана,Датчик дыма,"1051-1.1.908.126.",Дым ПК963+3,5962
334264,Пожарная охрана,Датчик дыма,"1051-1.1.908.104.",Дым ПК949+6,5962
334241,Пожарная охрана,Датчик дыма,"1051-1.1.907.149.",Дым ПК944+4,5962
334220,Пожарная охрана,Датчик дыма,"1051-1.1.907.128.",Дым ПК926+2,5962
334203,Пожарная охрана,Датчик дыма,"1051-1.1.907.111.",Дым ПК914+4,5962
334186,Пожарная охрана,Ручной извещатель,"1051-1.1.907.14.",ИПР ПК922,5962
333954,Пожарная охрана,Датчик дыма,"1051-1.1.902.106.",Дым ПК907+6,5962
333970,Пожарная охрана,Датчик дыма,"1051-1.1.902.122.",Дым ПК906+4,5962
333988,Пожарная охрана,Датчик дыма,"1051-1.1.902.140.",Дым ПК892+1,5962
333943,Пожарная охрана,Ручной извещатель,"1051-1.1.902.11.",ИПР ПК890,5962
334720,Пожарная охрана,Датчик дыма,"1051-1.1.918.112.",Дым ПК1161+5,5962
334654,Пожарная охрана,Датчик дыма,"1051-1.1.916.123.",Дым ПК1125+9,5962
334604,Пожарная охрана,Датчик дыма,"1051-1.1.915.132.",Дым ПК1097+1,5962
334529,Пожарная охрана,Ручной извещатель,"1051-1.1.914.14.",ИПР ПК1081,5962
334500,Пожарная охрана,Датчик дыма,"1051-1.1.913.111.",Дым ПК1050 Г1 ПК10+1,5962
334431,Пожарная охрана,Датчик дыма,"1051-1.1.911.128.",Дым ПК1045+2,5962
334404,Пожарная охрана,Датчик дыма,"1051-1.1.911.101.",Дым ПК1025+7,5962
334376,Пожарная охрана,Датчик дыма,"1051-1.1.910.119.",Дым ПК1012+8,5962
334353,Пожарная охрана,Ручной извещатель,"1051-1.1.910.12.",ИПР ПК1007,5962
334344,Пожарная охрана,Датчик дыма,"1051-1.1.909.120.",Дым ПК985+2,5962
334304,Пожарная охрана,Датчик дыма,"1051-1.1.908.144.",Дым ПК978,5962
334283,Пожарная охрана,Датчик дыма,"1051-1.1.908.123.",Дым ПК962+7,5962
334263,Пожарная охрана,Датчик дыма,"1051-1.1.908.103.",Дым ПК948+7,5962
334240,Пожарная охрана,Датчик дыма,"1051-1.1.907.148.",Дым ПК943+6,5962
334219,Пожарная охрана,Датчик дыма,"1051-1.1.907.127.",Дым ПК925+4,5962
334202,Пожарная охрана,Датчик дыма,"1051-1.1.907.110.",Дым ПК913+6,5962
334185,Пожарная охрана,Ручной извещатель,"1051-1.1.907.13.",ИПР ПК918,5962
333953,Пожарная охрана,Датчик дыма,"1051-1.1.902.105.",Дым ПК907+6,5962
333972,Пожарная охрана,Датчик дыма,"1051-1.1.902.124.",Дым ПК906,5962
333989,Пожарная охрана,Датчик дыма,"1051-1.1.902.141.",Дым ПК891+3,5962
333938,Пожарная охрана,Датчик дыма,"1051-1.1.901.139.",Дым ПК885+9,5962
333927,Пожарная охрана,Датчик дыма,"1051-1.1.901.128.",Дым ПК879+9,5962
333912,Пожарная охрана,Датчик дыма,"1051-1.1.901.113.",Дым ПК868,5962
333902,Пожарная охрана,Датчик дыма,"1051-1.1.901.103.",Дым ПК864+3,5962
334719,Пожарная охрана,Датчик дыма,"1051-1.1.918.111.",Дым ПК1160+5,5962
334653,Пожарная охрана,Датчик дыма,"1051-1.1.916.122.",Дым ПК1124+9,5962
334603,Пожарная охрана,Датчик дыма,"1051-1.1.915.131.",Дым ПК1096+2,5962
334528,Пожарная охрана,Ручной извещатель,"1051-1.1.914.13.",ИПР ПК1077,5962
334510,Пожарная охрана,Датчик дыма,"1051-1.1.913.121.",Дым ПК1050 Г1 ПК1+9,5962
334430,Пожарная охрана,Датчик дыма,"1051-1.1.911.127.",Дым ПК1045+1,5962
334403,Пожарная охрана,Ручной извещатель,"1051-1.1.911.15.",ИПР ПК1044,5962
334375,Пожарная охрана,Датчик дыма,"1051-1.1.910.118.",Дым ПК1011+9,5962
334352,Пожарная охрана,Ручной извещатель,"1051-1.1.910.11.",ИПР ПК1002,5962
334345,Пожарная охрана,Датчик дыма,"1051-1.1.909.121.",Дым ПК984+8,5962
334303,Пожарная охрана,Датчик дыма,"1051-1.1.908.143.",Дым ПК977+1,5962
334282,Пожарная охрана,Датчик дыма,"1051-1.1.908.122.",Дым ПК961+8,5962
334316,Пожарная охрана,Датчик дыма,"1051-1.1.908.156.",Дым ПК947+8,5962
334239,Пожарная охрана,Датчик дыма,"1051-1.1.907.147.",Дым ПК942+7,5962
334218,Пожарная охрана,Датчик дыма,"1051-1.1.907.126.",Дым ПК924+6,5962
334201,Пожарная охрана,Датчик дыма,"1051-1.1.907.109.",Дым ПК912+7,5962
334184,Пожарная охрана,Ручной извещатель,"1051-1.1.907.12.",ИПР ПК913,5962
333973,Пожарная охрана,Датчик дыма,"1051-1.1.902.125.",Дым ПК905+1,5962
333955,Пожарная охрана,Датчик дыма,"1051-1.1.902.107.",Дым ПК907+6,5962
333990,Пожарная охрана,Датчик дыма,"1051-1.1.902.142.",Дым ПК890+4,5962
333937,Пожарная охрана,Датчик дыма,"1051-1.1.901.138.",Дым ПК885+7,5962
333926,Пожарная охрана,Датчик дыма,"1051-1.1.901.127.",Дым ПК878+8,5962
333913,Пожарная охрана,Датчик дыма,"1051-1.1.901.114.",Дым ПК868,5962
333901,Пожарная охрана,Датчик дыма,"1051-1.1.901.102.",Дым ПК864+2,5962
334718,Пожарная охрана,Датчик дыма,"1051-1.1.918.110.",Дым ПК1159+6,5962
334717,Пожарная охрана,Датчик дыма,"1051-1.1.918.109.",Дым ПК1158+6,5962
334652,Пожарная охрана,Датчик дыма,"1051-1.1.916.121.",Дым ПК1124+1,5962
334602,Пожарная охрана,Датчик дыма,"1051-1.1.915.130.",Дым ПК1095+3,5962
334527,Пожарная охрана,Ручной извещатель,"1051-1.1.914.12.",ИПР ПК1072,5962
334511,Пожарная охрана,Датчик дыма,"1051-1.1.913.122.",Дым ПК1050 Г1 ПК1,5962
334429,Пожарная охрана,Датчик дыма,"1051-1.1.911.126.",Дым ПК1044+4,5962
334402,Пожарная охрана,Ручной извещатель,"1051-1.1.911.14.",ИПР ПК1040,5962
334374,Пожарная охрана,Датчик дыма,"1051-1.1.910.117.",Дым ПК1011+2,5962
334348,Пожарная охрана,Датчик дыма,"1051-1.1.909.124.",Дым ПК1001,5962
334716,Пожарная охрана,Датчик дыма,"1051-1.1.918.108.",Дым ПК1157+8,5962
334651,Пожарная охрана,Датчик дыма,"1051-1.1.916.120.",Дым ПК1123+2,5962
334601,Пожарная охрана,Датчик дыма,"1051-1.1.915.129.",Дым ПК1094+4,5962
334526,Пожарная охрана,Ручной извещатель,"1051-1.1.914.11.",ИПР ПК1067,5962
334512,Пожарная охрана,Датчик дыма,"1051-1.1.913.123.",Дым ПК1050 Г1 ПК0+6,5962
334428,Пожарная охрана,Датчик дыма,"1051-1.1.911.125.",Дым ПК1043+7,5962
334715,Пожарная охрана,Датчик дыма,"1051-1.1.918.107.",Дым ПК1156+9,5962
334650,Пожарная охрана,Датчик дыма,"1051-1.1.916.119.",Дым ПК1122+3,5962
334621,Пожарная охрана,Датчик дыма,"1051-1.1.915.149.",Дым ПК1094,5962
334501,Пожарная охрана,Датчик дыма,"1051-1.1.913.112.",Дым ПК1050 Г1 ПК9+2,5962
334522,Пожарная охрана,Датчик дыма,"1051-1.1.913.133.",Дым ПК1050 Г1 ПК0+1,5962
334427,Пожарная охрана,Датчик дыма,"1051-1.1.911.124.",Дым ПК1042+7,5962
334714,Пожарная охрана,Датчик дыма,"1051-1.1.918.106.",Дым ПК1156+1,5962
334649,Пожарная охрана,Датчик дыма,"1051-1.1.916.118.",Дым ПК1121+4,5962
334600,Пожарная охрана,Датчик дыма,"1051-1.1.915.128.",Дым ПК1093+7,5962
334502,Пожарная охрана,Датчик дыма,"1051-1.1.913.113.",Дым ПК1050 Г1 ПК8+6,5962
334486,Пожарная охрана,Ручной извещатель,"1051-1.1.913.13.",ИПР ПК1050 Г1 ПК8,5962
334426,Пожарная охрана,Датчик дыма,"1051-1.1.911.123.",Дым ПК1041+8,5962
334401,Пожарная охрана,Ручной извещатель,"1051-1.1.911.13.",ИПР ПК1035,5962
334373,Пожарная охрана,Датчик дыма,"1051-1.1.910.116.",Дым ПК1010+4,5962
334325,Пожарная охрана,Датчик дыма,"1051-1.1.909.101.",Дым ПК1000,5962
334346,Пожарная охрана,Датчик дыма,"1051-1.1.909.122.",Дым ПК984+7,5962
334302,Пожарная охрана,Датчик дыма,"1051-1.1.908.142.",Дым ПК976+1,5962
334280,Пожарная охрана,Датчик дыма,"1051-1.1.908.120.",Дым ПК961+5,5962
334262,Пожарная охрана,Датчик дыма,"1051-1.1.908.102.",Дым ПК947+7,5962
334238,Пожарная охрана,Датчик дыма,"1051-1.1.907.146.",Дым ПК941+6,5962
334217,Пожарная охрана,Датчик дыма,"1051-1.1.907.125.",Дым ПК923+7,5962
334200,Пожарная охрана,Датчик дыма,"1051-1.1.907.108.",Дым ПК911+8,5962
334183,Пожарная охрана,Ручной извещатель,"1051-1.1.907.11.",ИПР ПК909,5962
333949,Пожарная охрана,Датчик дыма,"1051-1.1.902.101.",Дым ПК907+4,5962
333974,Пожарная охрана,Датчик дыма,"1051-1.1.902.126.",Дым ПК904+2,5962
333991,Пожарная охрана,Датчик дыма,"1051-1.1.902.143.",Дым ПК889+5,5962
334713,Пожарная охрана,Датчик дыма,"1051-1.1.918.105.",Дым ПК1155+1,5962
334648,Пожарная охрана,Датчик дыма,"1051-1.1.916.117.",Дым ПК1120+5,5962
334712,Пожарная охрана,Датчик дыма,"1051-1.1.918.104.",Дым ПК1154+2,5962
334647,Пожарная охрана,Датчик дыма,"1051-1.1.916.116.",Дым ПК1119+8,5962
334503,Пожарная охрана,Датчик дыма,"1051-1.1.913.114.",Дым ПК1050 Г1 ПК7+8,5962
334485,Пожарная охрана,Ручной извещатель,"1051-1.1.913.12.",ИПР ПК1050 Г1 ПК4,5962
334425,Пожарная охрана,Датчик дыма,"1051-1.1.911.122.",Дым ПК1040+9,5962
334400,Пожарная охрана,Ручной извещатель,"1051-1.1.911.12.",ИПР ПК1031,5962
334372,Пожарная охрана,Датчик дыма,"1051-1.1.910.115.",Дым ПК1009+6,5962
334709,Пожарная охрана,Датчик дыма,"1051-1.1.918.101.",Дым ПК1153 ур.3,5962
334646,Пожарная охрана,Датчик дыма,"1051-1.1.916.115.",Дым ПК1118+7,5962
334742,Пожарная охрана,Датчик дыма,"1051-1.1.918.134.",Дым ПК1153 ур.3,5962
334645,Пожарная охрана,Датчик дыма,"1051-1.1.916.114.",Дым ПК1117+9,5962
334504,Пожарная охрана,Датчик дыма,"1051-1.1.913.115.",Дым ПК1050 Г1 ПК7+1,5962
334710,Пожарная охрана,Датчик дыма,"1051-1.1.918.102.",Дым ПК1153 ур.2,5962
334644,Пожарная охрана,Датчик дыма,"1051-1.1.916.113.",Дым ПК1116+9,5962
334505,Пожарная охрана,Датчик дыма,"1051-1.1.913.116.",Дым ПК1050 Г1 ПК5+7,5962
334711,Пожарная охрана,Датчик дыма,"1051-1.1.918.103.",Дым ПК1153 ур.1,5962
334643,Пожарная охрана,Датчик дыма,"1051-1.1.916.112.",Дым ПК1116,5962
334708,Пожарная охрана,Ручной извещатель,"1051-1.1.918.15.",ИПР ПК1172,5962
334642,Пожарная охрана,Датчик дыма,"1051-1.1.916.111.",Дым ПК1115+3,5962
334506,Пожарная охрана,Датчик дыма,"1051-1.1.913.117.",Дым ПК1050 Г1 ПК4+9,5962
334707,Пожарная охрана,Ручной извещатель,"1051-1.1.918.14.",ИПР ПК1171,5962
334641,Пожарная охрана,Датчик дыма,"1051-1.1.916.110.",Дым ПК1114+2,5962
334507,Пожарная охрана,Датчик дыма,"1051-1.1.913.118.",Дым ПК1050 Г1 ПК4+3,5962
334489,Пожарная охрана,Ручной извещатель,"1051-1.1.913.16.",ИПР ПК1050 Г1 ПК22,5962
334424,Пожарная охрана,Датчик дыма,"1051-1.1.911.121.",Дым ПК1040+1,5962
334399,Пожарная охрана,Ручной извещатель,"1051-1.1.911.11.",ИПР ПК1025,5962
334706,Пожарная охрана,Ручной извещатель,"1051-1.1.918.13.",ИПР ПК1166,5962
334705,Пожарная охрана,Ручной извещатель,"1051-1.1.918.12.",ИПР ПК1162,5962
334640,Пожарная охрана,Датчик дыма,"1051-1.1.916.109.",Дым ПК1113+1,5962
334704,Пожарная охрана,Ручной извещатель,"1051-1.1.918.11.",ИПР ПК1157,5962
334697,Пожарная охрана,Датчик дыма,"1051-1.1.917.121.",Дым ПК1153 ур.3,5962
334639,Пожарная охрана,Датчик дыма,"1051-1.1.916.108.",Дым ПК1112+4,5962
334508,Пожарная охрана,Датчик дыма,"1051-1.1.913.119.",Дым ПК1050 Г1 ПК3+8,5962
334488,Пожарная охрана,Ручной извещатель,"1051-1.1.913.15.",ИПР ПК1050 Г1 ПК18,5962
334423,Пожарная охрана,Датчик дыма,"1051-1.1.911.120.",Дым ПК1039+3,5962
334394,Пожарная охрана,Датчик дыма,"1051-1.1.910.137.",Дым ПК1025+3,5962
334371,Пожарная охрана,Датчик дыма,"1051-1.1.910.114.",Дым ПК1008+8,5962
334326,Пожарная охрана,Датчик дыма,"1051-1.1.909.102.",Дым ПК999+3,5962
334347,Пожарная охрана,Датчик дыма,"1051-1.1.909.123.",Дым ПК984+4,5962
334301,Пожарная охрана,Датчик дыма,"1051-1.1.908.141.",Дым ПК975+2,5962
334281,Пожарная охрана,Датчик дыма,"1051-1.1.908.121.",Дым ПК961+5,5962
334261,Пожарная охрана,Датчик дыма,"1051-1.1.908.101.",Дым ПК947+1,5962
334237,Пожарная охрана,Датчик дыма,"1051-1.1.907.145.",Дым ПК940+6,5962
334698,Пожарная охрана,Датчик дыма,"1051-1.1.917.122.",Дым ПК1153 ур.2,5962
334638,Пожарная охрана,Датчик дыма,"1051-1.1.916.107.",Дым ПК1112,5962
334699,Пожарная охрана,Датчик дыма,"1051-1.1.917.123.",Дым ПК1153 ур.1,5962
334636,Пожарная охрана,Датчик дыма,"1051-1.1.916.105.",Дым ПК1111+6,5962
334700,Пожарная охрана,Датчик дыма,"1051-1.1.917.124.",Дым ПК1153 ур.1,5962
334750,Пожарная охрана,Ручной извещатель,"1051-1.1.919.16.",ИПР ПК1195,5962
334696,Пожарная охрана,Датчик дыма,"1051-1.1.917.120.",Дым ПК1152+7,5962
334637,Пожарная охрана,Датчик дыма,"1051-1.1.916.106.",Дым ПК1111+6,5962
334521,Пожарная охрана,Датчик дыма,"1051-1.1.913.132.",Дым ПК1050 Г1 ПК26+7,5962
334487,Пожарная охрана,Ручной извещатель,"1051-1.1.913.14.",ИПР ПК1050 Г1 ПК13,5962
334749,Пожарная охрана,Ручной извещатель,"1051-1.1.919.15.",ИПР ПК1194,5962
334695,Пожарная охрана,Датчик дыма,"1051-1.1.917.119.",Дым ПК1151+7,5962
334635,Пожарная охрана,Датчик дыма,"1051-1.1.916.104.",Дым ПК1111+1,5962
334748,Пожарная охрана,Ручной извещатель,"1051-1.1.919.14.",ИПР ПК1190,5962
334747,Пожарная охрана,Ручной извещатель,"1051-1.1.919.13.",ИПР ПК1185,5962
334694,Пожарная охрана,Датчик дыма,"1051-1.1.917.118.",Дым ПК1150+9,5962
334746,Пожарная охрана,Ручной извещатель,"1051-1.1.919.12.",ИПР ПК1181,5962
334693,Пожарная охрана,Датчик дыма,"1051-1.1.917.117.",Дым ПК1150+2,5962
334633,Пожарная охрана,Датчик дыма,"1051-1.1.916.102.",Дым ПК1111,5962
334520,Пожарная охрана,Датчик дыма,"1051-1.1.913.131.",Дым ПК1050 Г1 ПК26+2,5962
334484,Пожарная охрана,Ручной извещатель,"1051-1.1.913.11.",ИПР ПК1050 Г1 ПК0,5962
334422,Пожарная охрана,Датчик дыма,"1051-1.1.911.119.",Дым ПК1038+4,5962
334393,Пожарная охрана,Датчик дыма,"1051-1.1.910.136.",Дым ПК1024+8,5962
334368,Пожарная охрана,Датчик дыма,"1051-1.1.910.111.",Дым ПК1008,5962
334327,Пожарная охрана,Датчик дыма,"1051-1.1.909.103.",Дым ПК998+7,5962
334324,Пожарная охрана,Ручной извещатель,"1051-1.1.909.14.",ИПР ПК998,5962
334300,Пожарная охрана,Датчик дыма,"1051-1.1.908.140.",Дым ПК974+4,5962
334279,Пожарная охрана,Датчик дыма,"1051-1.1.908.119.",Дым ПК960+9,5962
334260,Пожарная охрана,Ручной извещатель,"1051-1.1.908.18.",ИПР ПК981,5962
334236,Пожарная охрана,Датчик дыма,"1051-1.1.907.144.",Дым ПК939+8,5962
334235,Пожарная охрана,Датчик дыма,"1051-1.1.907.143.",Дым ПК922+9,5962
334199,Пожарная охрана,Датчик дыма,"1051-1.1.907.107.",Дым ПК910+7,5962
334025,Пожарная охрана,Датчик дыма,"1051-1.1.903.123.",Дым ПК908+9,5962
333951,Пожарная охрана,Датчик дыма,"1051-1.1.902.103.",Дым ПК907+4,5962
333975,Пожарная охрана,Датчик дыма,"1051-1.1.902.127.",Дым ПК903+3,5962
333992,Пожарная охрана,Датчик дыма,"1051-1.1.902.144.",Дым ПК888+6,5962
333940,Пожарная охрана,Датчик дыма,"1051-1.1.901.141.",Дым ПК885+5,5962
333925,Пожарная охрана,Датчик дыма,"1051-1.1.901.126.",Дым ПК877+9,5962
333911,Пожарная охрана,Датчик дыма,"1051-1.1.901.112.",Дым ПК868,5962
333900,Пожарная охрана,Датчик дыма,"1051-1.1.901.101.",Дым ПК864+1,5962
334745,Пожарная охрана,Ручной извещатель,"1051-1.1.919.11.",ИПР ПК1176,5962
334692,Пожарная охрана,Датчик дыма,"1051-1.1.917.116.",Дым ПК1149+9,5962
334634,Пожарная охрана,Датчик дыма,"1051-1.1.916.103.",Дым ПК1111,5962
334519,Пожарная охрана,Датчик дыма,"1051-1.1.913.130.",Дым ПК1050 Г1 ПК25+7,5962
334421,Пожарная охрана,Датчик дыма,"1051-1.1.911.118.",Дым ПК1037+8,5962
334392,Пожарная охрана,Датчик дыма,"1051-1.1.910.135.",Дым ПК1024+3,5962
334369,Пожарная охрана,Датчик дыма,"1051-1.1.910.112.",Дым ПК1008,5962
334328,Пожарная охрана,Датчик дыма,"1051-1.1.909.104.",Дым ПК998,5962
334323,Пожарная охрана,Ручной извещатель,"1051-1.1.909.13.",ИПР ПК995+4,5962
334299,Пожарная охрана,Датчик дыма,"1051-1.1.908.139.",Дым ПК973+9,5962
334277,Пожарная охрана,Датчик дыма,"1051-1.1.908.117.",Дым ПК960+9,5962
334259,Пожарная охрана,Ручной извещатель,"1051-1.1.908.17.",ИПР ПК976,5962
334234,Пожарная охрана,Датчик дыма,"1051-1.1.907.142.",Дым ПК937+9,5962
334216,Пожарная охрана,Датчик дыма,"1051-1.1.907.124.",Дым ПК922+8,5962
334198,Пожарная охрана,Датчик дыма,"1051-1.1.907.106.",Дым ПК909+9,5962
334012,Пожарная охрана,Датчик дыма,"1051-1.1.903.110.",Дым ПК908+8,5962
333950,Пожарная охрана,Датчик дыма,"1051-1.1.902.102.",Дым ПК907+4,5962
333976,Пожарная охрана,Датчик дыма,"1051-1.1.902.128.",Дым ПК902+4,5962
333995,Пожарная охрана,Датчик дыма,"1051-1.1.902.147.",Дым ПК887+8,5962
333936,Пожарная охрана,Датчик дыма,"1051-1.1.901.137.",Дым ПК885+5,5962
333924,Пожарная охрана,Датчик дыма,"1051-1.1.901.125.",Дым ПК877+1,5962
333914,Пожарная охрана,Датчик дыма,"1051-1.1.901.115.",Дым ПК868,5962
334781,Пожарная охрана,Датчик дыма,"1051-1.1.919.131.",Дым ПК1195 ур.2,5962
334691,Пожарная охрана,Датчик дыма,"1051-1.1.917.115.",Дым ПК1149+7,5962
334632,Пожарная охрана,Датчик дыма,"1051-1.1.916.101.",Дым ПК1110+9,5962
334518,Пожарная охрана,Датчик дыма,"1051-1.1.913.129.",Дым ПК1050 Г1 ПК24+7,5962
334420,Пожарная охрана,Датчик дыма,"1051-1.1.911.117.",Дым ПК1036+9,5962
334370,Пожарная охрана,Датчик дыма,"1051-1.1.910.113.",Дым ПК1008,5962
334329,Пожарная охрана,Датчик дыма,"1051-1.1.909.105.",Дым ПК997+3,5962
334322,Пожарная охрана,Ручной извещатель,"1051-1.1.909.12.",ИПР ПК989,5962
334298,Пожарная охрана,Датчик дыма,"1051-1.1.908.138.",Дым ПК973+1,5962
334278,Пожарная охрана,Датчик дыма,"1051-1.1.908.118.",Дым ПК960+9,5962
334258,Пожарная охрана,Ручной извещатель,"1051-1.1.908.16.",ИПР ПК972,5962
334233,Пожарная охрана,Датчик дыма,"1051-1.1.907.141.",Дым ПК937,5962
334215,Пожарная охрана,Датчик дыма,"1051-1.1.907.123.",Дым ПК922+1,5962
334197,Пожарная охрана,Датчик дыма,"1051-1.1.907.105.",Дым ПК909+9,5962
334024,Пожарная охрана,Датчик дыма,"1051-1.1.903.122.",Дым ПК908+8,5962
333960,Пожарная охрана,Датчик дыма,"1051-1.1.902.112.",Дым ПК907,5962
333977,Пожарная охрана,Датчик дыма,"1051-1.1.902.129.",Дым ПК901+5,5962
333993,Пожарная охрана,Датчик дыма,"1051-1.1.902.145.",Дым ПК887+7,5962
333939,Пожарная охрана,Датчик дыма,"1051-1.1.901.140.",Дым ПК885+5,5962
333923,Пожарная охрана,Датчик дыма,"1051-1.1.901.124.",Дым ПК876+1,5962
333910,Пожарная охрана,Датчик дыма,"1051-1.1.901.111.",Дым ПК867+9,5962
334777,Пожарная охрана,Датчик дыма,"1051-1.1.919.127.",Дым ПК1195 ур.1,5962
334778,Пожарная охрана,Датчик дыма,"1051-1.1.919.128.",Дым ПК1195 ур.1,5962
334690,Пожарная охрана,Датчик дыма,"1051-1.1.917.114.",Дым ПК1149+4,5962
334779,Пожарная охрана,Датчик дыма,"1051-1.1.919.129.",Дым ПК1195 ур.2,5962
334780,Пожарная охрана,Датчик дыма,"1051-1.1.919.130.",Дым ПК1195 ур.2,5962
334689,Пожарная охрана,Датчик дыма,"1051-1.1.917.113.",Дым ПК1148+8,5962
334670,Пожарная охрана,Датчик дыма,"1051-1.1.916.139.",Дым ПК1110,5962
334517,Пожарная охрана,Датчик дыма,"1051-1.1.913.128.",Дым ПК1050 Г1 ПК23+8,5962
334419,Пожарная охрана,Датчик дыма,"1051-1.1.911.116.",Дым ПК1036,5962
334391,Пожарная охрана,Датчик дыма,"1051-1.1.910.134.",Дым ПК1023+6,5962
334367,Пожарная охрана,Датчик дыма,"1051-1.1.910.110.",Дым ПК1007,5962
334330,Пожарная охрана,Датчик дыма,"1051-1.1.909.106.",Дым ПК996+5,5962
334321,Пожарная охрана,Ручной извещатель,"1051-1.1.909.11.",ИПР ПК984+5,5962
334297,Пожарная охрана,Датчик дыма,"1051-1.1.908.137.",Дым ПК972+1,5962
334276,Пожарная охрана,Датчик дыма,"1051-1.1.908.116.",Дым ПК960+1,5962
334257,Пожарная охрана,Ручной извещатель,"1051-1.1.908.15.",ИПР ПК968,5962
334232,Пожарная охрана,Датчик дыма,"1051-1.1.907.140.",Дым ПК936+5,5962
334214,Пожарная охрана,Датчик дыма,"1051-1.1.907.122.",Дым ПК921+7,5962
334249,Пожарная охрана,Датчик дыма,"1051-1.1.907.157.",Дым ПК909+9,5962
334013,Пожарная охрана,Датчик дыма,"1051-1.1.903.111.",Дым ПК908+6,5962
333961,Пожарная охрана,Датчик дыма,"1051-1.1.902.113.",Дым ПК907,5962
333978,Пожарная охрана,Датчик дыма,"1051-1.1.902.130.",Дым ПК900+6,5962
333996,Пожарная охрана,Датчик дыма,"1051-1.1.902.148.",Дым ПК887+4,5962
333935,Пожарная охрана,Датчик дыма,"1051-1.1.901.136.",Дым ПК885+4,5962
333922,Пожарная охрана,Датчик дыма,"1051-1.1.901.123.",Дым ПК875+2,5962
333906,Пожарная охрана,Датчик дыма,"1051-1.1.901.107.",Дым ПК867+3,5962
333897,Пожарная охрана,Ручной извещатель,"1051-1.1.901.14.",ИПР ПК877,5962
334593,Пожарная охрана,Датчик дыма,"1051-1.1.915.121.",Дым ПК1088+2,5962
334763,Пожарная охрана,Датчик дыма,"1051-1.1.919.113.",Дым ПК1184+1,5962
334738,Пожарная охрана,Датчик дыма,"1051-1.1.918.130.",Дым ПК1172,5962
334594,Пожарная охрана,Датчик дыма,"1051-1.1.915.122.",Дым ПК1087+9,5962
334592,Пожарная охрана,Датчик дыма,"1051-1.1.915.120.",Дым ПК1088+6,5962
334591,Пожарная охрана,Датчик дыма,"1051-1.1.915.119.",Дым ПК1088+6,5962
334588,Пожарная охрана,Датчик дыма,"1051-1.1.915.116.",Дым ПК1089,5962
334589,Пожарная охрана,Датчик дыма,"1051-1.1.915.117.",Дым ПК1089,5962
334590,Пожарная охрана,Датчик дыма,"1051-1.1.915.118.",Дым ПК1089,5962
334585,Пожарная охрана,Датчик дыма,"1051-1.1.915.113.",Дым ПК1089+4,5962
334586,Пожарная охрана,Датчик дыма,"1051-1.1.915.114.",Дым ПК1089+4,5962
334584,Пожарная охрана,Датчик дыма,"1051-1.1.915.112.",Дым ПК1090,5962
334583,Пожарная охрана,Датчик дыма,"1051-1.1.915.111.",Дым ПК1090+4,5962
334582,Пожарная охрана,Датчик дыма,"1051-1.1.915.110.",Дым ПК1090+5,5962
334581,Пожарная охрана,Датчик дыма,"1051-1.1.915.109.",Дым ПК1090+9,5962
334580,Пожарная охрана,Датчик дыма,"1051-1.1.915.108.",Дым ПК1091 щит.,5962
334579,Пожарная охрана,Датчик дыма,"1051-1.1.915.107.",Дым ПК1091+9 щит.,5962
334598,Пожарная охрана,Датчик дыма,"1051-1.1.915.126.",Дым ПК1092,5962
334597,Пожарная охрана,Датчик дыма,"1051-1.1.915.125.",Дым ПК1092,5962
334578,Пожарная охрана,Датчик дыма,"1051-1.1.915.106.",Дым ПК1092,5962
334576,Пожарная охрана,Датчик дыма,"1051-1.1.915.104.",Дым ПК1092,5962
334575,Пожарная охрана,Датчик дыма,"1051-1.1.915.103.",Дым ПК1092,5962
334573,Пожарная охрана,Датчик дыма,"1051-1.1.915.101.",Дым ПК1092,5962
334577,Пожарная охрана,Датчик дыма,"1051-1.1.915.105.",Дым ПК1092,5962
334595,Пожарная охрана,Датчик дыма,"1051-1.1.915.123.",Дым ПК1092,5962
334574,Пожарная охрана,Датчик дыма,"1051-1.1.915.102.",Дым ПК1092,5962
334596,Пожарная охрана,Датчик дыма,"1051-1.1.915.124.",Дым ПК1092,5962
334599,Пожарная охрана,Датчик дыма,"1051-1.1.915.127.",Дым ПК1092+9,5962
334564,Пожарная охрана,Датчик дыма,"1051-1.1.914.134.",Дым ПК1065+5,5962
334561,Пожарная охрана,Датчик дыма,"1051-1.1.914.131.",Дым ПК1066,5962
334560,Пожарная охрана,Датчик дыма,"1051-1.1.914.130.",Дым ПК1066+5,5962
334559,Пожарная охрана,Датчик дыма,"1051-1.1.914.129.",Дым ПК1066+8,5962
334558,Пожарная охрана,Датчик дыма,"1051-1.1.914.128.",Дым ПК1067+1,5962
334557,Пожарная охрана,Датчик дыма,"1051-1.1.914.127.",Дым ПК1067+6,5962
334556,Пожарная охрана,Датчик дыма,"1051-1.1.914.126.",Дым ПК1068+5,5962
334555,Пожарная охрана,Датчик дыма,"1051-1.1.914.125.",Дым ПК1069+4,5962
334554,Пожарная охрана,Датчик дыма,"1051-1.1.914.124.",Дым ПК1070+3,5962
334553,Пожарная охрана,Датчик дыма,"1051-1.1.914.123.",Дым ПК1071+2,5962
334552,Пожарная охрана,Датчик дыма,"1051-1.1.914.122.",Дым ПК1072+1,5962
334551,Пожарная охрана,Датчик дыма,"1051-1.1.914.121.",Дым ПК1073,5962
334550,Пожарная охрана,Датчик дыма,"1051-1.1.914.120.",Дым ПК1073+9,5962
334549,Пожарная охрана,Датчик дыма,"1051-1.1.914.119.",Дым ПК1074+8,5962
334548,Пожарная охрана,Датчик дыма,"1051-1.1.914.118.",Дым ПК1075+5,5962
334547,Пожарная охрана,Датчик дыма,"1051-1.1.914.117.",Дым ПК1076,5962
334531,Пожарная охрана,Датчик дыма,"1051-1.1.914.101.",Дым ПК1076+5,5962
334532,Пожарная охрана,Датчик дыма,"1051-1.1.914.102.",Дым ПК1077+2,5962
334533,Пожарная охрана,Датчик дыма,"1051-1.1.914.103.",Дым ПК1078+1,5962
334534,Пожарная охрана,Датчик дыма,"1051-1.1.914.104.",Дым ПК1079,5962
334535,Пожарная охрана,Датчик дыма,"1051-1.1.914.105.",Дым ПК1079+8,5962
334536,Пожарная охрана,Датчик дыма,"1051-1.1.914.106.",Дым ПК1080+5,5962
334537,Пожарная охрана,Датчик дыма,"1051-1.1.914.107.",Дым ПК1081+2,5962
334538,Пожарная охрана,Датчик дыма,"1051-1.1.914.108.",Дым ПК1081+7,5962
334539,Пожарная охрана,Датчик дыма,"1051-1.1.914.109.",Дым ПК1082,5962
334540,Пожарная охрана,Датчик дыма,"1051-1.1.914.110.",Дым ПК1082+5,5962
334541,Пожарная охрана,Датчик дыма,"1051-1.1.914.111.",Дым ПК1083+4,5962
334542,Пожарная охрана,Датчик дыма,"1051-1.1.914.112.",Дым ПК1084+3,5962
334543,Пожарная охрана,Датчик дыма,"1051-1.1.914.113.",Дым ПК1085+2,5962
334544,Пожарная охрана,Датчик дыма,"1051-1.1.914.114.",Дым ПК1086+1,5962
334545,Пожарная охрана,Датчик дыма,"1051-1.1.914.115.",Дым ПК1086+5,5962
334546,Пожарная охрана,Датчик дыма,"1051-1.1.914.116.",Дым ПК1086+9,5962
334562,Пожарная охрана,Датчик дыма,"1051-1.1.914.132.",Дым ПК1087+4,5962
334563,Пожарная охрана,Датчик дыма,"1051-1.1.914.133.",Дым ПК1087+8,5962
334479,Пожарная охрана,Датчик дыма,"1051-1.1.912.141.",Дым ПК1046,5962
334477,Пожарная охрана,Датчик дыма,"1051-1.1.912.139.",Дым ПК1046,5962
334476,Пожарная охрана,Датчик дыма,"1051-1.1.912.138.",Дым ПК1046,5962
334478,Пожарная охрана,Датчик дыма,"1051-1.1.912.140.",Дым ПК1046,5962
334475,Пожарная охрана,Датчик дыма,"1051-1.1.912.137.",Дым ПК1046+2,5962
334474,Пожарная охрана,Датчик дыма,"1051-1.1.912.136.",Дым ПК1046+8,5962
334473,Пожарная охрана,Датчик дыма,"1051-1.1.912.135.",Дым ПК1047+7,5962
334472,Пожарная охрана,Датчик дыма,"1051-1.1.912.134.",Дым ПК1048+6,5962
334471,Пожарная охрана,Датчик дыма,"1051-1.1.912.133.",Дым ПК1049+1,5962
334470,Пожарная охрана,Датчик дыма,"1051-1.1.912.132.",Дым ПК1049+7,5962
334463,Пожарная охрана,Датчик дыма,"1051-1.1.912.125.",Дым ПК1050,5962
334469,Пожарная охрана,Датчик дыма,"1051-1.1.912.131.",Дым ПК1050,5962
334468,Пожарная охрана,Датчик дыма,"1051-1.1.912.130.",Дым ПК1050,5962
334462,Пожарная охрана,Датчик дыма,"1051-1.1.912.124.",Дым ПК1050,5962
334464,Пожарная охрана,Датчик дыма,"1051-1.1.912.126.",Дым ПК1050,5962
334466,Пожарная охрана,Датчик дыма,"1051-1.1.912.128.",Дым ПК1050,5962
334465,Пожарная охрана,Датчик дыма,"1051-1.1.912.127.",Дым ПК1050,5962
334467,Пожарная охрана,Датчик дыма,"1051-1.1.912.129.",Дым ПК1050,5962
334461,Пожарная охрана,Датчик дыма,"1051-1.1.912.123.",Дым ПК1050,5962
334460,Пожарная охрана,Датчик дыма,"1051-1.1.912.122.",Дым ПК1050,5962
334439,Пожарная охрана,Датчик дыма,"1051-1.1.912.101.",Дым ПК1050+7,5962
334440,Пожарная охрана,Датчик дыма,"1051-1.1.912.102.",Дым ПК1051,5962
334441,Пожарная охрана,Датчик дыма,"1051-1.1.912.103.",Дым ПК1051+8,5962
334442,Пожарная охрана,Датчик дыма,"1051-1.1.912.104.",Дым ПК1052+7,5962
334443,Пожарная охрана,Датчик дыма,"1051-1.1.912.105.",Дым ПК1053+6,5962
334444,Пожарная охрана,Датчик дыма,"1051-1.1.912.106.",Дым ПК1054+5,5962
334445,Пожарная охрана,Датчик дыма,"1051-1.1.912.107.",Дым ПК1055+4,5962
334446,Пожарная охрана,Датчик дыма,"1051-1.1.912.108.",Дым ПК1056+3,5962
334447,Пожарная охрана,Датчик дыма,"1051-1.1.912.109.",Дым ПК1057+2,5962
334448,Пожарная охрана,Датчик дыма,"1051-1.1.912.110.",Дым ПК1058+1,5962
334449,Пожарная охрана,Датчик дыма,"1051-1.1.912.111.",Дым ПК1058+9,5962
334450,Пожарная охрана,Датчик дыма,"1051-1.1.912.112.",Дым ПК1059+7,5962
334451,Пожарная охрана,Датчик дыма,"1051-1.1.912.113.",Дым ПК1060+5,5962
334452,Пожарная охрана,Датчик дыма,"1051-1.1.912.114.",Дым ПК1061+3,5962
334453,Пожарная охрана,Датчик дыма,"1051-1.1.912.115.",Дым ПК1062+1,5962
334454,Пожарная охрана,Датчик дыма,"1051-1.1.912.116.",Дым ПК1062+9,5962
334455,Пожарная охрана,Датчик дыма,"1051-1.1.912.117.",Дым ПК1063+4,5962
334456,Пожарная охрана,Датчик дыма,"1051-1.1.912.118.",Дым ПК1063+4,5962
334457,Пожарная охрана,Датчик дыма,"1051-1.1.912.119.",Дым ПК1063+9,5962
334458,Пожарная охрана,Датчик дыма,"1051-1.1.912.120.",Дым ПК1064+8,5962
334459,Пожарная охрана,Датчик дыма,"1051-1.1.912.121.",Дым ПК1065+7,5962
334480,Пожарная охрана,Датчик дыма,"1051-1.1.912.142.",Дым ПК1065+8,5962
334587,Пожарная охрана,Датчик дыма,"1051-1.1.915.115.",Дым ПК1089,5962
334395,Пожарная охрана,Датчик дыма,"1051-1.1.910.138.",Дым ПК1025+7,5962
333898,Пожарная охрана,Ручной извещатель,"1051-1.1.901.15.",ИПР ПК886,5962
333899,Пожарная охрана,Ручной извещатель,"1051-1.1.901.16.",ИПР ПК881,5962
333736,Диспетчерский контроль,Состояние фазы,"1051-1.1.379.1.",ОЗК приточн.щит. ПК1089 закр.,5963
333787,Диспетчерский контроль,Переключатель,"1051-1.1.377.7.",Управление В17 ПК1195,5963
333769,Диспетчерский контроль,Состояние вентилятора,"1051-1.1.373.3.",В16 ПК1172,5963
333755,Диспетчерский контроль,Переключатель,"1051-1.1.370.7.",Управление ОЗК В14 ПК1111,5963
333742,Диспетчерский контроль,Состояние насоса,"1051-1.1.367.1.",Н1 ПК1090,5963
333725,Диспетчерский контроль,Состояние фазы,"1051-1.1.365.3.",АВР вв.1 ф.3 до АВ ПК1089,5963
333713,Диспетчерский контроль,Состояние фазы,"1051-1.1.363.4.",ФАО2 ПК1089,5963
333695,Диспетчерский контроль,Переключатель,"1051-1.1.360.7.",Управление ФВ3 ПК1089,5963
333683,Диспетчерский контроль,Переключатель,"1051-1.1.358.7.",Управление ФАНС1 ПК1089,5963
333669,Диспетчерский контроль,Состояние фазы,"1051-1.1.356.2.",ФРО2 ПК1089,5963
333665,Диспетчерский контроль,Переключатель,"1051-1.1.355.7.",Управление ФТС1 ПК1089,5963
333647,Диспетчерский контроль,Состояние вентилятора,"1051-1.1.351.5.",В13 ПК1088,5963
333638,Диспетчерский контроль,Состояние фазы,"1051-1.1.350.1.",РО13 ПК1050,5963
333631,Диспетчерский контроль,Переключатель,"1051-1.1.348.7.",Управление В11 ПК1045,5963
333737,Диспетчерский контроль,Состояние фазы,"1051-1.1.379.3.",ОЗК Вщ ПК1089 закр.,5963
333782,Диспетчерский контроль,Состояние насоса,"1051-1.1.376.4.",Н2 ПК1195,5963
333768,Диспетчерский контроль,Состояние фазы,"1051-1.1.373.1.",РО19 ПК1172,5963
333738,Диспетчерский контроль,Переключатель,"1051-1.1.379.7.",Управление ОЗК приточн.щит. ПК1089,5963
333781,Диспетчерский контроль,Состояние насоса,"1051-1.1.376.1.",Н1 ПК1195,5963
333765,Диспетчерский контроль,Переключатель,"1051-1.1.372.7.",Управление В15 ПК1153,5963
333754,Диспетчерский контроль,Состояние фазы,"1051-1.1.370.1.",ОЗК В14 ПК1111 закр.,5963
333733,Диспетчерский контроль,Состояние фазы,"1051-1.1.366.5.",Межсекционный АВ ПК1089,5963
333724,Диспетчерский контроль,Состояние фазы,"1051-1.1.365.2.",АВР вв.1 ф.2 до АВ ПК1089,5963
333714,Диспетчерский контроль,Переключатель,"1051-1.1.363.7.",Управление ФАО2 ПК1089,5963
333696,Диспетчерский контроль,Переключатель,"1051-1.1.360.8.",Управление ФВ2 ПК1089,5963
333682,Диспетчерский контроль,Состояние вентилятора,"1051-1.1.358.4.",Вщ ПК1089,5963
333670,Диспетчерский контроль,Состояние фазы,"1051-1.1.356.4.",ФРО1 ПК1089,5963
333739,Диспетчерский контроль,Переключатель,"1051-1.1.379.8.",Управление ОЗК Вщ ПК1089,5963
333778,Диспетчерский контроль,Переключатель,"1051-1.1.375.7.",Управление ОЗК В17 ПК1195,5963
333764,Диспетчерский контроль,Состояние вентилятора,"1051-1.1.372.4.",В15 ПК1153,5963
333749,Диспетчерский контроль,Состояние фазы,"1051-1.1.369.1.",РО16 ПК1111,5963
333731,Диспетчерский контроль,Состояние фазы,"1051-1.1.366.3.",АВР вв.2 ф.3 до АВ ПК1089,5963
333723,Диспетчерский контроль,Состояние фазы,"1051-1.1.365.1.",АВР вв.1 ф.1 до АВ ПК1089,5963
333712,Диспетчерский контроль,Состояние фазы,"1051-1.1.363.2.",ППУ ввод Б ПК1089,5963
333700,Диспетчерский контроль,Состояние фазы,"1051-1.1.361.4.",ФВ1 ПК1089,5963
333687,Диспетчерский контроль,Состояние фазы,"1051-1.1.359.2.",ФТС3 ПК1089,5963
333684,Диспетчерский контроль,Переключатель,"1051-1.1.358.8.",Управление Вщ ПК1089,5963
333671,Диспетчерский контроль,Переключатель,"1051-1.1.356.7.",Управление ФРО2 ПК1089,5963
333660,Диспетчерский контроль,Состояние фазы,"1051-1.1.354.1.",РО15 ПК1088,5963
333646,Диспетчерский контроль,Состояние вентилятора,"1051-1.1.351.3.",В12 ПК1086,5963
333634,Диспетчерский контроль,Состояние фазы,"1051-1.1.349.1.",ОЗК В11 ПК1045 закр.,5963
333626,Диспетчерский контроль,Переключатель,"1051-1.1.347.7.",Управление ОЗК В10 ПК1025,5963
333622,Диспетчерский контроль,Переключатель,"1051-1.1.346.7.",Управление В10 ПК1025,5963
333612,Диспетчерский контроль,Состояние вентилятора,"1051-1.1.344.3.",В9 ПК1002,5963
333603,Диспетчерский контроль,Состояние вентилятора,"1051-1.1.342.2.",В8 ПК985,5963
333596,Диспетчерский контроль,Переключатель,"1051-1.1.340.7.",Управление В7 ПК981,5963
333588,Диспетчерский контроль,Переключатель,"1051-1.1.338.7.",Управление В6 ПК963,5963
333571,Диспетчерский контроль,Переключатель,"1051-1.1.334.7.",Управление ОЗК В4 ПК909,5963
333558,Диспетчерский контроль,Состояние вентилятора,"1051-1.1.331.2.",В5 ПК44 Г1 ПК15,5963
333549,Диспетчерский контроль,Состояние фазы,"1051-1.1.329.1.",РО3 ПК29,5963
331499,Газовая охрана,Газовый датчик,"1044-1.1.626.1.",ГАЗ Д26 ПК1174,5963
333543,Диспетчерский контроль,Состояние фазы,"1051-1.1.380.1.",ОЗК приточн.щит. ПК28 закр.,5963
333642,Диспетчерский контроль,Состояние насоса,"1051-1.1.378.4.",Н2 ПК1050,5963
333777,Диспетчерский контроль,Состояние фазы,"1051-1.1.375.1.",ОЗК В17 ПК1195 закр.,5963
333763,Диспетчерский контроль,Состояние фазы,"1051-1.1.372.2.",РО18 ПК1153,5963
333750,Диспетчерский контроль,Состояние вентилятора,"1051-1.1.369.3.",В14 ПК1111,5963
333730,Диспетчерский контроль,Состояние фазы,"1051-1.1.366.2.",АВР вв.2 ф.2 до АВ ПК1089,5963
333711,Диспетчерский контроль,Состояние фазы,"1051-1.1.363.1.",ППУ ввод А ПК1089,5963
333688,Диспетчерский контроль,Состояние фазы,"1051-1.1.359.4.",ФВ4 ПК1089,5963
333672,Диспетчерский контроль,Переключатель,"1051-1.1.356.8.",Управление ФРО1 ПК1089,5963
333656,Диспетчерский контроль,Состояние фазы,"1051-1.1.353.1.",ОЗК В13 ПК1088 закр.,5963
333649,Диспетчерский контроль,Переключатель,"1051-1.1.351.8.",Управление В13 ПК1088,5963
333635,Диспетчерский контроль,Переключатель,"1051-1.1.349.7.",Управление ОЗК В11 ПК1045,5963
333625,Диспетчерский контроль,Состояние фазы,"1051-1.1.347.1.",ОЗК В10 ПК1025 закр.,5963
333616,Диспетчерский контроль,Состояние фазы,"1051-1.1.345.1.",ОЗК В9 ПК1002 закр.,5963
333613,Диспетчерский контроль,Переключатель,"1051-1.1.344.7.",Управление В9 ПК1002,5963
333604,Диспетчерский контроль,Переключатель,"1051-1.1.342.7.",Управление В8 ПК985,5963
333591,Диспетчерский контроль,Состояние фазы,"1051-1.1.339.1.",ОЗК В6 ПК963 закр.,5963
333587,Диспетчерский контроль,Состояние вентилятора,"1051-1.1.338.3.",В6 ПК963,5963
333574,Диспетчерский контроль,Состояние фазы,"1051-1.1.335.1.",РО7 ПК946,5963
333570,Диспетчерский контроль,Состояние фазы,"1051-1.1.334.1.",ОЗК В4 ПК909 закр.,5963
333559,Диспетчерский контроль,Переключатель,"1051-1.1.331.7.",Управление В5 ПК44 Г1 ПК15,5963
333550,Диспетчерский контроль,Состояние вентилятора,"1051-1.1.329.3.",В4 ПК29,5963
333540,Диспетчерский контроль,Состояние фазы,"1051-1.1.328.5.",Межсекционный АВ ПК28,5963
333537,Диспетчерский контроль,Состояние фазы,"1051-1.1.328.2.",АВР вв.2 ф.2 до АВ ПК28,5963
333539,Диспетчерский контроль,Состояние фазы,"1051-1.1.328.4.",АВР вв.2 АВ вкл. ПК28,5963
333533,Диспетчерский контроль,Состояние фазы,"1051-1.1.327.4.",АВР вв.1 АВ вкл. ПК28,5963
333532,Диспетчерский контроль,Состояние фазы,"1051-1.1.327.3.",АВР вв.1 ф.3 до АВ ПК28,5963
333531,Диспетчерский контроль,Состояние фазы,"1051-1.1.327.2.",АВР вв.1 ф.2 до АВ ПК28,5963
333530,Диспетчерский контроль,Состояние фазы,"1051-1.1.327.1.",АВР вв.1 ф.1 до АВ ПК28,5963
333525,Диспетчерский контроль,Состояние фазы,"1051-1.1.326.4.",ФР3 ПК28,5963
333524,Диспетчерский контроль,Состояние фазы,"1051-1.1.326.2.",ФАО1 ПК28,5963
333527,Диспетчерский контроль,Переключатель,"1051-1.1.326.8.",Управление ФР3 ПК28,5963
333545,Диспетчерский контроль,Переключатель,"1051-1.1.380.7.",Управление ОЗК приточн.щит. ПК28,5963
333641,Диспетчерский контроль,Состояние насоса,"1051-1.1.378.1.",Н1 ПК1050,5963
333774,Диспетчерский контроль,Переключатель,"1051-1.1.374.7.",Управление ОЗК В16 ПК1172,5963
333762,Диспетчерский контроль,Состояние фазы,"1051-1.1.372.1.",РО17 ПК1153,5963
333751,Диспетчерский контроль,Переключатель,"1051-1.1.369.7.",Управление В14 ПК1111,5963
333729,Диспетчерский контроль,Состояние фазы,"1051-1.1.366.1.",АВР вв.2 ф.1 до АВ ПК1089,5963
333702,Диспетчерский контроль,Переключатель,"1051-1.1.361.8.",Управление ФВ1 ПК1089,5963
333689,Диспетчерский контроль,Переключатель,"1051-1.1.359.7.",Управление ФТС3 ПК1089,5963
333675,Диспетчерский контроль,Состояние фазы,"1051-1.1.357.2.",ФАНС2 ПК1089,5963
333664,Диспетчерский контроль,Состояние фазы,"1051-1.1.355.4.",ФТС2 ПК1089,5963
333657,Диспетчерский контроль,Переключатель,"1051-1.1.353.7.",Управление ОЗК В13 ПК1088,5963
333648,Диспетчерский контроль,Переключатель,"1051-1.1.351.7.",Управление В12 ПК1086,5963
333544,Диспетчерский контроль,Состояние фазы,"1051-1.1.380.3.",ОЗК Вщ ПК28 закр.,5963
333785,Диспетчерский контроль,Состояние насоса,"1051-1.1.377.1.",Н3 ПК1195,5963
333773,Диспетчерский контроль,Состояние фазы,"1051-1.1.374.1.",ОЗК В16 ПК1172 закр.,5963
333759,Диспетчерский контроль,Переключатель,"1051-1.1.371.7.",Управление ОЗК В15 ПК1153,5963
333746,Диспетчерский контроль,Состояние насоса,"1051-1.1.368.1.",Н3 ПК1090,5963
333732,Диспетчерский контроль,Состояние фазы,"1051-1.1.366.4.",АВР вв.2 АВ вкл. ПК1089,5963
333717,Диспетчерский контроль,Состояние фазы,"1051-1.1.364.2.",ФАО1 ПК1089,5963
333693,Диспетчерский контроль,Состояние фазы,"1051-1.1.360.2.",ФВ3 ПК1089,5963
333690,Диспетчерский контроль,Переключатель,"1051-1.1.359.8.",Управление ФВ4 ПК1089,5963
333663,Диспетчерский контроль,Состояние фазы,"1051-1.1.355.2.",ФТС1 ПК1089,5963
333652,Диспетчерский контроль,Состояние фазы,"1051-1.1.352.1.",ОЗК В12 ПК1086 закр.,5963
333629,Диспетчерский контроль,Состояние фазы,"1051-1.1.348.1.",РО12 ПК1045,5963
333620,Диспетчерский контроль,Состояние фазы,"1051-1.1.346.1.",РО11 ПК1025,5963
333617,Диспетчерский контроль,Переключатель,"1051-1.1.345.7.",Управление ОЗК В9 ПК1002,5963
333607,Диспетчерский контроль,Состояние фазы,"1051-1.1.343.1.",ОЗК В8 ПК985 закр.,5963
333600,Диспетчерский контроль,Переключатель,"1051-1.1.341.7.",Управление ОЗК В7 ПК981,5963
333592,Диспетчерский контроль,Переключатель,"1051-1.1.339.7.",Управление ОЗК В6 ПК963,5963
333583,Диспетчерский контроль,Состояние фазы,"1051-1.1.337.1.",РО8 ПК961,5963
333575,Диспетчерский контроль,Состояние вентилятора,"1051-1.1.335.3.",В5 ПК946,5963
333562,Диспетчерский контроль,Состояние фазы,"1051-1.1.332.1.",ОЗК В5 ПК44 Г1 ПК14 закр.,5963
333554,Диспетчерский контроль,Состояние фазы,"1051-1.1.330.1.",ОЗК В4 ПК29 закр.,5963
333551,Диспетчерский контроль,Переключатель,"1051-1.1.329.7.",Управление В4 ПК29,5963
333538,Диспетчерский контроль,Состояние фазы,"1051-1.1.328.3.",АВР вв.2 ф.3 до АВ ПК28,5963
333536,Диспетчерский контроль,Состояние фазы,"1051-1.1.328.1.",АВР вв.2 ф.1 до АВ ПК28,5963
333546,Диспетчерский контроль,Переключатель,"1051-1.1.380.8.",Управление ОЗК Вщ ПК28,5963
333786,Диспетчерский контроль,Состояние вентилятора,"1051-1.1.377.5.",В17 ПК1195,5963
333770,Диспетчерский контроль,Переключатель,"1051-1.1.373.7.",Управление В16 ПК1172,5963
333758,Диспетчерский контроль,Состояние фазы,"1051-1.1.371.1.",ОЗК В15 ПК1153 закр.,5963
333743,Диспетчерский контроль,Состояние насоса,"1051-1.1.367.4.",Н2 ПК1090,5963
333726,Диспетчерский контроль,Состояние фазы,"1051-1.1.365.4.",АВР вв.1 АВ вкл. ПК1089,5963
333719,Диспетчерский контроль,Переключатель,"1051-1.1.364.7.",Управление ФАО1 ПК1089,5963
333694,Диспетчерский контроль,Состояние фазы,"1051-1.1.360.4.",ФВ2 ПК1089,5963
333681,Диспетчерский контроль,Состояние фазы,"1051-1.1.358.2.",ФАНС1 ПК1089,5963
333677,Диспетчерский контроль,Переключатель,"1051-1.1.357.7.",Управление ФАНС2 ПК1089,5963
333666,Диспетчерский контроль,Переключатель,"1051-1.1.355.8.",Управление ФТС2 ПК1089,5963
333653,Диспетчерский контроль,Переключатель,"1051-1.1.352.7.",Управление ОЗК В12 ПК1086,5963
333645,Диспетчерский контроль,Состояние фазы,"1051-1.1.351.1.",РО14 ПК1086,5963
333630,Диспетчерский контроль,Состояние вентилятора,"1051-1.1.348.3.",В11 ПК1045,5963
333621,Диспетчерский контроль,Состояние вентилятора,"1051-1.1.346.3.",В10 ПК1025,5963
333611,Диспетчерский контроль,Состояние фазы,"1051-1.1.344.1.",РО10 ПК1002,5963
333608,Диспетчерский контроль,Переключатель,"1051-1.1.343.7.",Управление ОЗК В8 ПК985,5963
333595,Диспетчерский контроль,Состояние вентилятора,"1051-1.1.340.2.",В7 ПК981,5963
333586,Диспетчерский контроль,Состояние фазы,"1051-1.1.338.1.",РО9 ПК963,5963
333579,Диспетчерский контроль,Состояние фазы,"1051-1.1.336.1.",ОЗК В5 ПК946 закр.,5963
333576,Диспетчерский контроль,Переключатель,"1051-1.1.335.7.",Управление В5 ПК946,5963
333563,Диспетчерский контроль,Переключатель,"1051-1.1.332.7.",Управление ОЗК В5 ПК44 Г1 ПК14,5963
333555,Диспетчерский контроль,Переключатель,"1051-1.1.330.7.",Управление ОЗК В4 ПК29,5963
333526,Диспетчерский контроль,Переключатель,"1051-1.1.326.7.",Управление ФАО1 ПК28,5963
333520,Диспетчерский контроль,Состояние фазы,"1051-1.1.325.4.",ФАО2 ПК28,5963
333521,Диспетчерский контроль,Переключатель,"1051-1.1.325.7.",Управление ФАО2 ПК28,5963
333519,Диспетчерский контроль,Состояние фазы,"1051-1.1.325.2.",ППУ ввод Б ПК28,5963
333518,Диспетчерский контроль,Состояние фазы,"1051-1.1.325.1.",ППУ ввод А ПК28,5963
333513,Диспетчерский контроль,Состояние фазы,"1051-1.1.324.4.",ФВР2 ПК28,5963
333512,Диспетчерский контроль,Состояние фазы,"1051-1.1.324.2.",ФВР1 ПК28,5963
333515,Диспетчерский контроль,Переключатель,"1051-1.1.324.8.",Управление ФВР2 ПК28,5963
333514,Диспетчерский контроль,Переключатель,"1051-1.1.324.7.",Управление ФВР1 ПК28,5963
333506,Диспетчерский контроль,Состояние фазы,"1051-1.1.323.2.",ФТС3 ПК28,5963
333507,Диспетчерский контроль,Состояние фазы,"1051-1.1.323.4.",ФВ4 ПК28,5963
333508,Диспетчерский контроль,Переключатель,"1051-1.1.323.7.",Управление ФТС3 ПК28,5963
333509,Диспетчерский контроль,Переключатель,"1051-1.1.323.8.",Управление ФВ4 ПК28,5963
333500,Диспетчерский контроль,Состояние фазы,"1051-1.1.322.2.",ФР2 ПК28,5963
333501,Диспетчерский контроль,Состояние фазы,"1051-1.1.322.4.",ФВ3 ПК28,5963
333502,Диспетчерский контроль,Переключатель,"1051-1.1.322.7.",Управление ФР2 ПК28,5963
333503,Диспетчерский контроль,Переключатель,"1051-1.1.322.8.",Управление ФВ3 ПК28,5963
333495,Диспетчерский контроль,Состояние фазы,"1051-1.1.321.4.",ФВ2 ПК28,5963
333497,Диспетчерский контроль,Переключатель,"1051-1.1.321.8.",Управление ФВ2 ПК28,5963
333494,Диспетчерский контроль,Состояние вентилятора,"1051-1.1.321.2.",Вщ ПК28,5963
333496,Диспетчерский контроль,Переключатель,"1051-1.1.321.7.",Управление Вщ ПК28,5963
333488,Диспетчерский контроль,Состояние фазы,"1051-1.1.320.2.",ФР1 ПК28,5963
333489,Диспетчерский контроль,Состояние фазы,"1051-1.1.320.4.",ФВ1 ПК28,5963
333490,Диспетчерский контроль,Переключатель,"1051-1.1.320.7.",Управление ФР1 ПК28,5963
333491,Диспетчерский контроль,Переключатель,"1051-1.1.320.8.",Управление ФВ1 ПК28,5963
333482,Диспетчерский контроль,Состояние фазы,"1051-1.1.319.2.",ФТС2 ПК28,5963
333483,Диспетчерский контроль,Состояние фазы,"1051-1.1.319.4.",ФАНС ПК28,5963
333484,Диспетчерский контроль,Переключатель,"1051-1.1.319.7.",Управление ФТС2 ПК28,5963
333485,Диспетчерский контроль,Переключатель,"1051-1.1.319.8.",Управление ФАНС ПК28,5963
333477,Диспетчерский контроль,Состояние фазы,"1051-1.1.318.4.",ФТС1 ПК28,5963
333476,Диспетчерский контроль,Состояние фазы,"1051-1.1.318.2.",ФРО3 ПК28,5963
333479,Диспетчерский контроль,Переключатель,"1051-1.1.318.8.",Управление ФТС1 ПК28,5963
333478,Диспетчерский контроль,Переключатель,"1051-1.1.318.7.",Управление ФРО3 ПК28,5963
333471,Диспетчерский контроль,Состояние фазы,"1051-1.1.317.4.",ФРО2 ПК28,5963
333470,Диспетчерский контроль,Состояние фазы,"1051-1.1.317.2.",ФРО1 ПК28,5963
333473,Диспетчерский контроль,Переключатель,"1051-1.1.317.8.",Управление ФРО2 ПК28,5963
333472,Диспетчерский контроль,Переключатель,"1051-1.1.317.7.",Управление ФРО1 ПК28,5963
333467,Диспетчерский контроль,Состояние фазы,"1051-1.1.316.1.",РО2 ПК28,5963
333459,Диспетчерский контроль,Состояние вентилятора,"1051-1.1.314.2.",В3 ПК10,5963
333464,Диспетчерский контроль,Переключатель,"1051-1.1.315.7.",Управление ОЗК В3 ПК11,5963
333460,Диспетчерский контроль,Переключатель,"1051-1.1.314.7.",Управление В3 ПК10,5963
333455,Диспетчерский контроль,Состояние фазы,"1051-1.1.313.1.",ОЗК В2 ПК10 закр.,5963
333456,Диспетчерский контроль,Переключатель,"1051-1.1.313.7.",Управление ОЗК В2 ПК10,5963
333450,Диспетчерский контроль,Состояние фазы,"1051-1.1.312.1.",РО1 ПК11,5963
333451,Диспетчерский контроль,Состояние вентилятора,"1051-1.1.312.3.",В2 ПК11,5963
333452,Диспетчерский контроль,Переключатель,"1051-1.1.312.7.",Управление В2 ПК11,5963
333446,Диспетчерский контроль,Состояние фазы,"1051-1.1.311.1.",ОЗК В1 ПК0 закр.,5963
333447,Диспетчерский контроль,Переключатель,"1051-1.1.311.7.",Управление ОЗК В1 ПК0,5963
333442,Диспетчерский контроль,Состояние вентилятора,"1051-1.1.310.2.",В1 ПК0,5963
333443,Диспетчерский контроль,Переключатель,"1051-1.1.310.7.",Управление В1 ПК0,5963
333439,Диспетчерский контроль,Состояние насоса,"1051-1.1.309.1.",Н3 ПК0,5963
333436,Диспетчерский контроль,Состояние насоса,"1051-1.1.308.4.",Н2 ПК0,5963
333435,Диспетчерский контроль,Состояние насоса,"1051-1.1.308.1.",Н1 ПК0,5963
333432,Диспетчерский контроль,Состояние фазы,"1051-1.1.307.1.",РО6 ПК909,5963
333425,Диспетчерский контроль,Переключатель,"1051-1.1.305.7.",Управление В3 ПК906,5963
333420,Диспетчерский контроль,Состояние фазы,"1051-1.1.304.1.",ОЗК В2 ПК885 закр.,5963
333421,Диспетчерский контроль,Переключатель,"1051-1.1.304.7.",Управление ОЗК В2 ПК885,5963
333415,Диспетчерский контроль,Состояние фазы,"1051-1.1.303.1.",РО5 ПК885,5963
333416,Диспетчерский контроль,Состояние вентилятора,"1051-1.1.303.3.",В2 ПК885,5963
333417,Диспетчерский контроль,Переключатель,"1051-1.1.303.7.",Управление В2 ПК885,5963
333412,Диспетчерский контроль,Переключатель,"1051-1.1.302.7.",Управление ОЗК В1 ПК867,5963
333411,Диспетчерский контроль,Состояние фазы,"1051-1.1.302.1.",ОЗК В1 ПК867 закр.,5963
333406,Диспетчерский контроль,Состояние фазы,"1051-1.1.301.1.",РО4 ПК867,5963
333408,Диспетчерский контроль,Переключатель,"1051-1.1.301.7.",Управление В1 ПК867,5963
333407,Диспетчерский контроль,Состояние вентилятора,"1051-1.1.301.3.",В1 ПК867,5963
331494,Газовая охрана,Газовый датчик,"1044-1.1.625.1.",ГАЗ Д25 ПК1156,5963
331489,Газовая охрана,Газовый датчик,"1044-1.1.624.1.",ГАЗ Д24 ПК1139,5963
331484,Газовая охрана,Газовый датчик,"1044-1.1.623.1.",ГАЗ Д23 ПК1136,5963
331479,Газовая охрана,Газовый датчик,"1044-1.1.622.1.",ГАЗ Д22 ПК1108,5963
331474,Газовая охрана,Газовый датчик,"1044-1.1.621.1.",ГАЗ Д21 ПК1067,5963
331469,Газовая охрана,Газовый датчик,"1044-1.1.620.1.",ГАЗ Д20 ПК1064,5963
331464,Газовая охрана,Газовый датчик,"1044-1.1.619.1.",ГАЗ Д19 ПК1050 Г1 ПК2,5963
331459,Газовая охрана,Газовый датчик,"1044-1.1.618.1.",ГАЗ Д18 ПК1050 Г1 ПК17,5963
331454,Газовая охрана,Газовый датчик,"1044-1.1.617.1.",ГАЗ Д17 ПК1044,5963
331449,Газовая охрана,Газовый датчик,"1044-1.1.616.1.",ГАЗ Д16 ПК1025,5963
331444,Газовая охрана,Газовый датчик,"1044-1.1.615.1.",ГАЗ Д15 ПК999,5963
331439,Газовая охрана,Газовый датчик,"1044-1.1.614.1.",ГАЗ Д14 ПК968,5963
331434,Газовая охрана,Газовый датчик,"1044-1.1.613.1.",ГАЗ Д13 ПК947,5963
331429,Газовая охрана,Газовый датчик,"1044-1.1.612.1.",ГАЗ Д12 ПК937,5963
331424,Газовая охрана,Газовый датчик,"1044-1.1.611.1.",ГАЗ Д11 ПК933,5963
331419,Газовая охрана,Газовый датчик,"1044-1.1.610.1.",ГАЗ Д10 ПК929,5963
331414,Газовая охрана,Газовый датчик,"1044-1.1.609.1.",ГАЗ Д9 ПК52,5963
331409,Газовая охрана,Газовый датчик,"1044-1.1.608.1.",ГАЗ Д8 ПК44 Г1 ПК12,5963
331404,Газовая охрана,Газовый датчик,"1044-1.1.607.1.",ГАЗ Д7 ПК28,5963
331399,Газовая охрана,Газовый датчик,"1044-1.1.606.1.",ГАЗ Д6 ПК2,5963
331394,Газовая охрана,Газовый датчик,"1044-1.1.605.1.",ГАЗ Д5 ПК0 Г0 ПК1,5963
331389,Газовая охрана,Газовый датчик,"1044-1.1.604.1.",ГАЗ Д4 ПК907,5963
331384,Газовая охрана,Газовый датчик,"1044-1.1.603.1.",ГАЗ Д3 ПК889,5963
331379,Газовая охрана,Газовый датчик,"1044-1.1.602.1.",ГАЗ Д2 ПК871,5963
331374,Газовая охрана,Газовый датчик,"1044-1.1.601.1.",ГАЗ Д1 ПК866,5963
333599,Диспетчерский контроль,Состояние фазы,"1051-1.1.341.1.",ОЗК В7 ПК981 закр.,5963
333580,Диспетчерский контроль,Переключатель,"1051-1.1.336.7.",Управление ОЗК В5 ПК946,5963
333566,Диспетчерский контроль,Состояние вентилятора,"1051-1.1.333.3.",В4 ПК909,5963
333567,Диспетчерский контроль,Переключатель,"1051-1.1.333.7.",Управление В4 ПК909,5963
333429,Диспетчерский контроль,Переключатель,"1051-1.1.306.7.",Управление ОЗК В3 ПК906,5963
333428,Диспетчерский контроль,Состояние фазы,"1051-1.1.306.1.",ОЗК В3 ПК906 закр.,5963
333424,Диспетчерский контроль,Состояние вентилятора,"1051-1.1.305.3.",В3 ПК906,5963
333463,Диспетчерский контроль,Состояние фазы,"1051-1.1.315.1.",ОЗК В3 ПК11 закр.,5963
333718,Диспетчерский контроль,Состояние фазы,"1051-1.1.364.4.",ФР3 ПК1089,5963
333720,Диспетчерский контроль,Переключатель,"1051-1.1.364.8.",Управление ФР3 ПК1089,5963
333699,Диспетчерский контроль,Состояние фазы,"1051-1.1.361.2.",ФР2 ПК1089,5963
333701,Диспетчерский контроль,Переключатель,"1051-1.1.361.7.",Управление ФР2 ПК1089,5963
333676,Диспетчерский контроль,Состояние фазы,"1051-1.1.357.4.",ФАНС3 ПК1089,5963
333678,Диспетчерский контроль,Переключатель,"1051-1.1.357.8.",Управление ФАНС3 ПК1089,5963
333707,Диспетчерский контроль,Переключатель,"1051-1.1.362.7.",Управление ФВР1 ПК1089,5963
333708,Диспетчерский контроль,Переключатель,"1051-1.1.362.8.",Управление ФВР2 ПК1089,5963
333705,Диспетчерский контроль,Состояние фазы,"1051-1.1.362.2.",ФВР1 ПК1089,5963
333706,Диспетчерский контроль,Состояние фазы,"1051-1.1.362.4.",ФВР2 ПК1089,5963
333403,Охранная подсистема,КД Дверь,"1044-1.1.202.4.",КД шкаф ПК864 ШВН-1,5966
330708,Охранная подсистема,КД Дверь,"1044-1.1.240.3.",КД шкаф ПК1195 ШВН-24,5966
330694,Охранная подсистема,КД Дверь,"1044-1.1.239.3.",КД шкаф ПК1171 ШВН-23,5966
330668,Охранная подсистема,КД Дверь,"1044-1.1.237.3.",КД шкаф ПК1153 ур.3 ШВН-22,5966
330655,Охранная подсистема,КД Дверь,"1044-1.1.236.1.",КД шкаф ПК1138 ШВН-21,5966
330643,Охранная подсистема,КД Дверь,"1044-1.1.235.3.",КД шкаф ПК1111 ШВН-20,5966
330591,Охранная подсистема,КД Дверь,"1044-1.1.231.3.",КД шкаф ПК1087 ШВН-19,5966
330578,Охранная подсистема,КД Дверь,"1044-1.1.229.2.",КД шкаф ПК1065 ШВН-18,5966
330565,Охранная подсистема,КД Дверь,"1044-1.1.228.3.",КД шкаф ШВН-25 ДП,5966
330564,Охранная подсистема,КД Дверь,"1044-1.1.228.2.","КД шкаф ПС, ДУ ДП",5966
330563,Охранная подсистема,КД Дверь,"1044-1.1.228.1.","КД шкаф ОС, АКМ ДП",5966
330567,Диагностическая подсистема,ИБП,"1044-1.1.228.6.","ИБП питание от батарей шкаф ПС, ДУ ДП",5966
330566,Диагностическая подсистема,ИБП,"1044-1.1.228.4.","ИБП питание от батарей шкаф ОС, АКМ ДП",5966
330554,Охранная подсистема,КД Дверь,"1044-1.1.227.3.",КД шкаф ПК1050 Г1 ПК0 ШВН-17,5966
330543,Охранная подсистема,КД Дверь,"1044-1.1.226.3.",КД шкаф ПК1050 Г1 ПК19 ШВН-16,5966
330529,Охранная подсистема,КД Дверь,"1044-1.1.225.3.",КД шкаф ПК1045 ШВН-15,5966
330514,Охранная подсистема,КД Дверь,"1044-1.1.224.3.",КД шкаф ПК1025 ШВН-14,5966
330486,Охранная подсистема,КД Дверь,"1044-1.1.223.3.",КД шкаф ПК1002 ШВН-13,5966
330473,Охранная подсистема,КД Дверь,"1044-1.1.222.3.",КД шкаф ПК984 ШВН-12,5966
330448,Охранная подсистема,КД Дверь,"1044-1.1.220.3.",КД шкаф ПК963 ШВН-11,5966
330433,Охранная подсистема,КД Дверь,"1044-1.1.218.3.",КД шкаф ПК946 ШВН-10,5966
330412,Охранная подсистема,КД Дверь,"1044-1.1.216.3.",КД шкаф ПК929 ШВН-9,5966
330389,Охранная подсистема,КД Дверь,"1044-1.1.214.3.",КД шкаф ПК54 ШВН-8,5966
330378,Охранная подсистема,КД Дверь,"1044-1.1.213.3.",КД шкаф ПК44 Г1 ПК8 ШВН-7,5966
330352,Охранная подсистема,КД Дверь,"1044-1.1.211.4.",КД шкаф ПК29 ШВН-6,5966
330329,Охранная подсистема,КД Дверь,"1044-1.1.210.4.","КД шкаф ПК28 ПС, ДУ",5966
330326,Охранная подсистема,КД Дверь,"1044-1.1.210.1.","КД шкаф ПК28 ОС, АКМ",5966
330332,Охранная подсистема,КД Дверь,"1044-1.1.210.9.",КД шкаф ПК28 ДУ,5966
330331,Диагностическая подсистема,ИБП,"1044-1.1.210.7.","ИБП питание от батарей ПК28 шкаф ПС, ДУ",5966
330330,Диагностическая подсистема,ИБП,"1044-1.1.210.5.","ИБП питание от батарей ПК28 шкаф ОС, АКМ",5966
330317,Охранная подсистема,КД Дверь,"1044-1.1.209.8.",КД шкаф ПК10 ШВН-5,5966
330288,Охранная подсистема,КД Дверь,"1044-1.1.207.7.",КД шкаф ПК0 ШВН-4,5966
330264,Охранная подсистема,КД Дверь,"1044-1.1.205.7.",КД шкаф ПК907 ШВН-3,5966
330237,Охранная подсистема,КД Дверь,"1044-1.1.203.6.",КД шкаф ПК885 ШВН-2,5966
330605,Охранная подсистема,КД Дверь,"1044-1.1.232.1.","КД шкаф ПК1089 ОС, АКМ",5966
330611,Охранная подсистема,КД Дверь,"1044-1.1.232.9.",КД шкаф ПК1089 ДУ,5966
330609,Диагностическая подсистема,ИБП,"1044-1.1.232.5.","ИБП питание от батарей ПК1089 шкаф ПС, ДУ",5966
330610,Диагностическая подсистема,ИБП,"1044-1.1.232.7.","ИБП питание от батарей ПК1089 шкаф ОС, АКМ",5966
330608,Охранная подсистема,КД Дверь,"1044-1.1.232.4.","КД шкаф ПК1089 ПС, ДУ",5966
95914,Охранная подсистема,КД Дверь,"264-4.1.124.1.",КД шкаф ОПС ДП,5966
